/*
 Navicat Premium Dump SQL

 Source Server         : 嘉成知识库
 Source Server Type    : MySQL
 Source Server Version : 80046 (8.0.46-0ubuntu0.22.04.3)
 Source Host           : 192.168.30.193:3306
 Source Schema         : knowledge_base

 Target Server Type    : MySQL
 Target Server Version : 80046 (8.0.46-0ubuntu0.22.04.3)
 File Encoding         : 65001

 Date: 13/07/2026 09:53:27
*/

SET NAMES utf8mb4;
SET FOREIGN_KEY_CHECKS = 0;

-- ----------------------------
-- Table structure for alembic_version
-- ----------------------------
DROP TABLE IF EXISTS `alembic_version`;
CREATE TABLE `alembic_version`  (
  `version_num` varchar(32) CHARACTER SET utf8mb4 COLLATE utf8mb4_unicode_ci NOT NULL,
  PRIMARY KEY (`version_num`) USING BTREE
) ENGINE = InnoDB CHARACTER SET = utf8mb4 COLLATE = utf8mb4_unicode_ci ROW_FORMAT = Dynamic;

-- ----------------------------
-- Records of alembic_version
-- ----------------------------
INSERT INTO `alembic_version` VALUES ('q7r8s9t0u1v2');

-- ----------------------------
-- Table structure for api_keys
-- ----------------------------
DROP TABLE IF EXISTS `api_keys`;
CREATE TABLE `api_keys`  (
  `id` int NOT NULL AUTO_INCREMENT,
  `name` varchar(100) CHARACTER SET utf8mb4 COLLATE utf8mb4_unicode_ci NOT NULL,
  `key` varchar(64) CHARACTER SET utf8mb4 COLLATE utf8mb4_unicode_ci NOT NULL,
  `owner_id` int NOT NULL,
  `is_active` tinyint(1) NOT NULL DEFAULT 1,
  `created_at` datetime NOT NULL,
  `last_used_at` datetime NULL DEFAULT NULL,
  `allowed_kb_ids` varchar(500) CHARACTER SET utf8mb4 COLLATE utf8mb4_unicode_ci NULL DEFAULT NULL,
  `rate_limit_per_min` int NOT NULL DEFAULT 60,
  PRIMARY KEY (`id`) USING BTREE,
  UNIQUE INDEX `uq_api_keys_key`(`key` ASC) USING BTREE,
  INDEX `fk_api_keys_owner`(`owner_id` ASC) USING BTREE,
  CONSTRAINT `fk_api_keys_owner` FOREIGN KEY (`owner_id`) REFERENCES `users` (`id`) ON DELETE RESTRICT ON UPDATE RESTRICT
) ENGINE = InnoDB AUTO_INCREMENT = 2 CHARACTER SET = utf8mb4 COLLATE = utf8mb4_unicode_ci ROW_FORMAT = Dynamic;

-- ----------------------------
-- Records of api_keys
-- ----------------------------
INSERT INTO `api_keys` VALUES (1, '老张', 'd164436ad25861ba8d762d45bf313b6d2bdb4feddb5f0315a1dd310eded41ce9', 1, 1, '2026-06-10 11:50:16', NULL, '[3, 2, 1]', 100);

-- ----------------------------
-- Table structure for approvals
-- ----------------------------
DROP TABLE IF EXISTS `approvals`;
CREATE TABLE `approvals`  (
  `id` int NOT NULL AUTO_INCREMENT,
  `file_id` int NOT NULL,
  `status` enum('pending','approved','rejected') CHARACTER SET utf8mb4 COLLATE utf8mb4_unicode_ci NOT NULL DEFAULT 'pending',
  `requester_note` text CHARACTER SET utf8mb4 COLLATE utf8mb4_unicode_ci NULL,
  `reviewer_id` int NULL DEFAULT NULL,
  `reviewer_note` text CHARACTER SET utf8mb4 COLLATE utf8mb4_unicode_ci NULL,
  `created_at` datetime NOT NULL,
  `reviewed_at` datetime NULL DEFAULT NULL,
  PRIMARY KEY (`id`) USING BTREE,
  INDEX `ix_approvals_status`(`status` ASC) USING BTREE,
  INDEX `ix_approvals_file_id`(`file_id` ASC) USING BTREE,
  INDEX `fk_approvals_reviewer`(`reviewer_id` ASC) USING BTREE,
  CONSTRAINT `fk_approvals_file` FOREIGN KEY (`file_id`) REFERENCES `files` (`id`) ON DELETE RESTRICT ON UPDATE RESTRICT,
  CONSTRAINT `fk_approvals_reviewer` FOREIGN KEY (`reviewer_id`) REFERENCES `users` (`id`) ON DELETE RESTRICT ON UPDATE RESTRICT
) ENGINE = InnoDB AUTO_INCREMENT = 1 CHARACTER SET = utf8mb4 COLLATE = utf8mb4_unicode_ci ROW_FORMAT = Dynamic;

-- ----------------------------
-- Records of approvals
-- ----------------------------

-- ----------------------------
-- Table structure for conversations
-- ----------------------------
DROP TABLE IF EXISTS `conversations`;
CREATE TABLE `conversations`  (
  `id` int NOT NULL AUTO_INCREMENT,
  `user_id` int NOT NULL,
  `title` varchar(255) CHARACTER SET utf8mb4 COLLATE utf8mb4_unicode_ci NULL DEFAULT NULL,
  `created_at` datetime NOT NULL,
  PRIMARY KEY (`id`) USING BTREE,
  INDEX `ix_conversations_user_id`(`user_id` ASC) USING BTREE,
  CONSTRAINT `fk_conversations_user` FOREIGN KEY (`user_id`) REFERENCES `users` (`id`) ON DELETE RESTRICT ON UPDATE RESTRICT
) ENGINE = InnoDB AUTO_INCREMENT = 54 CHARACTER SET = utf8mb4 COLLATE = utf8mb4_unicode_ci ROW_FORMAT = Dynamic;

-- ----------------------------
-- Records of conversations
-- ----------------------------
INSERT INTO `conversations` VALUES (1, 1, '新对话', '2026-05-26 23:43:54');
INSERT INTO `conversations` VALUES (2, 1, '新对话', '2026-05-26 23:48:09');
INSERT INTO `conversations` VALUES (3, 1, '新对话', '2026-05-26 23:49:43');
INSERT INTO `conversations` VALUES (4, 1, '文件问答: logo/手机/手机版改版.png', '2026-06-05 07:58:03');
INSERT INTO `conversations` VALUES (5, 1, '当前图片叫什么 ？', '2026-06-05 07:58:03');
INSERT INTO `conversations` VALUES (6, 1, '文件问答: 美晟环境可视化平台.docx', '2026-06-05 08:01:13');
INSERT INTO `conversations` VALUES (7, 1, '我们公司对执法记录仪的需求是什么？', '2026-06-05 08:01:30');
INSERT INTO `conversations` VALUES (8, 1, '文件问答: 单兵执法仪/单兵记录仪产品调研.docx', '2026-06-05 08:07:34');
INSERT INTO `conversations` VALUES (9, 1, '公司对执法记录仪的需求是什么？', '2026-06-05 08:07:46');
INSERT INTO `conversations` VALUES (10, 1, '文件问答: 单兵执法仪/单兵记录仪产品调研.docx', '2026-06-05 08:14:31');
INSERT INTO `conversations` VALUES (11, 1, '文件问答: 美晟环境可视化平台.docx', '2026-06-05 08:16:02');
INSERT INTO `conversations` VALUES (12, 1, '文件问答: 单兵执法仪/单兵记录仪产品调研.docx', '2026-06-05 08:16:26');
INSERT INTO `conversations` VALUES (13, 1, '设备厂商有几家？', '2026-06-05 08:16:33');
INSERT INTO `conversations` VALUES (14, 1, '本合同的合同金额是多少？', '2026-06-05 10:28:55');
INSERT INTO `conversations` VALUES (15, 1, '文件问答: 美晟环境可视化平台.docx', '2026-06-05 10:32:50');
INSERT INTO `conversations` VALUES (18, 1, '本目录下面总共有多少个文件 ？', '2026-06-05 11:02:33');
INSERT INTO `conversations` VALUES (33, 1, '浙江的供应商有几个？', '2026-06-05 13:27:43');
INSERT INTO `conversations` VALUES (36, 1, '可以帮我分析一下几个厂商的优势吗', '2026-06-09 09:08:34');
INSERT INTO `conversations` VALUES (37, 1, '运维管理平台的网址是什么？', '2026-06-09 09:18:23');
INSERT INTO `conversations` VALUES (38, 1, '文章中提到了几个人 ？', '2026-06-09 09:44:53');
INSERT INTO `conversations` VALUES (39, 1, '如何启动Celery', '2026-06-10 09:07:00');
INSERT INTO `conversations` VALUES (40, 1, '单兵记录仪有几个供应商 ？', '2026-06-10 09:22:35');
INSERT INTO `conversations` VALUES (41, 1, '单兵记录仪有几个供应商 ？', '2026-06-10 09:50:32');
INSERT INTO `conversations` VALUES (42, 1, '车站级平台的网址是什么？', '2026-06-10 10:01:15');
INSERT INTO `conversations` VALUES (43, 1, '车站级平台的网址是什么？', '2026-06-10 10:07:33');
INSERT INTO `conversations` VALUES (44, 1, '车站平台的URL地址是 ？', '2026-06-10 10:10:54');
INSERT INTO `conversations` VALUES (45, 1, '这个项目名称是啥', '2026-06-10 10:11:46');
INSERT INTO `conversations` VALUES (46, 1, '生产环境如何启动uvicorn  ？', '2026-06-10 10:14:15');
INSERT INTO `conversations` VALUES (47, 1, '标书制作的自动生成方案可行吗？', '2026-06-10 10:37:45');
INSERT INTO `conversations` VALUES (48, 1, '文件问答: 《员工手册》修改(第四版)（2015 .8）.doc', '2026-06-11 11:49:02');
INSERT INTO `conversations` VALUES (49, 1, '员工入职小提交哪些资料？', '2026-06-11 11:50:08');
INSERT INTO `conversations` VALUES (50, 1, '单兵记录仪可以购买哪几个厂家的产品？', '2026-06-11 11:52:07');
INSERT INTO `conversations` VALUES (51, 1, '员工入职需要的资料 ？', '2026-06-15 11:08:54');
INSERT INTO `conversations` VALUES (52, 1, '招标书对监理工程师有啥要求？', '2026-06-25 14:17:11');
INSERT INTO `conversations` VALUES (53, 1, '有哪些品牌的单兵执法记录仪可以采购 ？', '2026-07-13 00:45:54');

-- ----------------------------
-- Table structure for crawl_jobs
-- ----------------------------
DROP TABLE IF EXISTS `crawl_jobs`;
CREATE TABLE `crawl_jobs`  (
  `id` int NOT NULL AUTO_INCREMENT,
  `url` varchar(2048) CHARACTER SET utf8mb4 COLLATE utf8mb4_unicode_ci NOT NULL,
  `title` varchar(500) CHARACTER SET utf8mb4 COLLATE utf8mb4_unicode_ci NULL DEFAULT NULL,
  `status` enum('pending','processing','completed','failed') CHARACTER SET utf8mb4 COLLATE utf8mb4_unicode_ci NOT NULL DEFAULT 'pending',
  `error` text CHARACTER SET utf8mb4 COLLATE utf8mb4_unicode_ci NULL,
  `chunk_count` int NOT NULL DEFAULT 0,
  `created_by` int NULL DEFAULT NULL,
  `created_at` datetime NOT NULL,
  PRIMARY KEY (`id`) USING BTREE,
  INDEX `fk_crawl_jobs_created_by`(`created_by` ASC) USING BTREE,
  CONSTRAINT `fk_crawl_jobs_created_by` FOREIGN KEY (`created_by`) REFERENCES `users` (`id`) ON DELETE RESTRICT ON UPDATE RESTRICT
) ENGINE = InnoDB AUTO_INCREMENT = 1 CHARACTER SET = utf8mb4 COLLATE = utf8mb4_unicode_ci ROW_FORMAT = Dynamic;

-- ----------------------------
-- Records of crawl_jobs
-- ----------------------------

-- ----------------------------
-- Table structure for departments
-- ----------------------------
DROP TABLE IF EXISTS `departments`;
CREATE TABLE `departments`  (
  `id` int NOT NULL AUTO_INCREMENT,
  `name` varchar(100) CHARACTER SET utf8mb4 COLLATE utf8mb4_unicode_ci NOT NULL,
  `parent_id` int NULL DEFAULT NULL,
  `manager_user_id` int NULL DEFAULT NULL,
  `created_at` datetime NOT NULL,
  PRIMARY KEY (`id`) USING BTREE,
  INDEX `fk_departments_parent`(`parent_id` ASC) USING BTREE,
  INDEX `fk_departments_manager`(`manager_user_id` ASC) USING BTREE,
  CONSTRAINT `fk_departments_manager` FOREIGN KEY (`manager_user_id`) REFERENCES `users` (`id`) ON DELETE RESTRICT ON UPDATE RESTRICT,
  CONSTRAINT `fk_departments_parent` FOREIGN KEY (`parent_id`) REFERENCES `departments` (`id`) ON DELETE RESTRICT ON UPDATE RESTRICT
) ENGINE = InnoDB AUTO_INCREMENT = 14 CHARACTER SET = utf8mb4 COLLATE = utf8mb4_unicode_ci ROW_FORMAT = Dynamic;

-- ----------------------------
-- Records of departments
-- ----------------------------
INSERT INTO `departments` VALUES (1, '上海四九信息科技有限公司', NULL, 1, '2026-05-22 05:10:56');
INSERT INTO `departments` VALUES (2, '上海渔业码头', NULL, NULL, '2026-05-22 05:11:07');
INSERT INTO `departments` VALUES (3, '智慧轨道', NULL, NULL, '2026-05-22 05:11:14');
INSERT INTO `departments` VALUES (4, '人力资源部', 1, 4, '2026-05-22 05:11:50');
INSERT INTO `departments` VALUES (7, '行政部', 1, 2, '2026-05-22 05:24:31');
INSERT INTO `departments` VALUES (8, '技术部', 1, 4, '2026-05-22 05:25:26');
INSERT INTO `departments` VALUES (9, '研发中心2', 8, NULL, '2026-05-22 05:25:34');
INSERT INTO `departments` VALUES (10, '技术支持部', 8, NULL, '2026-05-22 05:25:44');
INSERT INTO `departments` VALUES (11, '根部门', NULL, NULL, '2026-06-08 11:12:34');
INSERT INTO `departments` VALUES (12, '软件小组', 8, NULL, '2026-06-08 11:13:11');
INSERT INTO `departments` VALUES (13, 'AAA', NULL, 5, '2026-06-08 11:23:57');

-- ----------------------------
-- Table structure for file_access_logs
-- ----------------------------
DROP TABLE IF EXISTS `file_access_logs`;
CREATE TABLE `file_access_logs`  (
  `id` int NOT NULL AUTO_INCREMENT,
  `file_id` int NOT NULL,
  `user_id` int NOT NULL,
  `accessed_at` datetime NOT NULL,
  PRIMARY KEY (`id`) USING BTREE,
  INDEX `ix_file_access_logs_user_file`(`user_id` ASC, `file_id` ASC) USING BTREE,
  INDEX `fk_file_access_logs_file`(`file_id` ASC) USING BTREE,
  CONSTRAINT `fk_file_access_logs_file` FOREIGN KEY (`file_id`) REFERENCES `files` (`id`) ON DELETE RESTRICT ON UPDATE RESTRICT,
  CONSTRAINT `fk_file_access_logs_user` FOREIGN KEY (`user_id`) REFERENCES `users` (`id`) ON DELETE RESTRICT ON UPDATE RESTRICT
) ENGINE = InnoDB AUTO_INCREMENT = 161 CHARACTER SET = utf8mb4 COLLATE = utf8mb4_unicode_ci ROW_FORMAT = Dynamic;

-- ----------------------------
-- Records of file_access_logs
-- ----------------------------
INSERT INTO `file_access_logs` VALUES (1, 18, 1, '2026-06-05 12:49:39');
INSERT INTO `file_access_logs` VALUES (2, 18, 1, '2026-06-05 12:49:53');
INSERT INTO `file_access_logs` VALUES (3, 18, 1, '2026-06-05 12:50:06');
INSERT INTO `file_access_logs` VALUES (4, 18, 1, '2026-06-05 12:56:33');
INSERT INTO `file_access_logs` VALUES (5, 18, 1, '2026-06-05 12:56:34');
INSERT INTO `file_access_logs` VALUES (6, 19, 1, '2026-06-05 12:56:53');
INSERT INTO `file_access_logs` VALUES (7, 18, 1, '2026-06-05 12:57:13');
INSERT INTO `file_access_logs` VALUES (8, 19, 1, '2026-06-05 12:57:18');
INSERT INTO `file_access_logs` VALUES (9, 18, 1, '2026-06-05 12:57:29');
INSERT INTO `file_access_logs` VALUES (10, 22, 1, '2026-06-05 13:01:31');
INSERT INTO `file_access_logs` VALUES (11, 18, 1, '2026-06-05 13:01:48');
INSERT INTO `file_access_logs` VALUES (12, 18, 1, '2026-06-05 13:05:34');
INSERT INTO `file_access_logs` VALUES (13, 18, 1, '2026-06-05 13:06:19');
INSERT INTO `file_access_logs` VALUES (14, 23, 1, '2026-06-05 13:06:48');
INSERT INTO `file_access_logs` VALUES (15, 18, 1, '2026-06-05 13:22:38');
INSERT INTO `file_access_logs` VALUES (16, 57, 1, '2026-06-05 13:27:24');
INSERT INTO `file_access_logs` VALUES (17, 55, 1, '2026-06-05 13:27:30');
INSERT INTO `file_access_logs` VALUES (18, 36, 1, '2026-06-05 13:27:43');
INSERT INTO `file_access_logs` VALUES (19, 19, 1, '2026-06-05 13:31:40');
INSERT INTO `file_access_logs` VALUES (20, 54, 1, '2026-06-05 13:44:16');
INSERT INTO `file_access_logs` VALUES (21, 19, 2, '2026-06-09 02:23:02');
INSERT INTO `file_access_logs` VALUES (22, 2, 4, '2026-06-09 03:05:32');
INSERT INTO `file_access_logs` VALUES (23, 6, 1, '2026-06-09 08:47:14');
INSERT INTO `file_access_logs` VALUES (24, 8, 1, '2026-06-09 08:47:50');
INSERT INTO `file_access_logs` VALUES (25, 18, 1, '2026-06-09 09:04:35');
INSERT INTO `file_access_logs` VALUES (26, 2, 1, '2026-06-09 09:04:58');
INSERT INTO `file_access_logs` VALUES (27, 22, 1, '2026-06-09 09:07:50');
INSERT INTO `file_access_logs` VALUES (28, 7, 1, '2026-06-09 09:17:21');
INSERT INTO `file_access_logs` VALUES (29, 64, 1, '2026-06-09 09:33:30');
INSERT INTO `file_access_logs` VALUES (30, 64, 1, '2026-06-09 09:42:39');
INSERT INTO `file_access_logs` VALUES (31, 64, 1, '2026-06-09 09:43:58');
INSERT INTO `file_access_logs` VALUES (32, 64, 1, '2026-06-09 09:44:28');
INSERT INTO `file_access_logs` VALUES (33, 8, 1, '2026-06-09 11:24:37');
INSERT INTO `file_access_logs` VALUES (34, 8, 1, '2026-06-09 11:24:52');
INSERT INTO `file_access_logs` VALUES (35, 11, 1, '2026-06-09 11:33:35');
INSERT INTO `file_access_logs` VALUES (36, 66, 1, '2026-06-09 13:03:35');
INSERT INTO `file_access_logs` VALUES (37, 66, 1, '2026-06-09 13:04:10');
INSERT INTO `file_access_logs` VALUES (38, 66, 1, '2026-06-09 13:04:21');
INSERT INTO `file_access_logs` VALUES (39, 66, 1, '2026-06-09 13:05:42');
INSERT INTO `file_access_logs` VALUES (40, 66, 1, '2026-06-09 13:07:11');
INSERT INTO `file_access_logs` VALUES (41, 6, 1, '2026-06-09 13:07:26');
INSERT INTO `file_access_logs` VALUES (42, 66, 1, '2026-06-09 13:07:51');
INSERT INTO `file_access_logs` VALUES (43, 8, 1, '2026-06-09 13:08:12');
INSERT INTO `file_access_logs` VALUES (44, 66, 1, '2026-06-09 13:08:34');
INSERT INTO `file_access_logs` VALUES (45, 66, 1, '2026-06-09 13:11:54');
INSERT INTO `file_access_logs` VALUES (46, 66, 1, '2026-06-09 13:12:00');
INSERT INTO `file_access_logs` VALUES (47, 66, 1, '2026-06-09 13:12:03');
INSERT INTO `file_access_logs` VALUES (48, 66, 1, '2026-06-09 13:14:15');
INSERT INTO `file_access_logs` VALUES (49, 66, 1, '2026-06-09 13:24:38');
INSERT INTO `file_access_logs` VALUES (50, 66, 1, '2026-06-09 13:24:38');
INSERT INTO `file_access_logs` VALUES (51, 66, 1, '2026-06-09 13:26:12');
INSERT INTO `file_access_logs` VALUES (52, 65, 1, '2026-06-09 13:26:16');
INSERT INTO `file_access_logs` VALUES (53, 65, 1, '2026-06-09 13:26:19');
INSERT INTO `file_access_logs` VALUES (54, 66, 1, '2026-06-09 13:26:24');
INSERT INTO `file_access_logs` VALUES (55, 7, 1, '2026-06-09 13:26:33');
INSERT INTO `file_access_logs` VALUES (56, 18, 1, '2026-06-09 13:27:12');
INSERT INTO `file_access_logs` VALUES (57, 66, 1, '2026-06-10 09:06:44');
INSERT INTO `file_access_logs` VALUES (58, 65, 1, '2026-06-10 09:13:31');
INSERT INTO `file_access_logs` VALUES (59, 66, 1, '2026-06-10 09:14:07');
INSERT INTO `file_access_logs` VALUES (60, 7, 1, '2026-06-10 09:53:36');
INSERT INTO `file_access_logs` VALUES (61, 7, 1, '2026-06-10 10:10:32');
INSERT INTO `file_access_logs` VALUES (62, 11, 1, '2026-06-10 10:11:15');
INSERT INTO `file_access_logs` VALUES (63, 66, 1, '2026-06-10 10:13:44');
INSERT INTO `file_access_logs` VALUES (64, 65, 1, '2026-06-10 10:36:11');
INSERT INTO `file_access_logs` VALUES (65, 8, 1, '2026-06-10 10:36:19');
INSERT INTO `file_access_logs` VALUES (66, 10, 1, '2026-06-10 10:36:38');
INSERT INTO `file_access_logs` VALUES (67, 65, 1, '2026-06-10 11:00:51');
INSERT INTO `file_access_logs` VALUES (68, 2, 1, '2026-06-11 11:48:40');
INSERT INTO `file_access_logs` VALUES (69, 2, 1, '2026-06-11 11:50:04');
INSERT INTO `file_access_logs` VALUES (70, 21, 1, '2026-06-15 11:10:04');
INSERT INTO `file_access_logs` VALUES (71, 66, 1, '2026-06-15 11:12:06');
INSERT INTO `file_access_logs` VALUES (72, 8, 1, '2026-06-15 11:15:39');
INSERT INTO `file_access_logs` VALUES (73, 2, 7, '2026-06-16 00:56:06');
INSERT INTO `file_access_logs` VALUES (74, 50, 1, '2026-06-16 02:58:14');
INSERT INTO `file_access_logs` VALUES (75, 50, 1, '2026-06-16 02:58:44');
INSERT INTO `file_access_logs` VALUES (76, 50, 1, '2026-06-16 03:03:35');
INSERT INTO `file_access_logs` VALUES (77, 50, 1, '2026-06-16 03:03:39');
INSERT INTO `file_access_logs` VALUES (78, 19, 1, '2026-06-16 03:07:20');
INSERT INTO `file_access_logs` VALUES (79, 2, 1, '2026-06-16 03:07:30');
INSERT INTO `file_access_logs` VALUES (80, 18, 1, '2026-06-16 03:07:54');
INSERT INTO `file_access_logs` VALUES (81, 2, 1, '2026-06-16 03:08:20');
INSERT INTO `file_access_logs` VALUES (82, 20, 1, '2026-06-16 11:06:18');
INSERT INTO `file_access_logs` VALUES (83, 19, 1, '2026-06-16 11:06:32');
INSERT INTO `file_access_logs` VALUES (84, 68, 1, '2026-06-17 01:51:43');
INSERT INTO `file_access_logs` VALUES (85, 68, 1, '2026-06-17 01:52:12');
INSERT INTO `file_access_logs` VALUES (86, 18, 1, '2026-06-17 02:23:17');
INSERT INTO `file_access_logs` VALUES (87, 19, 1, '2026-06-17 02:23:21');
INSERT INTO `file_access_logs` VALUES (88, 68, 1, '2026-06-17 02:23:29');
INSERT INTO `file_access_logs` VALUES (89, 69, 1, '2026-06-17 02:28:46');
INSERT INTO `file_access_logs` VALUES (90, 68, 1, '2026-06-17 02:29:19');
INSERT INTO `file_access_logs` VALUES (91, 70, 1, '2026-06-17 02:30:39');
INSERT INTO `file_access_logs` VALUES (92, 20, 1, '2026-06-17 07:18:01');
INSERT INTO `file_access_logs` VALUES (93, 21, 1, '2026-06-17 07:18:08');
INSERT INTO `file_access_logs` VALUES (94, 22, 1, '2026-06-17 07:18:13');
INSERT INTO `file_access_logs` VALUES (95, 21, 1, '2026-06-17 07:18:17');
INSERT INTO `file_access_logs` VALUES (96, 20, 1, '2026-06-17 07:18:27');
INSERT INTO `file_access_logs` VALUES (97, 70, 1, '2026-06-17 07:25:46');
INSERT INTO `file_access_logs` VALUES (98, 68, 1, '2026-06-17 07:30:07');
INSERT INTO `file_access_logs` VALUES (99, 68, 1, '2026-06-17 07:30:18');
INSERT INTO `file_access_logs` VALUES (100, 70, 1, '2026-06-17 07:31:34');
INSERT INTO `file_access_logs` VALUES (101, 68, 1, '2026-06-17 07:39:05');
INSERT INTO `file_access_logs` VALUES (102, 72, 1, '2026-06-17 08:17:49');
INSERT INTO `file_access_logs` VALUES (103, 72, 1, '2026-06-17 08:18:47');
INSERT INTO `file_access_logs` VALUES (104, 70, 1, '2026-06-17 08:21:45');
INSERT INTO `file_access_logs` VALUES (105, 72, 1, '2026-06-17 08:23:02');
INSERT INTO `file_access_logs` VALUES (106, 72, 1, '2026-06-17 08:38:08');
INSERT INTO `file_access_logs` VALUES (107, 77, 1, '2026-06-17 08:41:11');
INSERT INTO `file_access_logs` VALUES (108, 72, 1, '2026-06-17 08:54:35');
INSERT INTO `file_access_logs` VALUES (109, 69, 1, '2026-06-17 08:55:16');
INSERT INTO `file_access_logs` VALUES (110, 72, 1, '2026-06-17 09:05:26');
INSERT INTO `file_access_logs` VALUES (111, 72, 1, '2026-06-17 09:05:26');
INSERT INTO `file_access_logs` VALUES (112, 69, 1, '2026-06-17 09:05:27');
INSERT INTO `file_access_logs` VALUES (113, 72, 1, '2026-06-17 09:05:31');
INSERT INTO `file_access_logs` VALUES (114, 72, 1, '2026-06-17 09:05:31');
INSERT INTO `file_access_logs` VALUES (115, 69, 1, '2026-06-17 09:05:31');
INSERT INTO `file_access_logs` VALUES (116, 72, 1, '2026-06-17 09:05:36');
INSERT INTO `file_access_logs` VALUES (117, 69, 1, '2026-06-17 09:05:36');
INSERT INTO `file_access_logs` VALUES (118, 72, 1, '2026-06-17 09:05:36');
INSERT INTO `file_access_logs` VALUES (119, 72, 1, '2026-06-17 09:05:43');
INSERT INTO `file_access_logs` VALUES (120, 69, 1, '2026-06-17 09:05:43');
INSERT INTO `file_access_logs` VALUES (121, 72, 1, '2026-06-17 09:05:43');
INSERT INTO `file_access_logs` VALUES (122, 72, 1, '2026-06-17 09:05:49');
INSERT INTO `file_access_logs` VALUES (123, 72, 1, '2026-06-17 09:05:49');
INSERT INTO `file_access_logs` VALUES (124, 69, 1, '2026-06-17 09:05:49');
INSERT INTO `file_access_logs` VALUES (125, 68, 1, '2026-06-17 10:13:17');
INSERT INTO `file_access_logs` VALUES (126, 104, 1, '2026-06-17 11:35:27');
INSERT INTO `file_access_logs` VALUES (127, 109, 1, '2026-06-17 13:05:28');
INSERT INTO `file_access_logs` VALUES (128, 109, 1, '2026-06-17 13:05:37');
INSERT INTO `file_access_logs` VALUES (129, 69, 1, '2026-06-17 13:09:37');
INSERT INTO `file_access_logs` VALUES (130, 6, 1, '2026-06-17 13:14:07');
INSERT INTO `file_access_logs` VALUES (131, 6, 1, '2026-06-17 13:33:07');
INSERT INTO `file_access_logs` VALUES (132, 111, 5, '2026-06-18 06:08:21');
INSERT INTO `file_access_logs` VALUES (133, 68, 1, '2026-06-18 08:43:23');
INSERT INTO `file_access_logs` VALUES (134, 68, 1, '2026-06-25 10:26:06');
INSERT INTO `file_access_logs` VALUES (135, 69, 1, '2026-06-25 10:26:14');
INSERT INTO `file_access_logs` VALUES (136, 69, 1, '2026-06-25 10:32:52');
INSERT INTO `file_access_logs` VALUES (137, 70, 1, '2026-06-25 10:32:56');
INSERT INTO `file_access_logs` VALUES (138, 68, 1, '2026-06-25 11:13:41');
INSERT INTO `file_access_logs` VALUES (139, 68, 1, '2026-06-25 12:00:22');
INSERT INTO `file_access_logs` VALUES (140, 68, 1, '2026-06-25 12:00:27');
INSERT INTO `file_access_logs` VALUES (141, 68, 1, '2026-06-25 12:00:36');
INSERT INTO `file_access_logs` VALUES (142, 68, 1, '2026-06-25 12:00:43');
INSERT INTO `file_access_logs` VALUES (143, 68, 1, '2026-06-25 12:01:01');
INSERT INTO `file_access_logs` VALUES (144, 68, 1, '2026-06-25 12:04:43');
INSERT INTO `file_access_logs` VALUES (145, 68, 1, '2026-06-25 12:04:48');
INSERT INTO `file_access_logs` VALUES (146, 68, 1, '2026-06-25 12:12:35');
INSERT INTO `file_access_logs` VALUES (147, 69, 1, '2026-06-25 12:15:09');
INSERT INTO `file_access_logs` VALUES (148, 68, 1, '2026-06-25 12:26:53');
INSERT INTO `file_access_logs` VALUES (149, 68, 1, '2026-06-25 13:26:41');
INSERT INTO `file_access_logs` VALUES (150, 68, 1, '2026-06-25 13:53:35');
INSERT INTO `file_access_logs` VALUES (151, 69, 1, '2026-06-25 13:53:42');
INSERT INTO `file_access_logs` VALUES (152, 68, 1, '2026-06-25 13:53:56');
INSERT INTO `file_access_logs` VALUES (153, 69, 1, '2026-06-25 14:10:31');
INSERT INTO `file_access_logs` VALUES (154, 68, 1, '2026-06-25 14:11:16');
INSERT INTO `file_access_logs` VALUES (155, 68, 1, '2026-06-26 00:44:10');
INSERT INTO `file_access_logs` VALUES (156, 109, 1, '2026-06-26 01:46:54');
INSERT INTO `file_access_logs` VALUES (157, 69, 1, '2026-06-26 01:47:04');
INSERT INTO `file_access_logs` VALUES (158, 19, 1, '2026-06-26 01:47:18');
INSERT INTO `file_access_logs` VALUES (159, 112, 1, '2026-07-06 13:47:39');
INSERT INTO `file_access_logs` VALUES (160, 113, 1, '2026-07-06 13:50:16');

-- ----------------------------
-- Table structure for file_comments
-- ----------------------------
DROP TABLE IF EXISTS `file_comments`;
CREATE TABLE `file_comments`  (
  `id` int NOT NULL AUTO_INCREMENT,
  `file_id` int NOT NULL,
  `user_id` int NOT NULL,
  `parent_id` int NULL DEFAULT NULL,
  `content` text CHARACTER SET utf8mb4 COLLATE utf8mb4_unicode_ci NOT NULL,
  `is_deleted` tinyint(1) NOT NULL DEFAULT 0,
  `created_at` datetime NOT NULL,
  `updated_at` datetime NOT NULL,
  PRIMARY KEY (`id`) USING BTREE,
  INDEX `fk_file_comments_file`(`file_id` ASC) USING BTREE,
  INDEX `fk_file_comments_user`(`user_id` ASC) USING BTREE,
  INDEX `fk_file_comments_parent`(`parent_id` ASC) USING BTREE,
  CONSTRAINT `fk_file_comments_file` FOREIGN KEY (`file_id`) REFERENCES `files` (`id`) ON DELETE RESTRICT ON UPDATE RESTRICT,
  CONSTRAINT `fk_file_comments_parent` FOREIGN KEY (`parent_id`) REFERENCES `file_comments` (`id`) ON DELETE RESTRICT ON UPDATE RESTRICT,
  CONSTRAINT `fk_file_comments_user` FOREIGN KEY (`user_id`) REFERENCES `users` (`id`) ON DELETE RESTRICT ON UPDATE RESTRICT
) ENGINE = InnoDB AUTO_INCREMENT = 4 CHARACTER SET = utf8mb4 COLLATE = utf8mb4_unicode_ci ROW_FORMAT = Dynamic;

-- ----------------------------
-- Records of file_comments
-- ----------------------------
INSERT INTO `file_comments` VALUES (1, 18, 1, NULL, '非常不多， 支持', 0, '2026-06-05 10:31:01', '2026-06-05 10:31:01');
INSERT INTO `file_comments` VALUES (2, 18, 1, 1, '哦哦哦', 0, '2026-06-05 10:36:36', '2026-06-05 10:36:36');
INSERT INTO `file_comments` VALUES (3, 23, 1, NULL, '非常NICE', 0, '2026-06-05 13:07:04', '2026-06-05 13:07:04');

-- ----------------------------
-- Table structure for file_favorites
-- ----------------------------
DROP TABLE IF EXISTS `file_favorites`;
CREATE TABLE `file_favorites`  (
  `id` int NOT NULL AUTO_INCREMENT,
  `file_id` int NOT NULL,
  `user_id` int NOT NULL,
  `created_at` datetime NOT NULL,
  PRIMARY KEY (`id`) USING BTREE,
  UNIQUE INDEX `uq_file_favorites_file_user`(`file_id` ASC, `user_id` ASC) USING BTREE,
  INDEX `fk_file_favorites_user`(`user_id` ASC) USING BTREE,
  CONSTRAINT `fk_file_favorites_file` FOREIGN KEY (`file_id`) REFERENCES `files` (`id`) ON DELETE RESTRICT ON UPDATE RESTRICT,
  CONSTRAINT `fk_file_favorites_user` FOREIGN KEY (`user_id`) REFERENCES `users` (`id`) ON DELETE RESTRICT ON UPDATE RESTRICT
) ENGINE = InnoDB AUTO_INCREMENT = 5 CHARACTER SET = utf8mb4 COLLATE = utf8mb4_unicode_ci ROW_FORMAT = Dynamic;

-- ----------------------------
-- Records of file_favorites
-- ----------------------------
INSERT INTO `file_favorites` VALUES (3, 22, 1, '2026-06-05 13:01:34');
INSERT INTO `file_favorites` VALUES (4, 2, 4, '2026-06-09 03:05:35');

-- ----------------------------
-- Table structure for file_likes
-- ----------------------------
DROP TABLE IF EXISTS `file_likes`;
CREATE TABLE `file_likes`  (
  `id` int NOT NULL AUTO_INCREMENT,
  `file_id` int NOT NULL,
  `user_id` int NOT NULL,
  `created_at` datetime NOT NULL,
  PRIMARY KEY (`id`) USING BTREE,
  UNIQUE INDEX `uq_file_likes_file_user`(`file_id` ASC, `user_id` ASC) USING BTREE,
  INDEX `fk_file_likes_user`(`user_id` ASC) USING BTREE,
  CONSTRAINT `fk_file_likes_file` FOREIGN KEY (`file_id`) REFERENCES `files` (`id`) ON DELETE RESTRICT ON UPDATE RESTRICT,
  CONSTRAINT `fk_file_likes_user` FOREIGN KEY (`user_id`) REFERENCES `users` (`id`) ON DELETE RESTRICT ON UPDATE RESTRICT
) ENGINE = InnoDB AUTO_INCREMENT = 3 CHARACTER SET = utf8mb4 COLLATE = utf8mb4_unicode_ci ROW_FORMAT = Dynamic;

-- ----------------------------
-- Records of file_likes
-- ----------------------------
INSERT INTO `file_likes` VALUES (1, 18, 1, '2026-06-05 10:30:40');
INSERT INTO `file_likes` VALUES (2, 19, 1, '2026-06-05 12:56:55');

-- ----------------------------
-- Table structure for file_permissions
-- ----------------------------
DROP TABLE IF EXISTS `file_permissions`;
CREATE TABLE `file_permissions`  (
  `id` int NOT NULL AUTO_INCREMENT,
  `file_id` int NOT NULL,
  `subject_type` varchar(10) CHARACTER SET utf8mb4 COLLATE utf8mb4_unicode_ci NOT NULL,
  `subject_id` int NOT NULL,
  `permission` varchar(20) CHARACTER SET utf8mb4 COLLATE utf8mb4_unicode_ci NOT NULL DEFAULT 'read',
  `created_at` datetime NOT NULL,
  PRIMARY KEY (`id`) USING BTREE,
  UNIQUE INDEX `uq_file_perm_subject`(`file_id` ASC, `subject_type` ASC, `subject_id` ASC) USING BTREE,
  CONSTRAINT `fk_file_permissions_file` FOREIGN KEY (`file_id`) REFERENCES `files` (`id`) ON DELETE RESTRICT ON UPDATE RESTRICT
) ENGINE = InnoDB AUTO_INCREMENT = 1 CHARACTER SET = utf8mb4 COLLATE = utf8mb4_unicode_ci ROW_FORMAT = Dynamic;

-- ----------------------------
-- Records of file_permissions
-- ----------------------------

-- ----------------------------
-- Table structure for file_shares
-- ----------------------------
DROP TABLE IF EXISTS `file_shares`;
CREATE TABLE `file_shares`  (
  `id` int NOT NULL AUTO_INCREMENT,
  `file_id` int NOT NULL,
  `shared_by` int NOT NULL,
  `share_token` varchar(64) CHARACTER SET utf8mb4 COLLATE utf8mb4_unicode_ci NOT NULL,
  `expires_at` datetime NULL DEFAULT NULL,
  `is_active` tinyint(1) NOT NULL DEFAULT 1,
  `created_at` datetime NOT NULL,
  `share_type` varchar(20) CHARACTER SET utf8mb4 COLLATE utf8mb4_unicode_ci NOT NULL DEFAULT 'time',
  `password_hash` varchar(128) CHARACTER SET utf8mb4 COLLATE utf8mb4_unicode_ci NULL DEFAULT NULL,
  PRIMARY KEY (`id`) USING BTREE,
  UNIQUE INDEX `uq_file_shares_token`(`share_token` ASC) USING BTREE,
  INDEX `fk_file_shares_file`(`file_id` ASC) USING BTREE,
  INDEX `fk_file_shares_shared_by`(`shared_by` ASC) USING BTREE,
  CONSTRAINT `fk_file_shares_file` FOREIGN KEY (`file_id`) REFERENCES `files` (`id`) ON DELETE RESTRICT ON UPDATE RESTRICT,
  CONSTRAINT `fk_file_shares_shared_by` FOREIGN KEY (`shared_by`) REFERENCES `users` (`id`) ON DELETE RESTRICT ON UPDATE RESTRICT
) ENGINE = InnoDB AUTO_INCREMENT = 6 CHARACTER SET = utf8mb4 COLLATE = utf8mb4_unicode_ci ROW_FORMAT = Dynamic;

-- ----------------------------
-- Records of file_shares
-- ----------------------------
INSERT INTO `file_shares` VALUES (1, 18, 1, 'x4_X7I5ukFSKhLdpydT5XenG-AwxFVhqXJw5H9JwDuDpKRp0HW96iUYF4mUuo463', '2026-06-06 10:29:58', 1, '2026-06-05 10:29:58', 'time', NULL);
INSERT INTO `file_shares` VALUES (2, 69, 1, 'chNAGxXxs2HH3JuGQaHSwaXN_EGftMr_iQi38-0xomHoCd97n23HphODkfAvFG2l', '2026-06-18 13:09:41', 1, '2026-06-17 13:09:41', 'time', NULL);
INSERT INTO `file_shares` VALUES (3, 69, 1, 'YSqk8tqWRKjhWz8iuv-Mos_DRxXAnvmuN5-SpFCsCSy-5h2J4luvSApZ8QfSD3vB', '2026-06-18 13:11:39', 1, '2026-06-17 13:11:39', 'time', NULL);
INSERT INTO `file_shares` VALUES (4, 6, 1, 'IUomdGvSv7BkafaGu4xRzKqOyZXH2YcFEJzzibG7A8i1brbbfk9UnB-c_roqjNk5', '2026-06-24 13:33:12', 1, '2026-06-17 13:33:13', 'time', NULL);
INSERT INTO `file_shares` VALUES (5, 6, 1, '3Dq1LKwp_JkMHFFjEJd3mRhPNyT3PD6EyBRtKeWvy3tiKdE4CGERFmVPlSlxyAs0', NULL, 1, '2026-06-17 13:34:01', 'password', '$2b$12$TvLcP0A4GnbUql6.q94f0Om5dwupDNpduQLaUqCZDuQhetiwus0RC');

-- ----------------------------
-- Table structure for file_summaries
-- ----------------------------
DROP TABLE IF EXISTS `file_summaries`;
CREATE TABLE `file_summaries`  (
  `id` int NOT NULL AUTO_INCREMENT,
  `file_id` int NOT NULL,
  `summary_path` varchar(500) CHARACTER SET utf8mb4 COLLATE utf8mb4_0900_ai_ci NOT NULL,
  `created_at` datetime NOT NULL,
  PRIMARY KEY (`id`) USING BTREE,
  UNIQUE INDEX `uq_file_summaries_file_id`(`file_id` ASC) USING BTREE,
  CONSTRAINT `file_summaries_ibfk_1` FOREIGN KEY (`file_id`) REFERENCES `files` (`id`) ON DELETE CASCADE ON UPDATE RESTRICT
) ENGINE = InnoDB AUTO_INCREMENT = 4 CHARACTER SET = utf8mb4 COLLATE = utf8mb4_0900_ai_ci ROW_FORMAT = Dynamic;

-- ----------------------------
-- Records of file_summaries
-- ----------------------------
INSERT INTO `file_summaries` VALUES (1, 68, '/home/shjc/uploads/summaries/summary_68.md', '2026-06-17 07:30:32');
INSERT INTO `file_summaries` VALUES (2, 70, '/home/shjc/uploads/summaries/summary_70.md', '2026-06-17 07:31:46');
INSERT INTO `file_summaries` VALUES (3, 72, '/home/shjc/uploads/summaries/summary_72.md', '2026-06-17 08:38:19');

-- ----------------------------
-- Table structure for file_tags
-- ----------------------------
DROP TABLE IF EXISTS `file_tags`;
CREATE TABLE `file_tags`  (
  `id` int NOT NULL AUTO_INCREMENT,
  `file_id` int NOT NULL,
  `name` varchar(9) CHARACTER SET utf8mb4 COLLATE utf8mb4_0900_ai_ci NOT NULL,
  `created_by` int NOT NULL,
  `created_at` datetime NOT NULL,
  PRIMARY KEY (`id`) USING BTREE,
  UNIQUE INDEX `uq_file_tags_file_name`(`file_id` ASC, `name` ASC) USING BTREE,
  INDEX `created_by`(`created_by` ASC) USING BTREE,
  INDEX `ix_file_tags_file_id`(`file_id` ASC) USING BTREE,
  CONSTRAINT `file_tags_ibfk_1` FOREIGN KEY (`file_id`) REFERENCES `files` (`id`) ON DELETE CASCADE ON UPDATE RESTRICT,
  CONSTRAINT `file_tags_ibfk_2` FOREIGN KEY (`created_by`) REFERENCES `users` (`id`) ON DELETE CASCADE ON UPDATE RESTRICT
) ENGINE = InnoDB AUTO_INCREMENT = 4 CHARACTER SET = utf8mb4 COLLATE = utf8mb4_0900_ai_ci ROW_FORMAT = Dynamic;

-- ----------------------------
-- Records of file_tags
-- ----------------------------
INSERT INTO `file_tags` VALUES (1, 68, '招标书', 1, '2026-06-17 10:13:33');
INSERT INTO `file_tags` VALUES (2, 68, '青岛地铁', 1, '2026-06-17 10:13:42');
INSERT INTO `file_tags` VALUES (3, 68, '智慧运维', 1, '2026-06-17 10:14:00');

-- ----------------------------
-- Table structure for file_wikis
-- ----------------------------
DROP TABLE IF EXISTS `file_wikis`;
CREATE TABLE `file_wikis`  (
  `id` int NOT NULL AUTO_INCREMENT,
  `file_id` int NOT NULL,
  `wiki_status` enum('pending','processing','completed','failed') CHARACTER SET utf8mb4 COLLATE utf8mb4_0900_ai_ci NOT NULL DEFAULT 'pending',
  `wiki_path` varchar(500) CHARACTER SET utf8mb4 COLLATE utf8mb4_0900_ai_ci NULL DEFAULT NULL,
  `wiki_error` text CHARACTER SET utf8mb4 COLLATE utf8mb4_0900_ai_ci NULL,
  `retry_count` int NOT NULL DEFAULT 0,
  `generated_at` datetime NULL DEFAULT NULL,
  `created_at` datetime NOT NULL,
  PRIMARY KEY (`id`) USING BTREE,
  UNIQUE INDEX `uq_file_wikis_file_id`(`file_id` ASC) USING BTREE,
  CONSTRAINT `file_wikis_ibfk_1` FOREIGN KEY (`file_id`) REFERENCES `files` (`id`) ON DELETE CASCADE ON UPDATE RESTRICT
) ENGINE = InnoDB AUTO_INCREMENT = 8 CHARACTER SET = utf8mb4 COLLATE = utf8mb4_0900_ai_ci ROW_FORMAT = Dynamic;

-- ----------------------------
-- Records of file_wikis
-- ----------------------------
INSERT INTO `file_wikis` VALUES (1, 69, 'completed', '/home/shjc/uploads/wiki/wiki_69.md', NULL, 1, '2026-06-25 14:10:56', '2026-06-25 14:10:33');
INSERT INTO `file_wikis` VALUES (2, 68, 'completed', '/home/shjc/uploads/wiki/wiki_68.md', NULL, 1, '2026-06-25 14:11:55', '2026-06-25 14:11:17');
INSERT INTO `file_wikis` VALUES (3, 112, 'completed', '/home/shjc/uploads/wiki/wiki_112.md', NULL, 0, '2026-07-06 13:19:17', '2026-07-06 13:19:08');
INSERT INTO `file_wikis` VALUES (4, 113, 'completed', '/home/shjc/uploads/wiki/wiki_113.md', NULL, 0, '2026-07-06 13:21:14', '2026-07-06 13:21:04');
INSERT INTO `file_wikis` VALUES (5, 114, 'completed', '/home/shjc/uploads/wiki/wiki_114.md', NULL, 0, '2026-07-06 13:21:35', '2026-07-06 13:21:26');
INSERT INTO `file_wikis` VALUES (7, 116, 'completed', '/home/shjc/uploads/wiki/wiki_116.md', NULL, 0, '2026-07-06 13:36:17', '2026-07-06 13:35:58');

-- ----------------------------
-- Table structure for files
-- ----------------------------
DROP TABLE IF EXISTS `files`;
CREATE TABLE `files`  (
  `id` int NOT NULL AUTO_INCREMENT,
  `name` varchar(255) CHARACTER SET utf8mb4 COLLATE utf8mb4_unicode_ci NOT NULL,
  `folder_id` int NULL DEFAULT NULL,
  `fs_path` varchar(500) CHARACTER SET utf8mb4 COLLATE utf8mb4_unicode_ci NOT NULL,
  `file_hash` varchar(64) CHARACTER SET utf8mb4 COLLATE utf8mb4_unicode_ci NULL DEFAULT NULL,
  `file_type` varchar(50) CHARACTER SET utf8mb4 COLLATE utf8mb4_unicode_ci NOT NULL,
  `file_size` bigint NOT NULL DEFAULT 0,
  `process_status` enum('pending','processing','completed','failed') CHARACTER SET utf8mb4 COLLATE utf8mb4_unicode_ci NOT NULL DEFAULT 'pending',
  `process_error` text CHARACTER SET utf8mb4 COLLATE utf8mb4_unicode_ci NULL,
  `chunk_count` int NOT NULL DEFAULT 0,
  `last_modified_at` datetime NULL DEFAULT NULL,
  `created_at` datetime NOT NULL,
  `kb_id` int NULL DEFAULT NULL,
  `kb_folder_id` int NULL DEFAULT NULL,
  `uploaded_by` int NULL DEFAULT NULL,
  `is_manual_upload` tinyint(1) NOT NULL DEFAULT 1,
  `mime_type` varchar(100) CHARACTER SET utf8mb4 COLLATE utf8mb4_unicode_ci NULL DEFAULT NULL,
  PRIMARY KEY (`id`) USING BTREE,
  UNIQUE INDEX `uq_files_fs_path`(`fs_path` ASC) USING BTREE,
  INDEX `fk_files_folder`(`folder_id` ASC) USING BTREE,
  INDEX `fk_files_kb_id`(`kb_id` ASC) USING BTREE,
  INDEX `fk_files_kb_folder`(`kb_folder_id` ASC) USING BTREE,
  INDEX `fk_files_uploaded_by`(`uploaded_by` ASC) USING BTREE,
  CONSTRAINT `fk_files_folder` FOREIGN KEY (`folder_id`) REFERENCES `folders` (`id`) ON DELETE RESTRICT ON UPDATE RESTRICT,
  CONSTRAINT `fk_files_kb_folder` FOREIGN KEY (`kb_folder_id`) REFERENCES `kb_folders` (`id`) ON DELETE RESTRICT ON UPDATE RESTRICT,
  CONSTRAINT `fk_files_kb_id` FOREIGN KEY (`kb_id`) REFERENCES `knowledge_bases` (`id`) ON DELETE RESTRICT ON UPDATE RESTRICT,
  CONSTRAINT `fk_files_uploaded_by` FOREIGN KEY (`uploaded_by`) REFERENCES `users` (`id`) ON DELETE RESTRICT ON UPDATE RESTRICT
) ENGINE = InnoDB AUTO_INCREMENT = 117 CHARACTER SET = utf8mb4 COLLATE = utf8mb4_unicode_ci ROW_FORMAT = Dynamic;

-- ----------------------------
-- Records of files
-- ----------------------------
INSERT INTO `files` VALUES (1, '1.jpg', NULL, '/home/shjc/uploads/42e29a42df994dec32ff34459467d5ee.jpg', '42e29a42df994dec32ff34459467d5ee', 'jpg', 536289, 'pending', NULL, 0, NULL, '2026-05-22 02:39:06', NULL, NULL, NULL, 1, NULL);
INSERT INTO `files` VALUES (2, '《员工手册》修改(第四版)（2015 .8）.doc', NULL, '/home/shjc/uploads/ef0733e63483c9b5850108cd92afdf08.doc', 'ef0733e63483c9b5850108cd92afdf08', 'doc', 394867, 'completed', NULL, 72, NULL, '2026-05-22 02:41:38', 3, NULL, 1, 1, NULL);
INSERT INTO `files` VALUES (3, '美晟空气质量监测平台销售合同.doc', NULL, '/home/shjc/uploads/290e75e805d82e74538675cbfcbe980f.doc', '290e75e805d82e74538675cbfcbe980f', 'doc', 63844, 'failed', 'MilvusException: <MilvusException: (code=65535, message=[__internal_register] Retry timeout: 10.0s, message=empty grpc client: failed to connect 192.168.30.189:22125, reason: context deadline exceeded)>', 0, NULL, '2026-05-22 03:08:20', NULL, NULL, NULL, 1, NULL);
INSERT INTO `files` VALUES (4, '项目验收报告（机场联络线）.doc', NULL, '/home/shjc/uploads/53aa382455692cecff18cda5b1f26178.doc', '53aa382455692cecff18cda5b1f26178', 'doc', 21504, 'failed', 'MilvusException: <MilvusException: (code=65535, message=[__internal_register] Retry timeout: 10.0s, message=empty grpc client: failed to connect 192.168.30.189:22125, reason: context deadline exceeded)>', 0, NULL, '2026-05-22 03:12:26', NULL, NULL, NULL, 1, NULL);
INSERT INTO `files` VALUES (5, 'PLM调研.docx', NULL, '/home/shjc/uploads/18481902176e721c7739a4fd6a6fb79e.docx', '18481902176e721c7739a4fd6a6fb79e', 'docx', 21690, 'failed', 'MilvusException: <MilvusException: (code=65535, message=[__internal_register] Retry timeout: 10.0s, message=empty grpc client: failed to connect 192.168.30.189:22125, reason: context deadline exceeded)>', 0, NULL, '2026-05-22 05:35:22', NULL, NULL, NULL, 1, NULL);
INSERT INTO `files` VALUES (6, '加载的数据分析.docx', NULL, '/home/shjc/uploads/b6d3aca2f1cff668ef837abd9064446c.docx', 'b6d3aca2f1cff668ef837abd9064446c', 'docx', 571811, 'completed', NULL, 21, NULL, '2026-05-22 05:40:34', 2, NULL, 1, 1, NULL);
INSERT INTO `files` VALUES (7, '智慧运维平台应用介绍(1)(2).docx', NULL, '/home/shjc/uploads/93fb4e844fba073f664614dd35c8fb2a.docx', '93fb4e844fba073f664614dd35c8fb2a', 'docx', 838845, 'completed', NULL, 9, NULL, '2026-05-22 06:02:53', 2, NULL, 1, 1, NULL);
INSERT INTO `files` VALUES (8, '企业信息化方案.docx', NULL, '/home/shjc/uploads/d1b9fbea2ae78bbb7520044cead18922.docx', 'd1b9fbea2ae78bbb7520044cead18922', 'docx', 556861, 'completed', NULL, 3, NULL, '2026-05-22 06:12:20', 2, NULL, 1, 1, NULL);
INSERT INTO `files` VALUES (9, 'A1项目申请书 (4).docx', NULL, '/home/shjc/uploads/af81f6e6df1ac8c40f4071c1fa5304db.docx', 'af81f6e6df1ac8c40f4071c1fa5304db', 'docx', 89490, 'completed', NULL, 310, NULL, '2026-05-22 06:14:20', 2, NULL, 1, 1, NULL);
INSERT INTO `files` VALUES (10, '标书智能化生成方案研究.docx', NULL, '/home/shjc/uploads/a9ece672a34ee00e50fb8f4a10f89a08.docx', 'a9ece672a34ee00e50fb8f4a10f89a08', 'docx', 57286, 'completed', NULL, 18, NULL, '2026-05-22 06:53:42', 2, NULL, 1, 1, NULL);
INSERT INTO `files` VALUES (11, '信创论证报4.docx', NULL, '/home/shjc/uploads/bdd5af3af904e0d768593c9b46fde6de.docx', 'bdd5af3af904e0d768593c9b46fde6de', 'docx', 696452, 'completed', NULL, 144, NULL, '2026-05-25 01:48:20', 2, NULL, 1, 1, NULL);
INSERT INTO `files` VALUES (12, '智慧运维平台应用介绍.docx', NULL, '/home/shjc/uploads/18803dba3f779245b0f85ea7e11e49f9.docx', '18803dba3f779245b0f85ea7e11e49f9', 'docx', 5756974, 'completed', NULL, 26, NULL, '2026-05-25 05:39:03', 2, NULL, 1, 1, NULL);
INSERT INTO `files` VALUES (18, '美晟环境可视化平台.docx', NULL, '/home/shjc/uploads/cab7c41ac524dbe19de2158425512cdf.docx', 'cab7c41ac524dbe19de2158425512cdf', 'docx', 22856, 'completed', NULL, 13, NULL, '2026-06-05 03:39:46', 3, NULL, 1, 1, NULL);
INSERT INTO `files` VALUES (19, '故障树.txt', NULL, '/home/shjc/uploads/765bb0ab046ac5a0353f60b426bc7936.txt', '765bb0ab046ac5a0353f60b426bc7936', 'txt', 879, 'completed', NULL, 1, NULL, '2026-06-05 05:18:05', 3, NULL, 1, 1, NULL);
INSERT INTO `files` VALUES (20, '单兵执法仪/J2603184138_上海嘉成智慧轨道交通发展有限公司_03已签海康章.pdf', NULL, '/home/shjc/uploads/6b8a3c2bf6d0c98da7369d4a2b452e93.pdf', '6b8a3c2bf6d0c98da7369d4a2b452e93', 'pdf', 484712, 'completed', NULL, 2, NULL, '2026-06-05 05:25:52', 3, NULL, 1, 1, NULL);
INSERT INTO `files` VALUES (21, '单兵执法仪/单兵记录仪产品调研.docx', NULL, '/home/shjc/uploads/191c943fd995f6582d6728cd12cffcba.docx', '191c943fd995f6582d6728cd12cffcba', 'docx', 1253118, 'completed', NULL, 1, NULL, '2026-06-05 05:25:52', 3, NULL, 1, 1, NULL);
INSERT INTO `files` VALUES (22, '单兵执法仪/单兵记录仪比较.xlsx', NULL, '/home/shjc/uploads/2fc1aa7a9862c4a709f78eba425daa55.xlsx', '2fc1aa7a9862c4a709f78eba425daa55', 'xlsx', 10786, 'completed', NULL, 1, NULL, '2026-06-05 05:25:52', 3, NULL, 1, 1, NULL);
INSERT INTO `files` VALUES (23, '单兵执法仪/数果-S21产品规格书.docx', NULL, '/home/shjc/uploads/7c013b20030371416bf9a813f33f401c.docx', '7c013b20030371416bf9a813f33f401c', 'docx', 72602, 'completed', NULL, 7, NULL, '2026-06-05 05:25:52', 3, NULL, 1, 1, NULL);
INSERT INTO `files` VALUES (24, '单兵执法仪/数果-询价单-可视化单兵20260118.xlsx', NULL, '/home/shjc/uploads/912e5be1fd409e8f3f448f7fad723934.xlsx', '912e5be1fd409e8f3f448f7fad723934', 'xlsx', 12986, 'completed', NULL, 1, NULL, '2026-06-05 05:25:52', 3, NULL, 1, 1, NULL);
INSERT INTO `files` VALUES (25, '单兵执法仪/海康威视-DSJ-HIKN1A1执法记录仪_操作手册_V1.0.0.pdf', NULL, '/home/shjc/uploads/a37b1ce18fc11cb0e9ce27efa0376c5b.pdf', 'a37b1ce18fc11cb0e9ce27efa0376c5b', 'pdf', 898007, 'completed', NULL, 27, NULL, '2026-06-05 05:25:52', 3, NULL, 1, 1, NULL);
INSERT INTO `files` VALUES (26, '单兵执法仪/马路诚品-指挥调度系统_(1).pdf', NULL, '/home/shjc/uploads/72fdf5ae007cc2305e4d8cae3da6a450.pdf', '72fdf5ae007cc2305e4d8cae3da6a450', 'pdf', 2120500, 'completed', NULL, 1, NULL, '2026-06-05 05:25:53', 3, NULL, 1, 1, NULL);
INSERT INTO `files` VALUES (27, '单兵执法仪/马路诚品B30参数.xlsx', NULL, '/home/shjc/uploads/6014b90e2c86705b9433514f3dadee04.xlsx', '6014b90e2c86705b9433514f3dadee04', 'xlsx', 496612, 'completed', NULL, 47, NULL, '2026-06-05 05:25:53', 3, NULL, 1, 1, NULL);
INSERT INTO `files` VALUES (28, '单兵执法仪/马路诚品使用说明.pdf', NULL, '/home/shjc/uploads/e8a11bb68748d5c683064a1dfa7a3bce.pdf', 'e8a11bb68748d5c683064a1dfa7a3bce', 'pdf', 429158, 'completed', NULL, 4, NULL, '2026-06-05 05:25:53', 3, NULL, 1, 1, NULL);
INSERT INTO `files` VALUES (34, 'ERP/2025-2026年产品支持与运维服务合同-嘉成（SPS部分）.docx', NULL, '/home/shjc/uploads/fc42480ce7c3d02b898c4d427fa85a88.docx', 'fc42480ce7c3d02b898c4d427fa85a88', 'docx', 42831, 'completed', NULL, 16, NULL, '2026-06-05 05:47:20', 3, 3, 1, 1, NULL);
INSERT INTO `files` VALUES (35, 'ERP/2025-2028年上海嘉成轨道交通安全保障系统股份公司现场服务合同.docx', NULL, '/home/shjc/uploads/2db8733cf2afb0ea0f6dbeb4940cf2c4.docx', '2db8733cf2afb0ea0f6dbeb4940cf2c4', 'docx', 40828, 'completed', NULL, 16, NULL, '2026-06-05 05:47:20', 3, 3, 1, 1, NULL);
INSERT INTO `files` VALUES (36, 'ERP/设备成套BOM.xlsx', NULL, '/home/shjc/uploads/aa7c43faa4d1db6a06bd974706b85c85.xlsx', 'aa7c43faa4d1db6a06bd974706b85c85', 'xlsx', 80362, 'completed', NULL, 241, NULL, '2026-06-05 05:47:20', 3, 3, 1, 1, NULL);
INSERT INTO `files` VALUES (42, 'webpage.txt', NULL, '/home/shjc/uploads/41411c3a8d1747e724e1d0d87932eea0.txt', '41411c3a8d1747e724e1d0d87932eea0', 'txt', 246, 'completed', NULL, 1, NULL, '2026-06-05 06:43:47', 3, NULL, 1, 1, NULL);
INSERT INTO `files` VALUES (50, 'logo/1.png', NULL, '/home/shjc/uploads/aa13a02bcc03f058fba7422b724dcce3.png', 'aa13a02bcc03f058fba7422b724dcce3', 'png', 29635, 'completed', NULL, 1, NULL, '2026-06-05 07:01:16', 3, 5, 1, 1, NULL);
INSERT INTO `files` VALUES (51, 'logo/2.png', NULL, '/home/shjc/uploads/462c39844098f4683602b4c2e4526694.png', '462c39844098f4683602b4c2e4526694', 'png', 221091, 'completed', NULL, 1, NULL, '2026-06-05 07:01:16', 3, 5, 1, 1, NULL);
INSERT INTO `files` VALUES (52, 'logo/logo.png', NULL, '/home/shjc/uploads/b270f993a18d16da3cd83d56ac63ad63.png', 'b270f993a18d16da3cd83d56ac63ad63', 'png', 41052, 'completed', NULL, 1, NULL, '2026-06-05 07:01:16', 3, 5, 1, 1, NULL);
INSERT INTO `files` VALUES (53, 'logo/logo2.png', NULL, '/home/shjc/uploads/162037616f49e214a9f0a22ef51a1b9c.png', '162037616f49e214a9f0a22ef51a1b9c', 'png', 48151, 'completed', NULL, 1, NULL, '2026-06-05 07:01:16', 3, 5, 1, 1, NULL);
INSERT INTO `files` VALUES (54, 'logo/logo3.png', NULL, '/home/shjc/uploads/88d01e510d50cb533eb8bfc2969302bd.png', '88d01e510d50cb533eb8bfc2969302bd', 'png', 61524, 'completed', NULL, 1, NULL, '2026-06-05 07:01:16', 3, 5, 1, 1, NULL);
INSERT INTO `files` VALUES (55, 'logo/手机/手机版.png', NULL, '/home/shjc/uploads/7102ba1ef6d82d0926ca87f61fd14f86.png', '7102ba1ef6d82d0926ca87f61fd14f86', 'png', 3660114, 'completed', NULL, 1, NULL, '2026-06-05 07:01:17', 3, 6, 1, 1, NULL);
INSERT INTO `files` VALUES (56, 'logo/手机/手机版改版.png', NULL, '/home/shjc/uploads/720420ccbf5328fa1e9c09d8f4bcf71e.png', '720420ccbf5328fa1e9c09d8f4bcf71e', 'png', 4475918, 'completed', NULL, 1, NULL, '2026-06-05 07:01:17', 3, 6, 1, 1, NULL);
INSERT INTO `files` VALUES (57, '车站数字化运行系统与站台门系统(PSD)接口规格书.pdf', NULL, '/home/shjc/uploads/a27764baf87dbdc162cd2995f0af396b.pdf', 'a27764baf87dbdc162cd2995f0af396b', 'pdf', 238444, 'failed', '该文件为图片扫描件，无法自动提取文本，请使用OCR工具识别后以TXT格式重新上传', 0, NULL, '2026-06-05 07:45:26', 3, NULL, 1, 1, NULL);
INSERT INTO `files` VALUES (59, 'A.jpg', NULL, '/home/shjc/uploads/c8e3028313ee18ff5b3ee5e824e053cc.jpg', 'c8e3028313ee18ff5b3ee5e824e053cc', 'jpg', 2504299, 'completed', NULL, 1, NULL, '2026-06-09 02:14:13', 3, NULL, 2, 1, NULL);
INSERT INTO `files` VALUES (60, '333.jpg', NULL, '/home/shjc/uploads/497a2c0d8ec53df3f95df34dfd460beb.jpg', '497a2c0d8ec53df3f95df34dfd460beb', 'jpg', 349818, 'completed', NULL, 1, NULL, '2026-06-09 02:20:54', 3, NULL, 2, 1, NULL);
INSERT INTO `files` VALUES (61, '附录C.2.6站台门设备-物模型属性.docx', NULL, '/home/shjc/uploads/9f7c3e4a2afc2c05c417a745d03fd7a5.docx', '9f7c3e4a2afc2c05c417a745d03fd7a5', 'docx', 26264, 'completed', NULL, 10, NULL, '2026-06-09 08:53:48', 2, NULL, 1, 1, NULL);
INSERT INTO `files` VALUES (62, 'excel均方根误差.docx', NULL, '/home/shjc/uploads/ed3326f50412baa8f18633f1d7647c99.docx', 'ed3326f50412baa8f18633f1d7647c99', 'docx', 33555, 'completed', NULL, 2, NULL, '2026-06-09 08:56:32', 2, NULL, 1, 1, NULL);
INSERT INTO `files` VALUES (63, '车辆管理调研.docx', NULL, '/home/shjc/uploads/1d67ad3b5f44322ebf6095b146fad5f8.docx', '1d67ad3b5f44322ebf6095b146fad5f8', 'docx', 403076, 'completed', NULL, 1, NULL, '2026-06-09 08:56:49', 2, NULL, 1, 1, NULL);
INSERT INTO `files` VALUES (64, '杭州爱华-建筑声学测量-个体噪声剂量-多功能声级计-噪声分析仪厂家.txt', NULL, '/home/shjc/uploads/9404e4c84db67ec52f62ba6829429cbc.txt', '9404e4c84db67ec52f62ba6829429cbc', 'txt', 4921, 'completed', NULL, 6, NULL, '2026-06-09 09:33:11', 2, NULL, 1, 1, NULL);
INSERT INTO `files` VALUES (65, 'AAA.md', NULL, '/home/shjc/uploads/d160f2b53c7d81be6c036efe995fdc11.md', 'd160f2b53c7d81be6c036efe995fdc11', 'md', 988, 'completed', NULL, 2, NULL, '2026-06-09 12:50:27', 1, NULL, 1, 1, NULL);
INSERT INTO `files` VALUES (66, 'bbb.md', NULL, '/home/shjc/uploads/66126e8f2b374b98732a6ba8cedfd540.md', '66126e8f2b374b98732a6ba8cedfd540', 'md', 1977, 'completed', NULL, 3, NULL, '2026-06-09 13:03:30', 1, NULL, 1, 1, NULL);
INSERT INTO `files` VALUES (68, 'project.pdf', NULL, '/home/shjc/uploads/49222da64781eb689a76b811f1bd26df.pdf', '49222da64781eb689a76b811f1bd26df', 'pdf', 912922, 'completed', NULL, 335, NULL, '2026-06-16 10:43:14', 5, NULL, 1, 1, NULL);
INSERT INTO `files` VALUES (69, '软件开发部周报06_12.xlsx', NULL, '/home/shjc/uploads/12c4619bcf5bb65d1e20de58a7b208f2.xlsx', '12c4619bcf5bb65d1e20de58a7b208f2', 'xlsx', 107713, 'completed', NULL, 141, NULL, '2026-06-17 02:23:44', 5, NULL, 1, 1, NULL);
INSERT INTO `files` VALUES (70, '李阳波五运六气讲记.pdf', NULL, '/home/shjc/uploads/693012ac5c6d3118e82ba6d3d7086bff.pdf', '693012ac5c6d3118e82ba6d3d7086bff', 'pdf', 39473784, 'completed', NULL, 1, NULL, '2026-06-17 02:30:20', 5, NULL, 1, 1, NULL);
INSERT INTO `files` VALUES (71, '《汉方诊疗三十年》.pdf', NULL, '/home/shjc/uploads/66d46c938221f1d1dbd70cabfff95045.pdf', '66d46c938221f1d1dbd70cabfff95045', 'pdf', 373755272, 'failed', '该文件为图片扫描件，无法自动提取文本，请使用OCR工具识别后以TXT格式重新上传', 0, NULL, '2026-06-17 08:11:19', 5, NULL, 1, 1, NULL);
INSERT INTO `files` VALUES (72, '咳嗽之辨证论治-唐步祺.pdf', NULL, '/home/shjc/uploads/f01fc77b880bd90d73518ad86e2d8913.pdf', 'f01fc77b880bd90d73518ad86e2d8913', 'pdf', 9154109, 'failed', '该文件为图片扫描件，无法自动提取文本，请使用OCR工具识别后以TXT格式重新上传', 0, NULL, '2026-06-17 08:17:34', 5, NULL, 1, 1, NULL);
INSERT INTO `files` VALUES (73, '中医腹诊合集/中医与汉方医腹诊.pdf', NULL, '/home/shjc/uploads/635e3ddb1eea3633e715681a0e61cd68.pdf', '635e3ddb1eea3633e715681a0e61cd68', 'pdf', 6019212, 'failed', '该文件为图片扫描件，无法自动提取文本，请使用OCR工具识别后以TXT格式重新上传', 0, NULL, '2026-06-17 08:27:34', 5, 7, 1, 1, NULL);
INSERT INTO `files` VALUES (74, '中医腹诊合集/中医腹珍与练腹长寿妙法.pdf', NULL, '/home/shjc/uploads/7cb4b4ea166ee687efd9be6053c2dd92.pdf', '7cb4b4ea166ee687efd9be6053c2dd92', 'pdf', 2791120, 'completed', NULL, 1, NULL, '2026-06-17 08:27:35', 5, 7, 1, 1, NULL);
INSERT INTO `files` VALUES (75, '中医腹诊合集/中医腹诊学.pdf', NULL, '/home/shjc/uploads/45b09f2dea3f11ae89b394747ab1f9ed.pdf', '45b09f2dea3f11ae89b394747ab1f9ed', 'pdf', 10345361, 'failed', '该文件为图片扫描件，无法自动提取文本，请使用OCR工具识别后以TXT格式重新上传', 0, NULL, '2026-06-17 08:27:37', 5, 7, 1, 1, NULL);
INSERT INTO `files` VALUES (76, '中医腹诊合集/中医腹诊研究与临床.pdf', NULL, '/home/shjc/uploads/945708527a010d5a24889ec29b0a5d87.pdf', '945708527a010d5a24889ec29b0a5d87', 'pdf', 138765085, 'failed', '该文件为图片扫描件，无法自动提取文本，请使用OCR工具识别后以TXT格式重新上传', 0, NULL, '2026-06-17 08:28:36', 5, 7, 1, 1, NULL);
INSERT INTO `files` VALUES (77, '中医腹诊合集/中国腹诊·王琦主编 .pdf', NULL, '/home/shjc/uploads/593d074bff07d2ffda64c5295d95bd4a.pdf', '593d074bff07d2ffda64c5295d95bd4a', 'pdf', 5590896, 'completed', NULL, 1, NULL, '2026-06-17 08:28:40', 5, 7, 1, 1, NULL);
INSERT INTO `files` VALUES (78, '中医腹诊合集/日本汉方精华·伤寒派腹诊(上).pdf', NULL, '/home/shjc/uploads/5bfb077feddfa33ea582a9377f0f10d4.pdf', '5bfb077feddfa33ea582a9377f0f10d4', 'pdf', 21089204, 'completed', NULL, 1, NULL, '2026-06-17 08:28:45', 5, 7, 1, 1, NULL);
INSERT INTO `files` VALUES (79, '中医腹诊合集/日本汉方精华·伤寒派腹诊(下).pdf', NULL, '/home/shjc/uploads/4b16c21f255556597d4129d729675d38.pdf', '4b16c21f255556597d4129d729675d38', 'pdf', 16291979, 'completed', NULL, 1, NULL, '2026-06-17 08:28:52', 5, 7, 1, 1, NULL);
INSERT INTO `files` VALUES (80, '中医腹诊合集/日本汉方精华·折衷派腹诊.pdf', NULL, '/home/shjc/uploads/128cf655062998149a9369ae6c579e1e.pdf', '128cf655062998149a9369ae6c579e1e', 'pdf', 159473106, 'failed', '该文件为图片扫描件，无法自动提取文本，请使用OCR工具识别后以TXT格式重新上传', 0, NULL, '2026-06-17 08:29:41', 5, 7, 1, 1, NULL);
INSERT INTO `files` VALUES (81, '中医腹诊合集/日本汉方精华·难经派腹诊.pdf', NULL, '/home/shjc/uploads/e2a6c3d42232befd30a6235eb935657f.pdf', 'e2a6c3d42232befd30a6235eb935657f', 'pdf', 99322439, 'failed', '该文件为图片扫描件，无法自动提取文本，请使用OCR工具识别后以TXT格式重新上传', 0, NULL, '2026-06-17 08:30:04', 5, 7, 1, 1, NULL);
INSERT INTO `files` VALUES (82, '中医腹诊合集/脏腑按摩腹诊临证 (王海龙) .pdf', NULL, '/home/shjc/uploads/e02974ff06dad2e4cff42ff3e2fc6d43.pdf', 'e02974ff06dad2e4cff42ff3e2fc6d43', 'pdf', 11257880, 'completed', NULL, 410, NULL, '2026-06-17 08:30:09', 5, 7, 1, 1, NULL);
INSERT INTO `files` VALUES (83, '中医腹诊合集/腹证奇览 (稻叶克，和久田寅) .pdf', NULL, '/home/shjc/uploads/baffb25350e0fc9f9ad6eda4c28de44a.pdf', 'baffb25350e0fc9f9ad6eda4c28de44a', 'pdf', 39830563, 'failed', '该文件为图片扫描件，无法自动提取文本，请使用OCR工具识别后以TXT格式重新上传', 0, NULL, '2026-06-17 08:30:17', 5, 7, 1, 1, NULL);
INSERT INTO `files` VALUES (84, '中医腹诊合集/腹诊证治.pdf', NULL, '/home/shjc/uploads/1112f7ca4f2dfd2771fd64d09d2ed1a7.pdf', '1112f7ca4f2dfd2771fd64d09d2ed1a7', 'pdf', 5299737, 'completed', NULL, 1, NULL, '2026-06-17 08:30:18', 5, 7, 1, 1, NULL);
INSERT INTO `files` VALUES (85, '中医腹诊合集/診腹圖說·杉本良仲温 .pdf', NULL, '/home/shjc/uploads/d9d6ebc894d0e15c2ff20ab5b2376409.pdf', 'd9d6ebc894d0e15c2ff20ab5b2376409', 'pdf', 8249206, 'failed', '该文件为图片扫描件，无法自动提取文本，请使用OCR工具识别后以TXT格式重新上传', 0, NULL, '2026-06-17 08:30:18', 5, 7, 1, 1, NULL);
INSERT INTO `files` VALUES (86, '400V通讯地址表副本.xlsx', 1, '/home/shjc/scandir/400V通讯地址表副本.xlsx', '6d1161241e724fa658ea171c11dbb03c', 'xlsx', 14804, 'completed', NULL, 10, '2026-06-17 18:41:52', '2026-06-17 10:43:30', 5, 8, 1, 1, NULL);
INSERT INTO `files` VALUES (87, '考评表 - 张绍君 2025-07.xlsx', 2, '/home/shjc/scandir/2025年度工作计划/考评表 - 张绍君 2025-07.xlsx', 'd450bef9fa281f951f820396541a39cb', 'xlsx', 13272, 'completed', NULL, 3, '2026-06-17 18:40:15', '2026-06-17 10:43:30', 5, 9, 1, 1, NULL);
INSERT INTO `files` VALUES (88, '2025年下半年工作计划.xlsx', 2, '/home/shjc/scandir/2025年度工作计划/2025年下半年工作计划.xlsx', '3465fd715494251d3f0ee9fa81cd2b24', 'xlsx', 11003, 'completed', NULL, 1, '2026-06-17 18:40:14', '2026-06-17 10:43:30', 5, 9, 1, 1, NULL);
INSERT INTO `files` VALUES (89, '月考评表 - 张绍君 2025-12.xlsx', 2, '/home/shjc/scandir/2025年度工作计划/月考评表 - 张绍君 2025-12.xlsx', 'b2c881cd17049c5f79cea09ad45c5ad3', 'xlsx', 13065, 'completed', NULL, 3, '2026-06-17 18:40:14', '2026-06-17 10:43:30', 5, 9, 1, 1, NULL);
INSERT INTO `files` VALUES (90, '工作月报-蒋晓龙 2026-03.xlsx', 2, '/home/shjc/scandir/2025年度工作计划/工作月报-蒋晓龙 2026-03.xlsx', '5d6a6f2321b54c6c2ed8d623af450b75', 'xlsx', 13190, 'completed', NULL, 5, '2026-06-17 18:40:14', '2026-06-17 10:43:30', 5, 9, 1, 1, NULL);
INSERT INTO `files` VALUES (91, '考评表-蒋晓龙 2026-02.xlsx', 2, '/home/shjc/scandir/2025年度工作计划/考评表-蒋晓龙 2026-02.xlsx', '0297166e76bf908ea6d6c12ff461c86b', 'xlsx', 12946, 'completed', NULL, 4, '2026-06-17 18:40:15', '2026-06-17 10:43:30', 5, 9, 1, 1, NULL);
INSERT INTO `files` VALUES (92, '工作月报-彭凯 2026-02.xlsx', 2, '/home/shjc/scandir/2025年度工作计划/工作月报-彭凯 2026-02.xlsx', '0fa6479b36b0b1828d3869171417276e', 'xlsx', 12887, 'completed', NULL, 3, '2026-06-17 18:40:14', '2026-06-17 10:43:30', 5, 9, 1, 1, NULL);
INSERT INTO `files` VALUES (93, '智慧轨道2025年预算报告-20241216.pptx', 2, '/home/shjc/scandir/2025年度工作计划/智慧轨道2025年预算报告-20241216.pptx', '718225fdfd1651e1d028b1bee00468e3', 'pptx', 718054, 'completed', NULL, 12, '2026-06-17 18:40:14', '2026-06-17 10:43:30', 5, 9, 1, 1, NULL);
INSERT INTO `files` VALUES (94, '智慧轨道2025年度预算表-202401216.xlsx', 2, '/home/shjc/scandir/2025年度工作计划/智慧轨道2025年度预算表-202401216.xlsx', 'd44fb9badfc8f4254655585260f45d9a', 'xlsx', 16946, 'completed', NULL, 4, '2026-06-17 18:40:14', '2026-06-17 10:43:30', 5, 9, 1, 1, NULL);
INSERT INTO `files` VALUES (95, '智慧轨道2026年度计划.pptx', 2, '/home/shjc/scandir/2025年度工作计划/智慧轨道2026年度计划.pptx', '58f41562aa6f288efa511d6546fb2c92', 'pptx', 2936906, 'completed', NULL, 1, '2026-06-17 18:40:14', '2026-06-17 10:43:30', 5, 9, 1, 1, NULL);
INSERT INTO `files` VALUES (96, '智慧轨道2025年度预算说明书-20241216.docx', 2, '/home/shjc/scandir/2025年度工作计划/智慧轨道2025年度预算说明书-20241216.docx', '2003657074e5a76337fc986f182eb8fe', 'docx', 32146, 'completed', NULL, 18, '2026-06-17 18:40:14', '2026-06-17 10:43:30', 5, 9, 1, 1, NULL);
INSERT INTO `files` VALUES (97, '软件开发部周报08_23.xlsx', 2, '/home/shjc/scandir/2025年度工作计划/软件开发部周报08_23.xlsx', '1fbe62c8336e137f63bc4ae58d73285a', 'xlsx', 99167, 'completed', NULL, 140, '2026-06-17 18:40:15', '2026-06-17 10:43:30', 5, 9, 1, 1, NULL);
INSERT INTO `files` VALUES (98, '微电网系统划分-龙耀路补充.xlsx', 3, '/home/shjc/scandir/2025年度工作计划/微电网需求资料/微电网系统划分-龙耀路补充.xlsx', 'a4bfadfd4148f9831790b62f02d38b0d', 'xlsx', 38044, 'completed', NULL, 90, '2026-06-17 18:40:52', '2026-06-17 10:43:30', 5, 10, 1, 1, NULL);
INSERT INTO `files` VALUES (99, '微电网系统划分.xlsx', 3, '/home/shjc/scandir/2025年度工作计划/微电网需求资料/微电网系统划分.xlsx', 'db00443ec98e58b9052552d516c7f4e0', 'xlsx', 35953, 'completed', NULL, 87, '2026-06-17 18:40:52', '2026-06-17 10:43:30', 5, 10, 1, 1, NULL);
INSERT INTO `files` VALUES (100, '微电网平台调整需求-1.pdf', 3, '/home/shjc/scandir/2025年度工作计划/微电网需求资料/微电网平台调整需求-1.pdf', '0cbd2db28d7780d406d35e081ab920a0', 'pdf', 2644562, 'completed', NULL, 14, '2026-06-17 18:40:52', '2026-06-17 10:43:30', 5, 10, 1, 1, NULL);
INSERT INTO `files` VALUES (101, '微电网需求调整.docx', 3, '/home/shjc/scandir/2025年度工作计划/微电网需求资料/微电网需求调整.docx', 'dba761b58c990c60ad48bcf8fc973e3f', 'docx', 17948, 'completed', NULL, 1, '2026-06-17 18:40:52', '2026-06-17 10:43:30', 5, 10, 1, 1, NULL);
INSERT INTO `files` VALUES (102, '微电网系统划分-1.xlsx', 3, '/home/shjc/scandir/2025年度工作计划/微电网需求资料/微电网系统划分-1.xlsx', 'fdbe7b60e79f4327202ec6d413434501', 'xlsx', 35973, 'completed', NULL, 87, '2026-06-17 18:40:52', '2026-06-17 10:43:30', 5, 10, 1, 1, NULL);
INSERT INTO `files` VALUES (103, '微电网需要调整的内容.pdf', 3, '/home/shjc/scandir/2025年度工作计划/微电网需求资料/微电网需要调整的内容.pdf', 'b17edd7f0d3bcb238ec154a20bb91eab', 'pdf', 1535026, 'completed', NULL, 4, '2026-06-17 18:40:53', '2026-06-17 10:43:30', 5, 10, 1, 1, NULL);
INSERT INTO `files` VALUES (104, '微电网平台整改需求2.pdf', 3, '/home/shjc/scandir/2025年度工作计划/微电网需求资料/微电网平台整改需求2.pdf', '1949721665cbba561a0423d91183fa15', 'pdf', 828372, 'completed', NULL, 4, '2026-06-17 18:40:52', '2026-06-17 10:43:30', 5, 10, 1, 1, NULL);
INSERT INTO `files` VALUES (105, '龙耀路用电数据导出没有数据的项目.xlsx', 3, '/home/shjc/scandir/2025年度工作计划/微电网需求资料/龙耀路用电数据导出没有数据的项目.xlsx', '7ebcdb6b43940a28e782f1ed4b697860', 'xlsx', 10568, 'completed', NULL, 1, '2026-06-17 18:40:53', '2026-06-17 10:43:30', 5, 10, 1, 1, NULL);
INSERT INTO `files` VALUES (106, '康恒路用电数据导出没有数据的项目.xlsx', 3, '/home/shjc/scandir/2025年度工作计划/微电网需求资料/康恒路用电数据导出没有数据的项目.xlsx', '8c8de1eb96f8857876f20c1f05c9ae42', 'xlsx', 13832, 'completed', NULL, 5, '2026-06-17 18:40:52', '2026-06-17 10:43:30', 5, 10, 1, 1, NULL);
INSERT INTO `files` VALUES (107, '工作月报-彭凯 2026-03.xlsx', 2, '/home/shjc/scandir/2025年度工作计划/工作月报-彭凯 2026-03.xlsx', 'c913faf8276d75dd3ad8c1461f6e8ac5', 'xlsx', 13227, 'completed', NULL, 5, '2026-06-17 18:40:14', '2026-06-17 10:43:30', 5, 9, 1, 1, NULL);
INSERT INTO `files` VALUES (108, '智慧轨道周工作汇报.pptx', 2, '/home/shjc/scandir/2025年度工作计划/智慧轨道周工作汇报.pptx', '7dba8398224c260cf6d76e02c0065e7a', 'pptx', 324447, 'completed', NULL, 1, '2026-06-17 18:40:14', '2026-06-17 10:43:30', 5, 9, 1, 1, NULL);
INSERT INTO `files` VALUES (109, 'RAGFlow.txt', NULL, '/home/shjc/uploads/c138ea8c56c804ffc27c8fe7b465a437.txt', 'c138ea8c56c804ffc27c8fe7b465a437', 'txt', 63, 'completed', NULL, 1, NULL, '2026-06-17 13:05:21', 5, NULL, 1, 1, NULL);
INSERT INTO `files` VALUES (110, 'excel表格计算公式.sql', 1, '/home/shjc/scandir/excel表格计算公式.sql', '16de6cded7c09f45daa92886ab299946', 'sql', 20572, 'completed', NULL, 43, '2026-06-17 18:42:00', '2026-06-17 13:33:30', 5, 8, 1, 0, NULL);
INSERT INTO `files` VALUES (111, '1.png', NULL, '/home/shjc/uploads/90b36266b1452378c5a7f62e6d513258.png', '90b36266b1452378c5a7f62e6d513258', 'png', 134653, 'completed', NULL, 1, NULL, '2026-06-18 06:08:09', 8, NULL, 5, 1, NULL);
INSERT INTO `files` VALUES (112, '美晟营业执照.png', NULL, '/home/shjc/uploads/893375bc070a8c534f1de3c3ad2c7801.png', '893375bc070a8c534f1de3c3ad2c7801', 'png', 953161, 'completed', NULL, 1, NULL, '2026-07-06 13:18:58', 11, NULL, 1, 1, NULL);
INSERT INTO `files` VALUES (113, '海关注册登记证书1.jpg', NULL, '/home/shjc/uploads/824216d764f290de440037d3e08e3b66.jpg', '824216d764f290de440037d3e08e3b66', 'jpg', 243285, 'completed', NULL, 1, NULL, '2026-07-06 13:21:02', 11, NULL, 1, 1, NULL);
INSERT INTO `files` VALUES (114, '海关注册登记证书2.jpg', NULL, '/home/shjc/uploads/499c7f747c0a1cbb91c17ac2a2b45c8a.jpg', '499c7f747c0a1cbb91c17ac2a2b45c8a', 'jpg', 88622, 'completed', NULL, 1, NULL, '2026-07-06 13:21:07', 11, NULL, 1, 1, NULL);
INSERT INTO `files` VALUES (116, '上海鱼之乐项目组织架构.png', NULL, '/home/shjc/uploads/9892a5f7c63e826ea0c3e355900afac7.png', '9892a5f7c63e826ea0c3e355900afac7', 'png', 419182, 'completed', NULL, 1, NULL, '2026-07-06 13:35:57', 12, NULL, 1, 1, NULL);

-- ----------------------------
-- Table structure for folders
-- ----------------------------
DROP TABLE IF EXISTS `folders`;
CREATE TABLE `folders`  (
  `id` int NOT NULL AUTO_INCREMENT,
  `name` varchar(255) CHARACTER SET utf8mb4 COLLATE utf8mb4_unicode_ci NOT NULL,
  `parent_id` int NULL DEFAULT NULL,
  `fs_path` varchar(500) CHARACTER SET utf8mb4 COLLATE utf8mb4_unicode_ci NOT NULL,
  `watch_dir_id` int NULL DEFAULT NULL,
  `created_at` datetime NOT NULL,
  PRIMARY KEY (`id`) USING BTREE,
  INDEX `fk_folders_parent`(`parent_id` ASC) USING BTREE,
  INDEX `fk_folders_watch_dir`(`watch_dir_id` ASC) USING BTREE,
  CONSTRAINT `fk_folders_parent` FOREIGN KEY (`parent_id`) REFERENCES `folders` (`id`) ON DELETE RESTRICT ON UPDATE RESTRICT,
  CONSTRAINT `fk_folders_watch_dir` FOREIGN KEY (`watch_dir_id`) REFERENCES `watch_directories` (`id`) ON DELETE RESTRICT ON UPDATE RESTRICT
) ENGINE = InnoDB AUTO_INCREMENT = 4 CHARACTER SET = utf8mb4 COLLATE = utf8mb4_unicode_ci ROW_FORMAT = Dynamic;

-- ----------------------------
-- Records of folders
-- ----------------------------
INSERT INTO `folders` VALUES (1, 'scandir', NULL, '/home/shjc/scandir', 1, '2026-06-17 10:43:30');
INSERT INTO `folders` VALUES (2, '2025年度工作计划', 1, '/home/shjc/scandir/2025年度工作计划', 1, '2026-06-17 10:43:30');
INSERT INTO `folders` VALUES (3, '微电网需求资料', 2, '/home/shjc/scandir/2025年度工作计划/微电网需求资料', 1, '2026-06-17 10:43:30');

-- ----------------------------
-- Table structure for kb_folders
-- ----------------------------
DROP TABLE IF EXISTS `kb_folders`;
CREATE TABLE `kb_folders`  (
  `id` int NOT NULL AUTO_INCREMENT,
  `kb_id` int NOT NULL,
  `parent_id` int NULL DEFAULT NULL,
  `name` varchar(255) CHARACTER SET utf8mb4 COLLATE utf8mb4_unicode_ci NOT NULL,
  `created_by` int NOT NULL,
  `created_at` datetime NOT NULL,
  `is_deleted` tinyint(1) NOT NULL DEFAULT 0,
  PRIMARY KEY (`id`) USING BTREE,
  INDEX `fk_kb_folders_kb`(`kb_id` ASC) USING BTREE,
  INDEX `fk_kb_folders_parent`(`parent_id` ASC) USING BTREE,
  INDEX `fk_kb_folders_user`(`created_by` ASC) USING BTREE,
  CONSTRAINT `fk_kb_folders_kb` FOREIGN KEY (`kb_id`) REFERENCES `knowledge_bases` (`id`) ON DELETE RESTRICT ON UPDATE RESTRICT,
  CONSTRAINT `fk_kb_folders_parent` FOREIGN KEY (`parent_id`) REFERENCES `kb_folders` (`id`) ON DELETE RESTRICT ON UPDATE RESTRICT,
  CONSTRAINT `fk_kb_folders_user` FOREIGN KEY (`created_by`) REFERENCES `users` (`id`) ON DELETE RESTRICT ON UPDATE RESTRICT
) ENGINE = InnoDB AUTO_INCREMENT = 11 CHARACTER SET = utf8mb4 COLLATE = utf8mb4_unicode_ci ROW_FORMAT = Dynamic;

-- ----------------------------
-- Records of kb_folders
-- ----------------------------
INSERT INTO `kb_folders` VALUES (1, 3, NULL, 'test', 1, '2026-06-05 01:45:17', 1);
INSERT INTO `kb_folders` VALUES (2, 3, NULL, 'logo', 1, '2026-06-05 05:39:05', 1);
INSERT INTO `kb_folders` VALUES (3, 3, NULL, 'ERP', 1, '2026-06-05 05:47:20', 0);
INSERT INTO `kb_folders` VALUES (4, 3, NULL, 'logo', 1, '2026-06-05 06:45:57', 1);
INSERT INTO `kb_folders` VALUES (5, 3, NULL, 'logo', 1, '2026-06-05 07:01:16', 0);
INSERT INTO `kb_folders` VALUES (6, 3, 5, '手机', 1, '2026-06-05 07:01:16', 0);
INSERT INTO `kb_folders` VALUES (7, 5, NULL, '中医腹诊合集', 1, '2026-06-17 08:27:34', 0);
INSERT INTO `kb_folders` VALUES (8, 5, NULL, 'scandir', 1, '2026-06-17 11:18:30', 0);
INSERT INTO `kb_folders` VALUES (9, 5, 8, '2025年度工作计划', 1, '2026-06-17 11:18:30', 0);
INSERT INTO `kb_folders` VALUES (10, 5, 9, '微电网需求资料', 1, '2026-06-17 11:18:30', 0);

-- ----------------------------
-- Table structure for kb_permissions
-- ----------------------------
DROP TABLE IF EXISTS `kb_permissions`;
CREATE TABLE `kb_permissions`  (
  `id` int NOT NULL AUTO_INCREMENT,
  `kb_id` int NOT NULL,
  `subject_type` varchar(10) CHARACTER SET utf8mb4 COLLATE utf8mb4_unicode_ci NOT NULL,
  `subject_id` int NOT NULL,
  `permission` varchar(20) CHARACTER SET utf8mb4 COLLATE utf8mb4_unicode_ci NOT NULL DEFAULT 'read',
  `created_at` datetime NOT NULL,
  PRIMARY KEY (`id`) USING BTREE,
  UNIQUE INDEX `uq_kb_perm_subject`(`kb_id` ASC, `subject_type` ASC, `subject_id` ASC) USING BTREE,
  CONSTRAINT `fk_kb_permissions_kb` FOREIGN KEY (`kb_id`) REFERENCES `knowledge_bases` (`id`) ON DELETE RESTRICT ON UPDATE RESTRICT
) ENGINE = InnoDB AUTO_INCREMENT = 211 CHARACTER SET = utf8mb4 COLLATE = utf8mb4_unicode_ci ROW_FORMAT = Dynamic;

-- ----------------------------
-- Records of kb_permissions
-- ----------------------------
INSERT INTO `kb_permissions` VALUES (4, 4, 'dept', 4, 'read', '2026-06-09 01:01:14');
INSERT INTO `kb_permissions` VALUES (6, 4, 'user', 6, 'read', '2026-06-09 01:02:10');
INSERT INTO `kb_permissions` VALUES (7, 4, 'user', 2, 'read', '2026-06-09 01:02:10');
INSERT INTO `kb_permissions` VALUES (8, 4, 'user', 4, 'read', '2026-06-09 01:02:10');
INSERT INTO `kb_permissions` VALUES (31, 3, 'user', 11, 'read', '2026-06-16 00:57:23');
INSERT INTO `kb_permissions` VALUES (32, 5, 'dept', 3, 'read', '2026-06-16 10:36:12');
INSERT INTO `kb_permissions` VALUES (41, 9, 'user', 2, 'read', '2026-06-18 07:23:18');
INSERT INTO `kb_permissions` VALUES (42, 9, 'user', 15, 'read', '2026-06-18 07:23:18');
INSERT INTO `kb_permissions` VALUES (43, 9, 'user', 4, 'write', '2026-06-18 07:23:18');
INSERT INTO `kb_permissions` VALUES (44, 10, 'user', 4, 'write', '2026-06-18 07:55:47');
INSERT INTO `kb_permissions` VALUES (46, 11, 'user', 1, 'write', '2026-06-26 05:19:31');
INSERT INTO `kb_permissions` VALUES (48, 12, 'user', 1, 'write', '2026-06-26 05:29:22');
INSERT INTO `kb_permissions` VALUES (52, 12, 'dept', 1, 'read', '2026-06-26 07:49:11');
INSERT INTO `kb_permissions` VALUES (54, 13, 'user', 1, 'write', '2026-06-26 07:52:50');
INSERT INTO `kb_permissions` VALUES (56, 14, 'user', 1, 'write', '2026-06-26 07:53:07');
INSERT INTO `kb_permissions` VALUES (57, 13, 'dept', 1, 'read', '2026-06-26 07:53:13');
INSERT INTO `kb_permissions` VALUES (58, 14, 'dept', 1, 'read', '2026-06-26 07:53:19');
INSERT INTO `kb_permissions` VALUES (60, 15, 'user', 1, 'write', '2026-06-26 07:53:42');
INSERT INTO `kb_permissions` VALUES (61, 15, 'dept', 1, 'read', '2026-06-26 07:53:47');
INSERT INTO `kb_permissions` VALUES (63, 16, 'user', 1, 'write', '2026-06-26 07:54:40');
INSERT INTO `kb_permissions` VALUES (64, 16, 'dept', 1, 'read', '2026-06-26 07:54:46');
INSERT INTO `kb_permissions` VALUES (66, 17, 'user', 1, 'write', '2026-06-26 07:55:04');
INSERT INTO `kb_permissions` VALUES (67, 17, 'dept', 1, 'read', '2026-06-26 07:55:11');
INSERT INTO `kb_permissions` VALUES (69, 18, 'user', 1, 'write', '2026-06-26 07:55:28');
INSERT INTO `kb_permissions` VALUES (71, 19, 'user', 1, 'write', '2026-06-26 07:55:51');
INSERT INTO `kb_permissions` VALUES (73, 20, 'user', 1, 'write', '2026-06-26 07:56:09');
INSERT INTO `kb_permissions` VALUES (75, 21, 'user', 1, 'write', '2026-06-26 07:56:30');
INSERT INTO `kb_permissions` VALUES (77, 22, 'user', 1, 'write', '2026-06-26 07:56:55');
INSERT INTO `kb_permissions` VALUES (79, 23, 'user', 1, 'write', '2026-06-26 07:57:12');
INSERT INTO `kb_permissions` VALUES (81, 24, 'user', 1, 'write', '2026-06-26 07:57:28');
INSERT INTO `kb_permissions` VALUES (83, 25, 'user', 1, 'write', '2026-06-26 07:58:14');
INSERT INTO `kb_permissions` VALUES (85, 26, 'user', 1, 'write', '2026-06-26 07:58:41');
INSERT INTO `kb_permissions` VALUES (87, 27, 'user', 1, 'write', '2026-06-26 07:58:56');
INSERT INTO `kb_permissions` VALUES (89, 28, 'user', 1, 'write', '2026-06-26 07:59:10');
INSERT INTO `kb_permissions` VALUES (91, 25, 'dept', 1, 'read', '2026-06-26 07:59:31');
INSERT INTO `kb_permissions` VALUES (92, 26, 'dept', 1, 'read', '2026-06-26 07:59:39');
INSERT INTO `kb_permissions` VALUES (93, 27, 'dept', 1, 'read', '2026-06-26 07:59:48');
INSERT INTO `kb_permissions` VALUES (94, 28, 'dept', 1, 'read', '2026-06-26 07:59:52');
INSERT INTO `kb_permissions` VALUES (96, 29, 'user', 1, 'write', '2026-06-26 08:00:19');
INSERT INTO `kb_permissions` VALUES (98, 30, 'user', 1, 'write', '2026-06-26 08:00:29');
INSERT INTO `kb_permissions` VALUES (99, 29, 'dept', 1, 'read', '2026-06-26 08:00:33');
INSERT INTO `kb_permissions` VALUES (100, 30, 'dept', 1, 'read', '2026-06-26 08:00:37');
INSERT INTO `kb_permissions` VALUES (102, 31, 'user', 1, 'write', '2026-06-26 08:00:57');
INSERT INTO `kb_permissions` VALUES (104, 32, 'user', 1, 'write', '2026-06-26 08:11:49');
INSERT INTO `kb_permissions` VALUES (105, 31, 'dept', 1, 'read', '2026-06-26 08:11:54');
INSERT INTO `kb_permissions` VALUES (106, 32, 'dept', 1, 'read', '2026-06-26 08:11:59');
INSERT INTO `kb_permissions` VALUES (108, 33, 'user', 1, 'write', '2026-06-26 08:12:12');
INSERT INTO `kb_permissions` VALUES (109, 34, 'dept', 1, 'read', '2026-06-26 08:12:36');
INSERT INTO `kb_permissions` VALUES (110, 34, 'user', 1, 'write', '2026-06-26 08:12:36');
INSERT INTO `kb_permissions` VALUES (112, 35, 'user', 1, 'write', '2026-06-26 08:13:55');
INSERT INTO `kb_permissions` VALUES (114, 36, 'user', 1, 'write', '2026-06-26 08:14:20');
INSERT INTO `kb_permissions` VALUES (115, 33, 'dept', 1, 'read', '2026-06-26 08:14:36');
INSERT INTO `kb_permissions` VALUES (116, 35, 'dept', 1, 'read', '2026-06-26 08:14:46');
INSERT INTO `kb_permissions` VALUES (117, 36, 'dept', 1, 'read', '2026-06-26 08:14:55');
INSERT INTO `kb_permissions` VALUES (119, 37, 'user', 1, 'write', '2026-06-26 08:15:54');
INSERT INTO `kb_permissions` VALUES (120, 37, 'dept', 1, 'read', '2026-06-26 08:15:59');
INSERT INTO `kb_permissions` VALUES (122, 38, 'user', 1, 'write', '2026-06-26 08:16:56');
INSERT INTO `kb_permissions` VALUES (123, 38, 'dept', 1, 'read', '2026-06-26 08:17:01');
INSERT INTO `kb_permissions` VALUES (125, 39, 'user', 1, 'write', '2026-06-26 08:17:20');
INSERT INTO `kb_permissions` VALUES (126, 39, 'dept', 1, 'read', '2026-06-26 08:17:24');
INSERT INTO `kb_permissions` VALUES (128, 40, 'user', 1, 'write', '2026-06-26 08:21:43');
INSERT INTO `kb_permissions` VALUES (131, 41, 'user', 1, 'write', '2026-06-26 08:23:22');
INSERT INTO `kb_permissions` VALUES (133, 42, 'user', 1, 'write', '2026-06-26 08:23:38');
INSERT INTO `kb_permissions` VALUES (134, 41, 'dept', 1, 'read', '2026-06-26 08:23:44');
INSERT INTO `kb_permissions` VALUES (135, 42, 'dept', 1, 'read', '2026-06-26 08:23:49');
INSERT INTO `kb_permissions` VALUES (137, 43, 'user', 1, 'write', '2026-06-26 08:24:03');
INSERT INTO `kb_permissions` VALUES (138, 43, 'dept', 1, 'read', '2026-06-26 08:24:07');
INSERT INTO `kb_permissions` VALUES (140, 44, 'user', 1, 'write', '2026-06-26 08:24:18');
INSERT INTO `kb_permissions` VALUES (141, 44, 'dept', 1, 'read', '2026-06-26 08:24:23');
INSERT INTO `kb_permissions` VALUES (143, 45, 'user', 1, 'write', '2026-06-26 08:24:48');
INSERT INTO `kb_permissions` VALUES (144, 45, 'dept', 1, 'read', '2026-06-26 08:24:55');
INSERT INTO `kb_permissions` VALUES (146, 46, 'user', 1, 'write', '2026-06-26 08:29:01');
INSERT INTO `kb_permissions` VALUES (147, 46, 'dept', 1, 'read', '2026-06-26 08:29:56');
INSERT INTO `kb_permissions` VALUES (149, 47, 'user', 1, 'write', '2026-06-26 08:30:31');
INSERT INTO `kb_permissions` VALUES (152, 48, 'user', 1, 'write', '2026-06-26 08:30:56');
INSERT INTO `kb_permissions` VALUES (155, 49, 'user', 1, 'write', '2026-06-26 08:32:29');
INSERT INTO `kb_permissions` VALUES (156, 49, 'dept', 1, 'read', '2026-06-26 08:32:34');
INSERT INTO `kb_permissions` VALUES (158, 50, 'user', 1, 'write', '2026-06-26 08:32:50');
INSERT INTO `kb_permissions` VALUES (159, 50, 'dept', 1, 'read', '2026-06-26 08:32:54');
INSERT INTO `kb_permissions` VALUES (160, 47, 'dept', 1, 'read', '2026-06-26 08:34:45');
INSERT INTO `kb_permissions` VALUES (161, 48, 'dept', 1, 'read', '2026-06-26 08:34:51');
INSERT INTO `kb_permissions` VALUES (163, 51, 'user', 1, 'write', '2026-06-26 08:35:10');
INSERT INTO `kb_permissions` VALUES (164, 51, 'dept', 1, 'read', '2026-06-26 08:35:15');
INSERT INTO `kb_permissions` VALUES (166, 52, 'user', 1, 'write', '2026-06-26 08:35:28');
INSERT INTO `kb_permissions` VALUES (167, 52, 'dept', 1, 'read', '2026-06-26 08:35:35');
INSERT INTO `kb_permissions` VALUES (169, 53, 'user', 1, 'write', '2026-06-26 08:35:55');
INSERT INTO `kb_permissions` VALUES (170, 18, 'dept', 1, 'read', '2026-07-06 11:04:59');
INSERT INTO `kb_permissions` VALUES (171, 19, 'dept', 1, 'read', '2026-07-06 11:05:14');
INSERT INTO `kb_permissions` VALUES (172, 20, 'dept', 1, 'read', '2026-07-06 11:05:25');
INSERT INTO `kb_permissions` VALUES (173, 21, 'dept', 1, 'read', '2026-07-06 11:05:38');
INSERT INTO `kb_permissions` VALUES (174, 22, 'dept', 1, 'read', '2026-07-06 11:05:47');
INSERT INTO `kb_permissions` VALUES (175, 23, 'dept', 1, 'read', '2026-07-06 11:05:56');
INSERT INTO `kb_permissions` VALUES (176, 24, 'dept', 1, 'read', '2026-07-06 11:06:07');
INSERT INTO `kb_permissions` VALUES (178, 54, 'user', 1, 'write', '2026-07-06 11:07:42');
INSERT INTO `kb_permissions` VALUES (179, 54, 'dept', 1, 'read', '2026-07-06 11:07:56');
INSERT INTO `kb_permissions` VALUES (180, 40, 'dept', 1, 'read', '2026-07-06 11:08:02');
INSERT INTO `kb_permissions` VALUES (181, 53, 'dept', 1, 'read', '2026-07-06 11:09:17');
INSERT INTO `kb_permissions` VALUES (183, 55, 'user', 1, 'write', '2026-07-06 11:09:28');
INSERT INTO `kb_permissions` VALUES (184, 55, 'dept', 1, 'read', '2026-07-06 11:09:33');
INSERT INTO `kb_permissions` VALUES (186, 56, 'user', 1, 'write', '2026-07-06 11:09:49');
INSERT INTO `kb_permissions` VALUES (187, 56, 'dept', 1, 'read', '2026-07-06 11:09:55');
INSERT INTO `kb_permissions` VALUES (189, 57, 'user', 1, 'write', '2026-07-06 11:10:11');
INSERT INTO `kb_permissions` VALUES (190, 57, 'dept', 1, 'read', '2026-07-06 11:10:17');
INSERT INTO `kb_permissions` VALUES (192, 58, 'user', 1, 'write', '2026-07-06 11:26:34');
INSERT INTO `kb_permissions` VALUES (194, 59, 'user', 1, 'write', '2026-07-06 11:26:58');
INSERT INTO `kb_permissions` VALUES (196, 60, 'user', 1, 'write', '2026-07-06 11:27:14');
INSERT INTO `kb_permissions` VALUES (198, 61, 'user', 1, 'write', '2026-07-06 11:27:44');
INSERT INTO `kb_permissions` VALUES (200, 62, 'user', 1, 'write', '2026-07-06 11:28:00');
INSERT INTO `kb_permissions` VALUES (201, 62, 'dept', 1, 'read', '2026-07-06 11:28:08');
INSERT INTO `kb_permissions` VALUES (202, 58, 'dept', 1, 'read', '2026-07-06 11:28:16');
INSERT INTO `kb_permissions` VALUES (203, 59, 'dept', 1, 'read', '2026-07-06 11:28:25');
INSERT INTO `kb_permissions` VALUES (204, 60, 'dept', 1, 'read', '2026-07-06 11:28:29');
INSERT INTO `kb_permissions` VALUES (205, 61, 'dept', 1, 'read', '2026-07-06 11:28:37');
INSERT INTO `kb_permissions` VALUES (207, 11, 'dept', 1, 'read', '2026-07-07 08:43:04');
INSERT INTO `kb_permissions` VALUES (208, 3, 'dept', 3, 'read', '2026-07-13 00:43:58');
INSERT INTO `kb_permissions` VALUES (209, 8, 'dept', 8, 'read', '2026-07-13 00:44:15');
INSERT INTO `kb_permissions` VALUES (210, 6, 'dept', 2, 'read', '2026-07-13 00:44:20');

-- ----------------------------
-- Table structure for knowledge_bases
-- ----------------------------
DROP TABLE IF EXISTS `knowledge_bases`;
CREATE TABLE `knowledge_bases`  (
  `id` int NOT NULL AUTO_INCREMENT,
  `name` varchar(100) CHARACTER SET utf8mb4 COLLATE utf8mb4_unicode_ci NOT NULL,
  `icon` varchar(500) CHARACTER SET utf8mb4 COLLATE utf8mb4_unicode_ci NULL DEFAULT NULL,
  `description` text CHARACTER SET utf8mb4 COLLATE utf8mb4_unicode_ci NULL,
  `is_default_visible` tinyint(1) NOT NULL DEFAULT 1,
  `created_by` int NOT NULL,
  `created_at` datetime NOT NULL,
  `updated_at` datetime NOT NULL,
  `is_deleted` tinyint(1) NOT NULL DEFAULT 0,
  `dir_tag` varchar(50) CHARACTER SET utf8mb4 COLLATE utf8mb4_unicode_ci NULL DEFAULT NULL,
  `sort_order` int NULL DEFAULT NULL,
  PRIMARY KEY (`id`) USING BTREE,
  INDEX `fk_kb_created_by`(`created_by` ASC) USING BTREE,
  CONSTRAINT `fk_kb_created_by` FOREIGN KEY (`created_by`) REFERENCES `users` (`id`) ON DELETE RESTRICT ON UPDATE RESTRICT
) ENGINE = InnoDB AUTO_INCREMENT = 63 CHARACTER SET = utf8mb4 COLLATE = utf8mb4_unicode_ci ROW_FORMAT = Dynamic;

-- ----------------------------
-- Records of knowledge_bases
-- ----------------------------
INSERT INTO `knowledge_bases` VALUES (1, '人力资源部知识库', NULL, 'AAA', 1, 1, '2026-05-22 02:38:48', '2026-07-13 00:43:51', 0, NULL, 1);
INSERT INTO `knowledge_bases` VALUES (2, '技术部知识库', NULL, NULL, 1, 1, '2026-05-22 02:39:58', '2026-07-13 00:44:04', 0, NULL, 3);
INSERT INTO `knowledge_bases` VALUES (3, '市场部知识库', NULL, '你说的非常接近了', 0, 1, '2026-06-05 01:16:27', '2026-07-13 00:43:58', 0, NULL, 2);
INSERT INTO `knowledge_bases` VALUES (4, 'bbbq', NULL, '我问问', 0, 1, '2026-06-06 05:27:26', '2026-06-09 01:28:08', 1, NULL, NULL);
INSERT INTO `knowledge_bases` VALUES (5, 'ABC', NULL, NULL, 0, 1, '2026-06-16 10:36:12', '2026-06-16 10:36:12', 0, NULL, NULL);
INSERT INTO `knowledge_bases` VALUES (6, '多部门知识库', NULL, NULL, 0, 1, '2026-06-18 05:24:06', '2026-07-13 00:44:20', 0, NULL, 5);
INSERT INTO `knowledge_bases` VALUES (7, '私有知识库', NULL, NULL, 0, 1, '2026-06-18 05:28:22', '2026-06-18 05:28:22', 0, NULL, NULL);
INSERT INTO `knowledge_bases` VALUES (8, '单部门知识库', NULL, NULL, 0, 1, '2026-06-18 05:28:42', '2026-07-13 00:44:15', 0, NULL, 4);
INSERT INTO `knowledge_bases` VALUES (9, '多人知识库', NULL, '多人多人', 1, 4, '2026-06-18 07:23:17', '2026-07-13 00:44:37', 0, NULL, NULL);
INSERT INTO `knowledge_bases` VALUES (10, '私密知识库', NULL, NULL, 1, 4, '2026-06-18 07:55:47', '2026-07-02 10:37:15', 0, NULL, NULL);
INSERT INTO `knowledge_bases` VALUES (11, '营业证照/海关注册登记证书', NULL, '营业执照和海关注册登记证书', 0, 1, '2026-06-26 05:19:31', '2026-07-07 08:43:04', 0, 'aeo_basic', 1);
INSERT INTO `knowledge_bases` VALUES (12, '组织架构图', NULL, NULL, 0, 1, '2026-06-26 05:29:22', '2026-06-26 07:49:11', 0, 'aeo_basic', 3);
INSERT INTO `knowledge_bases` VALUES (13, '关企合作', NULL, NULL, 0, 1, '2026-06-26 07:52:50', '2026-06-26 07:53:13', 0, 'aeo_trade', 1);
INSERT INTO `knowledge_bases` VALUES (14, '单证抽样', NULL, '单证抽样', 0, 1, '2026-06-26 07:53:07', '2026-06-26 07:53:19', 0, 'aeo_trade', 2);
INSERT INTO `knowledge_bases` VALUES (15, '单证纠错', NULL, NULL, 0, 1, '2026-06-26 07:53:42', '2026-06-26 07:53:47', 0, 'aeo_trade', 3);
INSERT INTO `knowledge_bases` VALUES (16, '修撤单、报关差错', NULL, NULL, 0, 1, '2026-06-26 07:54:40', '2026-06-26 07:54:47', 0, 'aeo_trade', 4);
INSERT INTO `knowledge_bases` VALUES (17, '单证报关证明', NULL, NULL, 0, 1, '2026-06-26 07:55:04', '2026-06-26 07:55:11', 0, 'aeo_trade', 5);
INSERT INTO `knowledge_bases` VALUES (18, '海关证书文书', NULL, NULL, 0, 1, '2026-06-26 07:55:28', '2026-07-06 11:04:59', 0, 'aeo_trade', 6);
INSERT INTO `knowledge_bases` VALUES (19, '穿行测试', NULL, NULL, 0, 1, '2026-06-26 07:55:51', '2026-07-06 11:05:14', 0, 'aeo_trade', 7);
INSERT INTO `knowledge_bases` VALUES (20, '加贸资料', NULL, NULL, 0, 1, '2026-06-26 07:56:09', '2026-07-06 11:05:25', 0, 'aeo_trade', 8);
INSERT INTO `knowledge_bases` VALUES (21, '减免税设备', NULL, NULL, 0, 1, '2026-06-26 07:56:30', '2026-07-06 11:05:38', 0, 'aeo_trade', 9);
INSERT INTO `knowledge_bases` VALUES (22, '涉证涉检', NULL, NULL, 0, 1, '2026-06-26 07:56:55', '2026-07-06 11:05:47', 0, 'aeo_trade', 10);
INSERT INTO `knowledge_bases` VALUES (23, '禁止类产品', NULL, NULL, 0, 1, '2026-06-26 07:57:12', '2026-07-06 11:05:56', 0, 'aeo_trade', 11);
INSERT INTO `knowledge_bases` VALUES (24, '年度进出口记录', NULL, NULL, 0, 1, '2026-06-26 07:57:28', '2026-07-06 11:06:07', 0, 'aeo_trade', 12);
INSERT INTO `knowledge_bases` VALUES (25, '内审档案', NULL, NULL, 0, 1, '2026-06-26 07:58:14', '2026-06-26 07:59:31', 0, 'aeo_audit', 1);
INSERT INTO `knowledge_bases` VALUES (26, '内审整改', NULL, NULL, 0, 1, '2026-06-26 07:58:41', '2026-06-26 07:59:39', 0, 'aeo_audit', 2);
INSERT INTO `knowledge_bases` VALUES (27, '日常责任追究', NULL, NULL, 0, 1, '2026-06-26 07:58:56', '2026-06-26 07:59:48', 0, 'aeo_audit', 3);
INSERT INTO `knowledge_bases` VALUES (28, '海关处罚', NULL, NULL, 0, 1, '2026-06-26 07:59:10', '2026-06-26 07:59:52', 0, 'aeo_audit', 4);
INSERT INTO `knowledge_bases` VALUES (29, '审计报告', NULL, NULL, 0, 1, '2026-06-26 08:00:19', '2026-06-26 08:00:33', 0, 'aeo_finance', 1);
INSERT INTO `knowledge_bases` VALUES (30, '工商年报', NULL, NULL, 0, 1, '2026-06-26 08:00:29', '2026-06-26 08:00:37', 0, 'aeo_finance', 2);
INSERT INTO `knowledge_bases` VALUES (31, '场所相关合同', NULL, NULL, 0, 1, '2026-06-26 08:00:57', '2026-06-26 08:11:54', 0, 'aeo_location', 1);
INSERT INTO `knowledge_bases` VALUES (32, '巡检记录', NULL, NULL, 0, 1, '2026-06-26 08:11:49', '2026-06-26 08:11:59', 0, 'aeo_location', 2);
INSERT INTO `knowledge_bases` VALUES (33, '钥匙', NULL, NULL, 0, 1, '2026-06-26 08:12:12', '2026-06-26 08:14:36', 0, 'aeo_location', 3);
INSERT INTO `knowledge_bases` VALUES (34, '监控时间证明', NULL, NULL, 0, 1, '2026-06-26 08:12:36', '2026-06-26 08:15:11', 1, 'aeo_location', NULL);
INSERT INTO `knowledge_bases` VALUES (35, '监控时间证明', NULL, NULL, 0, 1, '2026-06-26 08:13:55', '2026-06-26 08:14:46', 0, 'aeo_location', 4);
INSERT INTO `knowledge_bases` VALUES (36, '访客登记', NULL, NULL, 0, 1, '2026-06-26 08:14:20', '2026-06-26 08:14:55', 0, 'aeo_location', 5);
INSERT INTO `knowledge_bases` VALUES (37, '无犯罪证明/自我申明', NULL, NULL, 0, 1, '2026-06-26 08:15:54', '2026-06-26 08:15:59', 0, 'aeo_hr', 1);
INSERT INTO `knowledge_bases` VALUES (38, '员工清单', NULL, NULL, 0, 1, '2026-06-26 08:16:56', '2026-06-26 08:17:01', 0, 'aeo_hr', 2);
INSERT INTO `knowledge_bases` VALUES (39, '新入职员工档案', NULL, NULL, 0, 1, '2026-06-26 08:17:20', '2026-06-26 08:17:24', 0, 'aeo_hr', 3);
INSERT INTO `knowledge_bases` VALUES (40, '档案室/柜', NULL, NULL, 0, 1, '2026-06-26 08:21:43', '2026-07-06 11:08:03', 0, 'aeo_hr', 5);
INSERT INTO `knowledge_bases` VALUES (41, '门禁安全', NULL, NULL, 0, 1, '2026-06-26 08:23:22', '2026-06-26 08:23:44', 0, 'aeo_cargo', 1);
INSERT INTO `knowledge_bases` VALUES (42, '货物、区域标识', NULL, NULL, 0, 1, '2026-06-26 08:23:38', '2026-06-26 08:23:49', 0, 'aeo_cargo', 2);
INSERT INTO `knowledge_bases` VALUES (43, '集装箱', NULL, NULL, 0, 1, '2026-06-26 08:24:03', '2026-06-26 08:24:07', 0, 'aeo_cargo', 3);
INSERT INTO `knowledge_bases` VALUES (44, '封条', NULL, NULL, 0, 1, '2026-06-26 08:24:18', '2026-06-26 08:24:23', 0, 'aeo_cargo', 4);
INSERT INTO `knowledge_bases` VALUES (45, '存储安全', NULL, NULL, 0, 1, '2026-06-26 08:24:48', '2026-06-26 08:24:55', 0, 'aeo_cargo', 5);
INSERT INTO `knowledge_bases` VALUES (46, '发货、收货记录', NULL, NULL, 0, 1, '2026-06-26 08:29:01', '2026-06-26 08:29:56', 0, 'aeo_cargo', 6);
INSERT INTO `knowledge_bases` VALUES (47, '溢短装', NULL, NULL, 0, 1, '2026-06-26 08:30:31', '2026-06-26 08:34:45', 0, 'aeo_cargo', 7);
INSERT INTO `knowledge_bases` VALUES (48, '监装', NULL, NULL, 0, 1, '2026-06-26 08:30:56', '2026-06-26 08:34:51', 0, 'aeo_cargo', 8);
INSERT INTO `knowledge_bases` VALUES (49, '车辆、司机安全', NULL, NULL, 0, 1, '2026-06-26 08:32:29', '2026-06-26 08:34:30', 1, 'aeo_cargo', 8);
INSERT INTO `knowledge_bases` VALUES (50, '场所、车辆安全', NULL, NULL, 0, 1, '2026-06-26 08:32:50', '2026-06-26 08:34:33', 1, 'aeo_cargo', 9);
INSERT INTO `knowledge_bases` VALUES (51, '车辆、司机安全', NULL, NULL, 0, 1, '2026-06-26 08:35:10', '2026-06-26 08:35:15', 0, 'aeo_vehicle', 1);
INSERT INTO `knowledge_bases` VALUES (52, '场所、车辆安全', NULL, NULL, 0, 1, '2026-06-26 08:35:28', '2026-06-26 08:35:35', 0, 'aeo_vehicle', 2);
INSERT INTO `knowledge_bases` VALUES (53, '主要商业伙伴信息', NULL, NULL, 0, 1, '2026-06-26 08:35:55', '2026-07-06 11:09:17', 0, 'aeo_partner', 1);
INSERT INTO `knowledge_bases` VALUES (54, '离职员工记录', NULL, NULL, 0, 1, '2026-07-06 11:07:42', '2026-07-06 11:07:56', 0, 'aeo_hr', 4);
INSERT INTO `knowledge_bases` VALUES (55, '初选评估', NULL, NULL, 0, 1, '2026-07-06 11:09:28', '2026-07-06 11:09:33', 0, 'aeo_partner', 2);
INSERT INTO `knowledge_bases` VALUES (56, '协议、告知书', NULL, NULL, 0, 1, '2026-07-06 11:09:49', '2026-07-06 11:09:55', 0, 'aeo_partner', 3);
INSERT INTO `knowledge_bases` VALUES (57, '定期评估', NULL, NULL, 0, 1, '2026-07-06 11:10:11', '2026-07-06 11:10:17', 0, 'aeo_partner', NULL);
INSERT INTO `knowledge_bases` VALUES (58, '海关法律法规内部培训记录', NULL, NULL, 0, 1, '2026-07-06 11:26:34', '2026-07-06 11:28:16', 0, 'aeo_training', 1);
INSERT INTO `knowledge_bases` VALUES (59, '申报细则、操作规范培训', NULL, NULL, 0, 1, '2026-07-06 11:26:58', '2026-07-06 11:28:25', 0, 'aeo_training', 2);
INSERT INTO `knowledge_bases` VALUES (60, '信息安全培训记录', NULL, NULL, 0, 1, '2026-07-06 11:27:14', '2026-07-06 11:28:29', 0, 'aeo_training', 3);
INSERT INTO `knowledge_bases` VALUES (61, '国际贸易供应链中货物流安全培训', NULL, NULL, 0, 1, '2026-07-06 11:27:44', '2026-07-06 11:28:37', 0, 'aeo_training', 4);
INSERT INTO `knowledge_bases` VALUES (62, '危机管理培训', NULL, NULL, 0, 1, '2026-07-06 11:28:00', '2026-07-06 11:28:08', 0, 'aeo_training', 5);

-- ----------------------------
-- Table structure for messages
-- ----------------------------
DROP TABLE IF EXISTS `messages`;
CREATE TABLE `messages`  (
  `id` int NOT NULL AUTO_INCREMENT,
  `conversation_id` int NOT NULL,
  `role` varchar(20) CHARACTER SET utf8mb4 COLLATE utf8mb4_unicode_ci NOT NULL,
  `content` text CHARACTER SET utf8mb4 COLLATE utf8mb4_unicode_ci NOT NULL,
  `sources_json` text CHARACTER SET utf8mb4 COLLATE utf8mb4_unicode_ci NULL,
  `response_ms` int NULL DEFAULT NULL,
  `created_at` datetime NOT NULL,
  PRIMARY KEY (`id`) USING BTREE,
  INDEX `ix_messages_conversation_id`(`conversation_id` ASC) USING BTREE,
  CONSTRAINT `fk_messages_conversation` FOREIGN KEY (`conversation_id`) REFERENCES `conversations` (`id`) ON DELETE RESTRICT ON UPDATE RESTRICT
) ENGINE = InnoDB AUTO_INCREMENT = 64 CHARACTER SET = utf8mb4 COLLATE = utf8mb4_unicode_ci ROW_FORMAT = Dynamic;

-- ----------------------------
-- Records of messages
-- ----------------------------
INSERT INTO `messages` VALUES (1, 1, 'user', '智慧运维平台的中心级应用有哪些？', NULL, NULL, '2026-05-26 23:45:33');
INSERT INTO `messages` VALUES (2, 5, 'user', '当前图片叫什么 ？', NULL, NULL, '2026-06-05 08:00:46');
INSERT INTO `messages` VALUES (3, 5, 'assistant', '当前图片的文件名为：**手机版改版.png**。\n\n来源：《手机版改版.png》', '[{\"doc_id\": 56, \"doc_name\": \"logo/手机/手机版改版.png\", \"chunk_content\": \"[图片文件: 720420ccbf5328fa1e9c09d8f4bcf71e.png，未能提取内容]\", \"page\": null}]', 1719, '2026-06-05 08:00:48');
INSERT INTO `messages` VALUES (4, 7, 'user', '我们公司对执法记录仪的需求是什么？', NULL, NULL, '2026-06-05 08:01:56');
INSERT INTO `messages` VALUES (5, 7, 'assistant', '根据文档内容，贵公司对执法记录仪的需求如下：\n\n1. **实时视频集成**：能够将实时视频集成到智慧运维平台，方便随时查看。\n2. **历史视频回看**：历史视频也能集成到智慧运维平台，支持调取指定时段的视频进行历史回看。\n3. **视频存储**：视频文件能够存储到公司自己的服务器上。\n\n来源：《单兵执法仪/单兵记录仪产品调研.docx》', '[{\"doc_id\": 21, \"doc_name\": \"单兵执法仪/单兵记录仪产品调研.docx\", \"chunk_content\": \"执法记录仪产品调研报告\\n一、三家产品\\n海康威视DSJ-HIKM1A1 - 64GB存储- 4G版    价格4G：2020/台 5G:2830 连续录像9个小时，电池250/块\\n马路成品64GB存储                      价格1300/台  质保1年  含2块电池+充电底座\\n数果5G执法记录仪                      价格3980/台  持续录像应该在3小时左\", \"page\": null}, {\"doc_id\": 21, \"doc_name\": \"浅田宗伯方论医案集.pdf\", \"chunk_content\": \"8\\n史　序\\n丸、桃核承气汤三方治疗下血证的鉴别运用要点讲得一清二楚。更难能可贵的\\n是，先生不但重仲景方，也不排斥后世方，其用方之广、化裁之灵活，值得我们\\n好好学习、借鉴。遗憾的是，全书用方均无药味之剂量，但即便这样，其临床参\\n考价值也不容小觑。\\n衷心感谢陆雁等各位老师的辛勤劳动！感谢你们为读者选译了这么好的一\\n部医方医案著作，同时也非常期待能继续翻译浅田宗伯先生的《古方药议》《脉\\n法私言》等著作。\", \"page\": 9}]', 1821, '2026-06-05 08:01:58');
INSERT INTO `messages` VALUES (6, 9, 'user', '公司对执法记录仪的需求是什么？', NULL, NULL, '2026-06-05 08:08:37');
INSERT INTO `messages` VALUES (7, 9, 'assistant', '根据文档内容，公司对执法记录仪的需求如下：\n\n1. **实时视频集成**：能够将实时视频集成到智慧运维平台，方便实时查看。\n2. **历史视频回看**：历史视频也能集成到智慧运维平台，支持调取指定时段的视频进行历史回看。\n3. **视频存储**：视频文件能够存储到公司自己的服务器上。\n\n来源：《单兵执法仪/单兵记录仪产品调研.docx》', '[{\"doc_id\": 21, \"doc_name\": \"单兵执法仪/单兵记录仪产品调研.docx\", \"chunk_content\": \"执法记录仪产品调研报告\\n一、三家产品\\n海康威视DSJ-HIKM1A1 - 64GB存储- 4G版    价格4G：2020/台 5G:2830 连续录像9个小时，电池250/块\\n马路成品64GB存储                      价格1300/台  质保1年  含2块电池+充电底座\\n数果5G执法记录仪                      价格3980/台  持续录像应该在3小时左\", \"page\": null}]', 1817, '2026-06-05 08:08:39');
INSERT INTO `messages` VALUES (8, 13, 'user', '设备厂商有几家？', NULL, NULL, '2026-06-05 08:16:59');
INSERT INTO `messages` VALUES (9, 13, 'assistant', '根据文档内容，设备厂商共有3家，分别是：海康威视、马路成品、数果。\n\n来源：《单兵执法仪/单兵记录仪比较.xlsx》', '[{\"doc_id\": 22, \"doc_name\": \"单兵执法仪/单兵记录仪比较.xlsx\", \"chunk_content\": \"[工作表: Sheet1] 列名: 设备厂商 | 4G/5G价格 | 电池 | 存储容量 | 持续录像时长 | 二次开发 | 集成到运维平台 | 历史视频存储到我方服务器 | 质保时长 | 手机远程看视频 | 技术服务费\\n设备厂商\\t4G/5G价格\\t电池\\t存储容量\\t持续录像时长\\t二次开发\\t集成到运维平台\\t历史视频存储到我方服务器\\t质保时长\\t手机远程看视频\\t技术服务费\\n海康威视\\t4G:2020/5G:\", \"page\": null}]', 1166, '2026-06-05 08:17:00');
INSERT INTO `messages` VALUES (10, 13, 'user', '哪家的待机时长最长？', NULL, NULL, '2026-06-05 08:17:27');
INSERT INTO `messages` VALUES (11, 13, 'assistant', '根据文档内容，海康威视的持续录像时长为8小时，是三家设备厂商中最长的。\n\n来源：《单兵执法仪/单兵记录仪比较.xlsx》', '[{\"doc_id\": 22, \"doc_name\": \"单兵执法仪/单兵记录仪比较.xlsx\", \"chunk_content\": \"[工作表: Sheet1] 列名: 设备厂商 | 4G/5G价格 | 电池 | 存储容量 | 持续录像时长 | 二次开发 | 集成到运维平台 | 历史视频存储到我方服务器 | 质保时长 | 手机远程看视频 | 技术服务费\\n设备厂商\\t4G/5G价格\\t电池\\t存储容量\\t持续录像时长\\t二次开发\\t集成到运维平台\\t历史视频存储到我方服务器\\t质保时长\\t手机远程看视频\\t技术服务费\\n海康威视\\t4G:2020/5G:\", \"page\": null}]', 1364, '2026-06-05 08:17:29');
INSERT INTO `messages` VALUES (12, 14, 'user', '本合同的合同金额是多少？', NULL, NULL, '2026-06-05 10:29:37');
INSERT INTO `messages` VALUES (13, 14, 'assistant', '根据合同内容，本合同总金额为人民币大写：五万元整（¥50000.00元），该金额已包含1年的运维费。\n\n来源：《美晟环境可视化平台.docx》', '[{\"doc_id\": 18, \"doc_name\": \"美晟环境可视化平台.docx\", \"chunk_content\": \"1.  总价款：本合同总金额为人民币大写：五万元整（¥50000.00元），含1年的运维费。\\n2.  支付方式：\\n项目于8月31日正式上线后，乙方一次性支付100%的开发费用。\", \"page\": null}, {\"doc_id\": 18, \"doc_name\": \"美晟环境可视化平台.docx\", \"chunk_content\": \"1.  甲方支付完毕本合同所有费用后，本软件（包括源代码、目标代码、技术文档等）的全部知识产权（包括但不限于著作权、专利权）归甲方独家所有。\", \"page\": null}, {\"doc_id\": 18, \"doc_name\": \"美晟环境可视化平台.docx\", \"chunk_content\": \"1.  甲方违约：若甲方未按合同约定时间支付款项，每逾期一日，应按逾期总金额的0.05%向乙方支付违约金。\\n2.  乙方违约：若乙方未按合同约定时间交付成果，每逾期一日，应按合同总金额的0.05%向甲方支付违约金。\\n第八条 售后服务与技术支持\", \"page\": null}, {\"doc_id\": 18, \"doc_name\": \"美晟环境可视化平台.docx\", \"chunk_content\": \"合同编号：ZHGD-202508-MS\\n美晟环境可视化平台\\n销售及服务合同\\n甲方：上海美晟环境技术股份公司\\n乙方：上海嘉成智慧轨道交通发展有限公司\\n合同签订日期：二〇二五 年 八 月 二十一 日\\n软件委托开发合同\\n甲方（委托方）：上海美晟环境技术股份公司\\n法定代表人：史和平\\n地址：上海市普陀区真南路500号148幢503 室\\n联系人：孔建平\\n联系电话：13816113659\\n乙方（开发方）：上海嘉\", \"page\": null}, {\"doc_id\": 18, \"doc_name\": \"美晟环境可视化平台.docx\", \"chunk_content\": \"1.  总工期：本合同项下的开发工作自 2025年8月1日开始，至 2025年8月31日止。\\n2.  遇不可抗力或甲方原因导致的需求重大变更，工期相应顺延。\\n第三条 开发费用及支付方式\", \"page\": null}, {\"doc_id\": 18, \"doc_name\": \"美晟环境可视化平台.docx\", \"chunk_content\": \"1.  免费维护期：项目验收合格后，乙方提供一年的免费技术支持与bug修复服务。\\n2.  服务范围：免费维护期仅限于修复软件本身的缺陷和错误，不包括因甲方环境变化、需求新增或二次开发导致的问题。\\n第九条 争议解决\\n因本合同引起的或与本合同有关的任何争议，双方应首先通过友好协商解决。协商不成的，任何一方均有权向人民法院提起诉讼。\\n第十条 其他\", \"page\": null}]', 1396, '2026-06-05 10:29:38');
INSERT INTO `messages` VALUES (14, 18, 'user', '本目录下面总共有多少个文件 ？', NULL, NULL, '2026-06-05 11:03:52');
INSERT INTO `messages` VALUES (15, 18, 'assistant', '根据您提供的文档内容，我无法确定当前目录下总共有多少个文件。检索到的文档片段仅包含《浅田宗伯方论医案集.pdf》中的部分内容，未提供目录文件总数信息。建议您直接查看文件系统或目录列表以获取准确数量。', '[{\"doc_id\": 21, \"doc_name\": \"浅田宗伯方论医案集.pdf\", \"chunk_content\": \"2\\n浅田宗伯小传\\n是与当时幕府医官本康宗圆 1 的会面。浅田宗伯名字中的“宗”字，就源自本康\\n宗圆。本康宗圆一见到宗伯就对其非常欣赏，并将其介绍于当时江户医界三大\\n巨匠多纪元坚、小岛学古、喜多村栲窗。在这些良师益友的帮助下，浅田宗伯的\\n医术得到了飞快提高，逐渐迈向了其人生的巅峰。\\n安政二年（1855 年），41 岁的浅田宗伯因多纪元坚推荐，成为了幕府的目见\\n得医师 2，文久元年（1861 年）谒见\", \"page\": 20}, {\"doc_id\": 22, \"doc_name\": \"浅田宗伯方论医案集.pdf\", \"chunk_content\": \"2\\n浅田宗伯小传\\n是与当时幕府医官本康宗圆 1 的会面。浅田宗伯名字中的“宗”字，就源自本康\\n宗圆。本康宗圆一见到宗伯就对其非常欣赏，并将其介绍于当时江户医界三大\\n巨匠多纪元坚、小岛学古、喜多村栲窗。在这些良师益友的帮助下，浅田宗伯的\\n医术得到了飞快提高，逐渐迈向了其人生的巅峰。\\n安政二年（1855 年），41 岁的浅田宗伯因多纪元坚推荐，成为了幕府的目见\\n得医师 2，文久元年（1861 年）谒见\", \"page\": 20}, {\"doc_id\": 21, \"doc_name\": \"浅田宗伯方论医案集.pdf\", \"chunk_content\": \"358\\n医案篇\\n《橘窗书影》\\n上书毕，交栗本濑兵卫，由通辨官卡修翻译成彼国文字呈于公使，其后乃\\n赠于本国皇帝云。二十二日通辨官卡修在公使别馆设宴款待余等，其资为一人\\n日本金十五元整。此日风雨猛烈，卡修以马车载余前往公使处诊治。二十四日\\n公使病大快，余欲归府，乃告别之，公使握余手曰：病愈过半，欣喜不堪，谢礼之\\n品，当由本国国王相赠，但予岂能不谢此恩哉？因将治验刊载于报，布告五大\\n洲，使其知日本有此名\", \"page\": 376}, {\"doc_id\": 22, \"doc_name\": \"浅田宗伯方论医案集.pdf\", \"chunk_content\": \"358\\n医案篇\\n《橘窗书影》\\n上书毕，交栗本濑兵卫，由通辨官卡修翻译成彼国文字呈于公使，其后乃\\n赠于本国皇帝云。二十二日通辨官卡修在公使别馆设宴款待余等，其资为一人\\n日本金十五元整。此日风雨猛烈，卡修以马车载余前往公使处诊治。二十四日\\n公使病大快，余欲归府，乃告别之，公使握余手曰：病愈过半，欣喜不堪，谢礼之\\n品，当由本国国王相赠，但予岂能不谢此恩哉？因将治验刊载于报，布告五大\\n洲，使其知日本有此名\", \"page\": 376}, {\"doc_id\": 21, \"doc_name\": \"浅田宗伯方论医案集.pdf\", \"chunk_content\": \"197\\n方　论\\n强神汤 （本朝经验）\\n【主治】 治中风， 口眼斜，半身不遂，喜欠流涎者。\\n【组成】 红花 僵蚕 棕榈叶 甘草\\n【加减】 或有桑寄生。\\n【方论】 此方乃和州俗间所传，治中风之妙药也。其类方有四五种，唯此\\n方最效。依证合四逆散、附子泻心汤、桂枝加术苓附汤，其效更捷。此方与四逆\\n散、附子泻心汤、桂枝加术苓附汤，随证合用，世称播州辰野中风药。\\n翘玄汤 （南阳）\\n【主治】 疗瘰疬侠瘿，上部\", \"page\": 215}, {\"doc_id\": 22, \"doc_name\": \"浅田宗伯方论医案集.pdf\", \"chunk_content\": \"197\\n方　论\\n强神汤 （本朝经验）\\n【主治】 治中风， 口眼斜，半身不遂，喜欠流涎者。\\n【组成】 红花 僵蚕 棕榈叶 甘草\\n【加减】 或有桑寄生。\\n【方论】 此方乃和州俗间所传，治中风之妙药也。其类方有四五种，唯此\\n方最效。依证合四逆散、附子泻心汤、桂枝加术苓附汤，其效更捷。此方与四逆\\n散、附子泻心汤、桂枝加术苓附汤，随证合用，世称播州辰野中风药。\\n翘玄汤 （南阳）\\n【主治】 疗瘰疬侠瘿，上部\", \"page\": 215}]', 2065, '2026-06-05 11:03:55');
INSERT INTO `messages` VALUES (16, 33, 'user', '浙江的供应商有几个？', NULL, NULL, '2026-06-05 13:29:24');
INSERT INTO `messages` VALUES (17, 33, 'assistant', '根据检索到的文档内容，浙江的供应商有**1个**，具体信息如下：\n\n- **浙江豪德**：供应“箱体绝缘安装支架”（子件代号：PCQ27A00E-50.01.01-05），材质为FR4，需求数量为1216。\n\n来源：《ERP/设备成套BOM.xlsx》', '[{\"doc_id\": 36, \"doc_name\": \"ERP/设备成套BOM.xlsx\", \"chunk_content\": \"[工作表: 屏蔽门19个站] 列名: 母件编码 | 母件代号 | 母件名称 | 子件编码 | 子件代号 | 子件名称 | 基础数量 | 需求数量 | 供应商 | 规格 | 材质 | 设计备注 | 品牌厂家 | 供应类型 | 版本说明 | 仓库编码 | 部门编码 | 母件损耗率 | 子件损耗率\\n10100117543\\tPSH06D01E-50.02.02\\t电源盒组件\\t10100117549\\tPSH0\", \"page\": 2}, {\"doc_id\": 36, \"doc_name\": \"ERP/设备成套BOM.xlsx\", \"chunk_content\": \"[工作表: 屏蔽门19个站] 列名: 母件编码 | 母件代号 | 母件名称 | 子件编码 | 子件代号 | 子件名称 | 基础数量 | 需求数量 | 供应商 | 规格 | 材质 | 设计备注 | 品牌厂家 | 供应类型 | 版本说明 | 仓库编码 | 部门编码 | 母件损耗率 | 子件损耗率\\n10100117552\\tPSH06D11E-50.01.03\\t门控单元盒组件\\t10100117550\\tPS\", \"page\": 2}, {\"doc_id\": 36, \"doc_name\": \"ERP/设备成套BOM.xlsx\", \"chunk_content\": \"[工作表: 屏蔽门19个站] 列名: 母件编码 | 母件代号 | 母件名称 | 子件编码 | 子件代号 | 子件名称 | 基础数量 | 需求数量 | 供应商 | 规格 | 材质 | 设计备注 | 品牌厂家 | 供应类型 | 版本说明 | 仓库编码 | 部门编码 | 母件损耗率 | 子件损耗率\\n13103100177\\tPSH06D10E-20.01\\t数字化平台\\t22106100071\\tHiNet G\", \"page\": null}, {\"doc_id\": 36, \"doc_name\": \"ERP/设备成套BOM.xlsx\", \"chunk_content\": \"[工作表: 屏蔽门19个站] 列名: 母件编码 | 母件代号 | 母件名称 | 子件编码 | 子件代号 | 子件名称 | 基础数量 | 需求数量 | 供应商 | 规格 | 材质 | 设计备注 | 品牌厂家 | 供应类型 | 版本说明 | 仓库编码 | 部门编码 | 母件损耗率 | 子件损耗率\\n10600400693\\tPSH06D11E-51\\t应急门电气\\t22103100085\\tAD11-40ZH/\", \"page\": null}, {\"doc_id\": 36, \"doc_name\": \"ERP/设备成套BOM.xlsx\", \"chunk_content\": \"[工作表: 屏蔽门19个站] 列名: 母件编码 | 母件代号 | 母件名称 | 子件编码 | 子件代号 | 子件名称 | 基础数量 | 需求数量 | 供应商 | 规格 | 材质 | 设计备注 | 品牌厂家 | 供应类型 | 版本说明 | 仓库编码 | 部门编码 | 母件损耗率 | 子件损耗率\\n母件编码\\t母件代号\\t母件名称\\t子件编码\\t子件代号\\t子件名称\\t基础数量\\t需求数量\\t供应商\\t规格\\t材质\\t设计备\", \"page\": null}, {\"doc_id\": 36, \"doc_name\": \"ERP/设备成套BOM.xlsx\", \"chunk_content\": \"[工作表: 屏蔽门19个站] 列名: 母件编码 | 母件代号 | 母件名称 | 子件编码 | 子件代号 | 子件名称 | 基础数量 | 需求数量 | 供应商 | 规格 | 材质 | 设计备注 | 品牌厂家 | 供应类型 | 版本说明 | 仓库编码 | 部门编码 | 母件损耗率 | 子件损耗率\\n母件编码\\t母件代号\\t母件名称\\t子件编码\\t子件代号\\t子件名称\\t基础数量\\t需求数量\\t供应商\\t规格\\t材质\\t设计备\", \"page\": null}]', 2948, '2026-06-05 13:29:27');
INSERT INTO `messages` VALUES (18, 36, 'user', '可以帮我分析一下几个厂商的优势吗', NULL, NULL, '2026-06-09 09:09:24');
INSERT INTO `messages` VALUES (19, 36, 'assistant', '根据您提供的文档内容，我找到了关于单兵执法仪/记录仪厂商的信息。以下是各厂商的优势分析：\n\n1. **海康威视**  \n   - **优势**：支持二次开发和集成到运维平台，质保时长最长（2年），支持手机远程看视频，且无技术服务费。电池可更换（250元/块），持续录像时长8小时，存储容量64G。  \n   - **适用场景**：适合需要长期稳定使用、对二次开发和平台集成有需求的企业。\n\n2. **马路成品**  \n   - **优势**：价格最低（4G版1300元），已含备用电池1块，持续录像时长7小时，支持二次开发和集成到运维平台，且历史视频存储到我方服务器无需线下人工处理。  \n   - **适用场景**：适合预算有限、注重便捷性和历史视频存储自动化的用户。\n\n3. **数果**  \n   - **优势**：5G版价格3980元，已含备用电池1块，支持手机远程看视频。  \n   - **劣势**：持续录像时长最短（4小时），不支持二次开发和集成到运维平台，历史视频存储需线下人工处理，质保仅1年。  \n   - **适用场景**：适合对5G网络有需求、但对二次开发和平台集成要求不高的用户。\n\n来源：《单兵执法仪/单兵记录仪比较.xlsx》', '[{\"doc_id\": 22, \"doc_name\": \"浅田宗伯方论医案集.pdf\", \"chunk_content\": \"3\\n浅田宗伯小传\\n量的著作，且其中不乏传世经典。其著作数量之多，在日本历代医家中可谓前\\n无古人，后无来者。\\n据统计，浅田宗伯在医学方面的著作共五十九部，其中有《伤寒论》《金匮要\\n略》《温疫论》的注解，有古方、后世方的解说，有关于脚气、梅毒、麻疹等疾病的\\n治疗心得，还有温泉治疗、行军备急、健康运动法等专著。可以说囊括了内、外、\\n妇、儿、生活保健各个方面，称得上是汉方医学真正的集大成者。这些医学著作\\n\", \"page\": 21}, {\"doc_id\": 22, \"doc_name\": \"单兵执法仪/单兵记录仪比较.xlsx\", \"chunk_content\": \"[工作表: Sheet1] 列名: 设备厂商 | 4G/5G价格 | 电池 | 存储容量 | 持续录像时长 | 二次开发 | 集成到运维平台 | 历史视频存储到我方服务器 | 质保时长 | 手机远程看视频 | 技术服务费\\n设备厂商\\t4G/5G价格\\t电池\\t存储容量\\t持续录像时长\\t二次开发\\t集成到运维平台\\t历史视频存储到我方服务器\\t质保时长\\t手机远程看视频\\t技术服务费\\n海康威视\\t4G:2020/5G:\", \"page\": null}, {\"doc_id\": 22, \"doc_name\": \"浅田宗伯方论医案集.pdf\", \"chunk_content\": \"4\\n浅田宗伯小传\\n亲王痉证案。这三个医案在浅田宗伯的一生中有着重要的意义，对其名声提高\\n以及与政府、皇室建立良好的关系都起着关键的作用。\\n温知社运动与汉方存续运动\\n明治七年（1874 年），日本政府进行了医疗制度改革，准备发布西洋医学七\\n科制度。相对地，汉方医在此制度下实质上没有被承认。对此，浅田宗伯同都\\n下的五位汉方医家代表（清川玄道、冈田沧海、高岛祐启 1、河内全节 2、桐渊道斋）\\n进行集会，\", \"page\": 22}, {\"doc_id\": 22, \"doc_name\": \"浅田宗伯方论医案集.pdf\", \"chunk_content\": \"70\\n方论篇\\n勿误药室方函及口诀\\n生脉散 （辨惑）\\n【主治】 滋生精气， 培养真元，补心润肺。\\n【组成】 麦冬 人参 五味子\\n【加减】 按《外台》深师疗伤寒下后，除热止渴，五味麦门冬汤去甘草石\\n膏者。\\n【方论】 世间虽云此方出自《千金方》，实则不确，此方张洁古、李东垣始用\\n之。其旨为寒则凝血，暑则伤气。暑者，损人元气也，尤老人、虚人伤暑更甚，\\n六脉无力，甚至结代。此方可扶持元气而生脉，不限暑中，一\", \"page\": 88}, {\"doc_id\": 22, \"doc_name\": \"浅田宗伯方论医案集.pdf\", \"chunk_content\": \"317\\n编者按：本章将散见《橘窗书影》各处的浅田宗伯麻疹诊治体会归列篇首，\\n之后分别论述麻疹之常证、内陷之变证及后遗症。由于疫苗的普及，麻疹发病\\n率明显降低，但其治则和方药可以灵活用于其他传染病和皮肤病。\\n天保七年，岁在丙申，余悬壶江都。其年入夏五月间，以伯父佐久间氏家为\\n主，麻疹流行。其证咳嗽，喷嚏，鼻流清涕，呵欠，眼胞肿而泪流注注。又面微\\n肿，恶心干呕，头痛目眩等，与痘证克似，但双腮发赤、咽中\", \"page\": 335}, {\"doc_id\": 22, \"doc_name\": \"浅田宗伯方论医案集.pdf\", \"chunk_content\": \"11\\n中医学诊治疾病以整体观念和辨证论治为特点，包括理法方药四个环节。\\n由于中医缺乏严格统一的规范，不同医生面对同一患者，常做出不同的病情分\\n析与诊断，选方亦随流派、师承、个人经验而不同，且常在“随证治之”的原则下\\n灵活加减，最终结果是不同中医师面对同一患者，开出的处方是五花八门的。\\n不可否认，有效的处方不止一张。但严格说来，最佳处方只有一张。笔者认为\\n中医的最佳处方需满足三个条件：符合中医理论、\", \"page\": 12}]', 4097, '2026-06-09 09:09:28');
INSERT INTO `messages` VALUES (20, 37, 'user', '运维管理平台的网址是什么？', NULL, NULL, '2026-06-09 09:18:30');
INSERT INTO `messages` VALUES (21, 37, 'assistant', '根据文档内容，运维管理平台（JCMRO）的网址是：  \nhttp://101.231.55.172:8082/dashboard/analysis  \n\n来源：《智慧运维平台应用介绍(1)(2).docx》', '[{\"doc_id\": 7, \"doc_name\": \"智慧运维平台应用介绍(1)(2).docx\", \"chunk_content\": \"智慧运维平台试点应用进度报告\\n车站级平台[边缘智能]实现功能\\nhttp://192.168.30.177:8090/index\\n车站级平台[边缘计算]实现功能\\n中心级平台[智慧运维]实现功能\\nhttp://192.168.10.51:8089/index\\n物联网平台[JCIOT]实现功能\\nhttp://192.168.52.220:8086/\\n调度系统[JCOCC]实现功能\\nhttp://192.\", \"page\": null}, {\"doc_id\": 7, \"doc_name\": \"智慧运维平台应用介绍(1)(2).docx\", \"chunk_content\": \"功能模块\\t功能点\\t功能描述\\t3月进度\\t5月进度\\t待开发\\n产品管理\\t产品管理\\t产品基础信息、产品物模型等相关功能\\t✔\\t\\t\\n产品管理\\t品类管理\\t品类基础信息管理功能\\t✔\\t\\t\\n产品管理\\t物模型管理\\t物模型信息管理\\t✔\\t\\t\\n设备管理\\t设备分组\\t分组基础信息功能\\t✔\\t\\t\\n设备管理\\t设备列表\\t设备基础信息、单设备相关实时报警、预警数据、实时状态\\t✔\\t\\t\\n设备管理\\t网关下属设备导入\\t网关下属设备数据批量导入\\t\\t\", \"page\": null}, {\"doc_id\": 7, \"doc_name\": \"智慧运维平台应用介绍(1)(2).docx\", \"chunk_content\": \"功能模块\\t功能点\\t功能描述\\t3月进度\\t5月进度\\t待开发\\n运营汇报\\t日报管理和统计\\t\\t✔\\t\\t\\n运营汇报\\t月报管理和统计\\t\\t✔\\t\\t\\n运营汇报\\t线路分析\\t\\t✔\\t\\t\\n运营汇报\\t车站分析\\t\\t✔\\t\\t\\n运营汇报\\t故障类型\\t\\t✔\\t\\t\\n运营汇报\\t故障区域\\t\\t✔\\t\\t\\n运营汇报\\t故障位置\\t\\t✔\\t\\t\\n运营汇报\\t故障单元\\t\\t✔\\t\\t\\n运营汇报\\t线路分配\\t\\t✔\\t\\t\\n备件管理\\t标签打印\\t\\t✔\\t\\t\\n备件管理\\t仓库管理\\t\\t✔\\t\\t\\n备\", \"page\": null}, {\"doc_id\": 7, \"doc_name\": \"智慧运维平台应用介绍(1)(2).docx\", \"chunk_content\": \"功能模块\\t功能点\\t功能描述\\t3月进度\\t5月进度\\t待开发\\n设备管理\\t配置设备\\t站台门相关的各种硬件设备管理\\t✔\\t\\t\\n设备管理\\t评价纪录\\t对设备进行打分\\t✔\\t\\t\\n设备管理\\t设备状态\\t设备状态纪录，健康评估定义、建模及规则管理\\t✔\\t\\t\\n测点管理\\t采集测点\\t数据采集配置\\t✔\\t\\t\\n参数比较\\t参数对比\\t\\t✔\\t\\t\\n基础管理\\t数据同步\\t功能模块以列表形式展示，点击右侧版本列表可选择历史版本进行同步\\t✔\\t\\t\\n基础管\", \"page\": null}, {\"doc_id\": 7, \"doc_name\": \"智慧运维平台应用介绍(1)(2).docx\", \"chunk_content\": \"功能模块\\t功能点\\t功能描述\\t3月进度\\t5月进度\\t待开发\\n特征模型管理\\t特征模型发布\\t\\t✔\\t\\t\\n特征模型管理\\t特征同步记录\\t\\t✔\\t\\t\\n预警规则管理\\t预警数据维护\\t\\t✔\\t\\t\\n预警规则管理\\t预警规则发布\\t\\t✔\\t\\t\\n预警规则管理\\t预警同步记录\\t\\t✔\\t\\t\\n告警规则管理\\t告警数据维护\\t\\t✔\\t\\t\\n告警规则管理\\t告警规则发布\\t\\t✔\\t\\t\\n告警规则管理\\t告警同步记录\\t\\t✔\\t\\t\\n故障功能管理\\t故障诊断维护\\t\\t✔\\t\\t\\n故\", \"page\": null}, {\"doc_id\": 7, \"doc_name\": \"智慧运维平台应用介绍(1)(2).docx\", \"chunk_content\": \"功能模块\\t功能点\\t功能描述\\t3月进度\\t5月进度\\t待开发\\n传输管理\\t传输规则列表\\t状态传输通道及规则管理\\t✔\\t\\t\\n传输管理\\t故障传输规则\\t故障传输通道及规则管理\\t✔\\t\\t\\n传输管理\\t特征传输规则\\t特征传输通道及规则管理\\t✔\\t\\t\\n传输管理\\t参数传输规则\\t参数传输通道及规则管理\\t✔\\t\\t\\n规则管理\\t预警规则\\t创建规则，规则绑定物模型参数、配置预警计算模型、作用设备。系统同步规则后会根据创建的规则自动执行对应\", \"page\": null}]', 1763, '2026-06-09 09:18:31');
INSERT INTO `messages` VALUES (22, 37, 'user', '运维管理平台有哪些功能模块 ？', NULL, NULL, '2026-06-09 09:19:12');
INSERT INTO `messages` VALUES (23, 37, 'assistant', '根据文档内容，运维管理平台（JCMRO）的功能模块包括以下内容：\n\n- **运营汇报**：日报管理和统计、月报管理和统计、线路分析、车站分析、故障类型、故障区域、故障位置、故障单元、线路分配\n- **备件管理**：标签打印、仓库管理、备件信息（各线路备件使用记录）\n- **日常巡检**：巡检区域、巡检规划、巡检任务\n\n来源：《智慧运维平台应用介绍(1)(2).docx》', '[{\"doc_id\": 7, \"doc_name\": \"智慧运维平台应用介绍(1)(2).docx\", \"chunk_content\": \"功能模块\\t功能点\\t功能描述\\t3月进度\\t5月进度\\t待开发\\n特征模型管理\\t特征模型发布\\t\\t✔\\t\\t\\n特征模型管理\\t特征同步记录\\t\\t✔\\t\\t\\n预警规则管理\\t预警数据维护\\t\\t✔\\t\\t\\n预警规则管理\\t预警规则发布\\t\\t✔\\t\\t\\n预警规则管理\\t预警同步记录\\t\\t✔\\t\\t\\n告警规则管理\\t告警数据维护\\t\\t✔\\t\\t\\n告警规则管理\\t告警规则发布\\t\\t✔\\t\\t\\n告警规则管理\\t告警同步记录\\t\\t✔\\t\\t\\n故障功能管理\\t故障诊断维护\\t\\t✔\\t\\t\\n故\", \"page\": null}, {\"doc_id\": 7, \"doc_name\": \"智慧运维平台应用介绍(1)(2).docx\", \"chunk_content\": \"功能模块\\t功能点\\t功能描述\\t3月进度\\t5月进度\\t待开发\\n运营汇报\\t日报管理和统计\\t\\t✔\\t\\t\\n运营汇报\\t月报管理和统计\\t\\t✔\\t\\t\\n运营汇报\\t线路分析\\t\\t✔\\t\\t\\n运营汇报\\t车站分析\\t\\t✔\\t\\t\\n运营汇报\\t故障类型\\t\\t✔\\t\\t\\n运营汇报\\t故障区域\\t\\t✔\\t\\t\\n运营汇报\\t故障位置\\t\\t✔\\t\\t\\n运营汇报\\t故障单元\\t\\t✔\\t\\t\\n运营汇报\\t线路分配\\t\\t✔\\t\\t\\n备件管理\\t标签打印\\t\\t✔\\t\\t\\n备件管理\\t仓库管理\\t\\t✔\\t\\t\\n备\", \"page\": null}, {\"doc_id\": 7, \"doc_name\": \"智慧运维平台应用介绍(1)(2).docx\", \"chunk_content\": \"功能模块\\t功能点\\t功能描述\\t3月进度\\t5月进度\\t待开发\\n产品管理\\t产品管理\\t产品基础信息、产品物模型等相关功能\\t✔\\t\\t\\n产品管理\\t品类管理\\t品类基础信息管理功能\\t✔\\t\\t\\n产品管理\\t物模型管理\\t物模型信息管理\\t✔\\t\\t\\n设备管理\\t设备分组\\t分组基础信息功能\\t✔\\t\\t\\n设备管理\\t设备列表\\t设备基础信息、单设备相关实时报警、预警数据、实时状态\\t✔\\t\\t\\n设备管理\\t网关下属设备导入\\t网关下属设备数据批量导入\\t\\t\", \"page\": null}, {\"doc_id\": 7, \"doc_name\": \"智慧运维平台应用介绍(1)(2).docx\", \"chunk_content\": \"智慧运维平台试点应用进度报告\\n车站级平台[边缘智能]实现功能\\nhttp://192.168.30.177:8090/index\\n车站级平台[边缘计算]实现功能\\n中心级平台[智慧运维]实现功能\\nhttp://192.168.10.51:8089/index\\n物联网平台[JCIOT]实现功能\\nhttp://192.168.52.220:8086/\\n调度系统[JCOCC]实现功能\\nhttp://192.\", \"page\": null}, {\"doc_id\": 7, \"doc_name\": \"智慧运维平台应用介绍(1)(2).docx\", \"chunk_content\": \"功能模块\\t功能点\\t功能描述\\t3月进度\\t5月进度\\t待开发\\n传输管理\\t传输规则列表\\t状态传输通道及规则管理\\t✔\\t\\t\\n传输管理\\t故障传输规则\\t故障传输通道及规则管理\\t✔\\t\\t\\n传输管理\\t特征传输规则\\t特征传输通道及规则管理\\t✔\\t\\t\\n传输管理\\t参数传输规则\\t参数传输通道及规则管理\\t✔\\t\\t\\n规则管理\\t预警规则\\t创建规则，规则绑定物模型参数、配置预警计算模型、作用设备。系统同步规则后会根据创建的规则自动执行对应\", \"page\": null}, {\"doc_id\": 7, \"doc_name\": \"智慧运维平台应用介绍(1)(2).docx\", \"chunk_content\": \"功能模块\\t功能点\\t功能描述\\t3月进度\\t5月进度\\t待开发\\n配置管理\\t配置数据加载\\t\\t无\\t✔\\t\\n数据处理\\t实时数据清洗\\t\\t无\\t✔\\t\\n数据处理\\t实时数据推送\\t\\t无\\t✔\\t\\n故障处理\\t故障数据处理\\t\\t无\\t✔\\t\\n故障处理\\t故障规则匹配\\t\\t无\\t\\t✔\\n故障处理\\t故障消除处理\\t\\t无\\t\\t✔\\n规则引擎\\t规则配置\\t\\t无\\t✔\\t\\n规则引擎\\t规则模型匹配\\t\\t无\\t\\t✔\\n规则引擎\\t规则分析与执行\\t\\t无\\t\\t✔\\n规则引擎\\t规则结果处理\", \"page\": null}]', 2179, '2026-06-09 09:19:14');
INSERT INTO `messages` VALUES (24, 38, 'user', '文章中提到了几个人 ？', NULL, NULL, '2026-06-09 09:45:05');
INSERT INTO `messages` VALUES (25, 38, 'assistant', '根据检索到的文档内容，共提到了以下两位人员：\n\n1. **熊文波**：浙江大学电子与通信工程硕士，高级工程师，担任杭州爱华智能科技有限公司的法定代表人，同时兼任中国声学学会理事等多个社会职务，从事噪声振动测量仪器研发二十余年。\n2. **张绍栋**：高级工程师，享受国务院特殊津贴，曾领导主持设计了国内第一代声级计，退休后创办杭州爱华仪器有限公司，是全国噪声与振动控制委员会评选的五位终生成就奖之一。\n\n来源：《杭州爱华-建筑声学测量-个体噪声剂量-多功能声级计-噪声分析仪厂家.txt》', '[{\"doc_id\": 64, \"doc_name\": \"杭州爱华-建筑声学测量-个体噪声剂量-多功能声级计-噪声分析仪厂家.txt\", \"chunk_content\": \"近日，5月14至5月15日为期两天的 国家继续医学教育项目——职业人群耳与听力健康保护技术培训班圆满落幕。杭州爱华智能科技有限公司受邀参会，携旗下核心产品亮相现场，与来自全国疾控、职防领域的专家学者共探听力健康保护前沿技术与实践方案。\\n2026-05-26 15:38:35\\n熊文波\\n法定代表人\\n浙江大学电子与通信工程硕士，高级工程师，中国声学学会理事、中国环境保护产业协会噪声与振动专业委员会常务委\", \"page\": null}, {\"doc_id\": 64, \"doc_name\": \"杭州爱华-建筑声学测量-个体噪声剂量-多功能声级计-噪声分析仪厂家.txt\", \"chunk_content\": \"高级工程师，享受国务院特殊津贴。1957年考入成都电讯工程学院（电子科技大学），毕业后进入国营734厂（南京有线电厂），后担任国营4380厂（红声器材厂）厂长，领导主持设计了国内第一代声级计，获得了全国科学大会奖。主持和参与制定声级计等国家标准和行业标准，发表论文数十篇。退休后创办杭州爱华仪器有限公司，经过30年的发展，已经成为国内最大的声学振动测量仪器生产研发企业。市场占有率遥遥领先于同行。是全\", \"page\": null}, {\"doc_id\": 64, \"doc_name\": \"杭州爱华-建筑声学测量-个体噪声剂量-多功能声级计-噪声分析仪厂家.txt\", \"chunk_content\": \"杭州爱华-建筑声学测量-个体噪声剂量-多功能声级计-噪声分析仪厂家\\n首页\\n产品介绍\\n行业解决方案\\n新闻中心\\n技术支持\\n资质荣誉\\n联系我们\\n线上商城\\n销售热线：\\n技术支持：\\nCN\\nEN\\n全部\\n搜索内容...\\nPrevious\\n噪声自动监测系统\\nAHAI 6218J、AHAI 2001\\n无线建声测量系统\\nAHAI 1002\\n声学相机及鸣笛抓拍系统\\nAHAI 1010\\\\1001\\n振动测量仪器\\nAHAI \", \"page\": null}, {\"doc_id\": 64, \"doc_name\": \"杭州爱华-建筑声学测量-个体噪声剂量-多功能声级计-噪声分析仪厂家.txt\", \"chunk_content\": \"在制造业、矿业、建筑业等高噪声行业中，职业性噪声聋已成为不可忽视的“隐形杀手”。据相关研究表明，长期暴露于超过85dB高强度噪声环境中，内耳毛细胞会逐渐受损，最终导致感音神经性听力损失。然而，许多企业在开展职业卫生噪声监测时仍面临一个普遍难题：传统的个人声暴露计仅能测量单侧近耳噪声，但很多工作场景中左右耳的噪声暴露量并不对称。当噪声源在工人头部一侧或噪声源方向不对称时，仅凭单一通道的测量结果，既无\", \"page\": null}, {\"doc_id\": 64, \"doc_name\": \"杭州爱华-建筑声学测量-个体噪声剂量-多功能声级计-噪声分析仪厂家.txt\", \"chunk_content\": \"来源URL：https://www.aihua-ai.cn/?bdclick=1&sdclkid=ALfG15eG15el152Rxg&bd_vid=8049923355063354330\\n标题：杭州爱华-建筑声学测量-个体噪声剂量-多功能声级计-噪声分析仪厂家\", \"page\": null}, {\"doc_id\": 64, \"doc_name\": \"杭州爱华-建筑声学测量-个体噪声剂量-多功能声级计-噪声分析仪厂家.txt\", \"chunk_content\": \"电话咨询\\nx\\n400-808-7808\\n复制\", \"page\": null}]', 2947, '2026-06-09 09:45:08');
INSERT INTO `messages` VALUES (26, 39, 'user', '如何启动Celery', NULL, NULL, '2026-06-10 09:07:09');
INSERT INTO `messages` VALUES (27, 39, 'assistant', '根据文档内容，启动 Celery 需要分别启动 **Celery Worker**（文档处理任务）和 **Celery Beat**（定时目录扫描），具体命令如下：\n\n### 启动 Celery Worker（文档处理任务）\n```bash\ncd /path/to/knowledge-base/backend\ncelery -A app.celery_app worker -l info --concurrency=4\n```\n\n### 启动 Celery Beat（定时目录扫描）\n```bash\ncd /path/to/knowledge-base/backend\ncelery -A app.celery_app beat -l info\n```\n\n> **生产环境建议**：使用 `systemd` 或 `supervisor` 管理上述进程，确保崩溃后自动重启。\n\n来源：《bbb.md》', '[{\"doc_id\": 66, \"doc_name\": \"bbb.md\", \"chunk_content\": \"```bash\\ncd /path/to/knowledge-base/backend\\ncelery -A app.celery_app beat -l info                                启动定时目录扫描\\n```\\n> **生产环境建议**：使用 `systemd` 或 `supervisor` 管理上述三个进程，确保崩溃后自动重启。\\n### 3.9 system\", \"page\": null}, {\"doc_id\": 66, \"doc_name\": \"bbb.md\", \"chunk_content\": \"```bash\\nuvicorn app.main:app --host 0.0.0.0 --port 8000 --workers 4\\n```\\n### 3.7 启动 Celery Worker（文档处理任务）\\n```bash\\ncd /path/to/knowledge-base/backend\\ncelery -A app.celery_app worker -l info --concurrenc\", \"page\": null}, {\"doc_id\": 66, \"doc_name\": \"bbb.md\", \"chunk_content\": \"### 3.6 启动 FastAPI 后端\\n**开发模式（支持热重载）：**\\n```bash\\ncd /path/to/knowledge-base/backend\\nuv pip install --system openai\\nuvicorn app.main:app --reload --host 0.0.0.0 --port 8000               启动后端服务   ==== 18\", \"page\": null}]', 2954, '2026-06-10 09:07:12');
INSERT INTO `messages` VALUES (28, 40, 'user', '单兵记录仪有几个供应商 ？', NULL, NULL, '2026-06-10 09:22:51');
INSERT INTO `messages` VALUES (29, 40, 'assistant', '根据检索到的文档内容，未找到关于“单兵记录仪”供应商的具体信息。文档中主要涉及车场工艺设备、通信系统、网络设备及网络安全专用产品等系统的供应商调研情况，但未提及单兵记录仪的相关内容。\n\n来源：《信创论证报4.docx》', '[{\"doc_id\": 11, \"doc_name\": \"信创论证报4.docx\", \"chunk_content\": \"序号\\t系统\\t调研情况\\t必要性分析\\n\\t车场工艺设备\\t针对车场工艺设备涉及到的应用软件调研了东莞诺丽科技股份有限公司（以下简称“东莞诺丽”）、成都唐源电气股份有限公司（以下简称“唐源电气”）、成都运达科技股份有限公司（以下简称“运达科技”）、江苏中车数字科技有限公司（以下简称“江苏中车”）共4家供应商。调研情况总结如下：\\n1.东莞诺丽：\\n（1）信创案例：无。\\n（2）现状：正在基于信创操作系统+信创数据\", \"page\": null}, {\"doc_id\": 11, \"doc_name\": \"信创论证报4.docx\", \"chunk_content\": \"序号\\t系统名称\\t系统类别\\t调研情况\\n1）信创案例：天津试点应用中\\n2）现状：已经完成信创适配工作，正在天津开展试点。\\n（2）贝能达\\n1）信创案例：无\\n2）现状：已经完成信创适配工作，除了CPU使用非信创产品，操作系统和数据库已使用信创厂商的产品。\\n时钟系统\\n调研了烟台持久钟表集团有限公司、烟台北极星钟表（集团）有限公司等2家供应商，均未开展信创相关工作。\\n电源系统\\n调研了重庆山顿科技有限公司。\\n1\", \"page\": null}, {\"doc_id\": 11, \"doc_name\": \"信创论证报4.docx\", \"chunk_content\": \"序号\\t系统\\t调研情况\\t必要性分析\\n调研了烟台持久钟表集团有限公司、烟台北极星钟表（集团）有限公司等2家供应商，均未开展信创相关工作。\\n电源系统\\n调研了重庆山顿科技有限公司。\\n1）信创案例：无。\\n2）现状：正在开展信创适配工作。\\n集中告警系统\\n调研了上海高凯信息技术有限公司（以下简称“上海高凯”）、烽火通信科技股份有限公司（以下简称“烽火通信”）等供应商。\\n上海高凯：不了解信创，暂无信创工作计划。\\n\", \"page\": null}, {\"doc_id\": 11, \"doc_name\": \"信创论证报4.docx\", \"chunk_content\": \"序号\\t供应商\\t调研情况\\n\\t华为\\t目前该公司网络设备所采用的交换机专用芯片主要采用华为海思自研芯片或外部采购的芯片等，在各重点行业领域具备应用案例。\\n\\t新华三\\t目前该公司网络设备主要采用自研或外部采购的交换机专用芯片，已经有基于飞腾、海光等国产芯片的网络安全专用产品，在其他行业也有应用案例，但是在轨道交通信号专业暂无应用案例。\\n\\t深信服\\t目前该公司全线网络安全专用产品都有基于信创的版本且已经量产，在\", \"page\": null}, {\"doc_id\": 11, \"doc_name\": \"信创论证报4.docx\", \"chunk_content\": \"采购分析\\n系统概况\\n本项目涉及的综合监控系统、车站中央控制系统、自动售检票（AFC）系统、通信系统、风水电系统、站台门系统、车场工艺设备等7个系统均为生产运营系统，根据调研，截至2024年12月31日，各系统现状以及信创改造情况如下：\\n表 1 系统情况\\n同时，项目组对华为、新华三、深信服等10家国内主流网络设备及网络安全专用产品供应商也进行了调研，截至2024年12月20日，调研现状如下：\\n表 2\", \"page\": null}, {\"doc_id\": 11, \"doc_name\": \"信创论证报4.docx\", \"chunk_content\": \"序号\\t采购类型\\t产品\\t产品参数\\t数量\\n\\t例外采购\\t无线系统录音服务器\\tCPU：Intel_5318H 内存：32G DDR4；硬盘：600G 10K SAS；\\t2\\t通信系统\\t\\t\\t通信系统属生产运营系统，对业务运行影响大。目前此类子系统暂无在信创环境上运行的成熟案例。\\n\\t例外采购\\t无线系统便携式维护终端\\t同传输系统便携式维护终端\\t1\\t通信系统\\t\\t\\t通信系统属生产运营系统，对业务运行影响大。目前此类子\", \"page\": null}]', 2050, '2026-06-10 09:22:53');
INSERT INTO `messages` VALUES (30, 41, 'user', '单兵记录仪有几个供应商 ？', NULL, NULL, '2026-06-10 09:50:48');
INSERT INTO `messages` VALUES (31, 41, 'assistant', '根据检索到的文档内容，未找到关于“单兵记录仪”供应商的具体信息。文档中主要涉及车场工艺设备、通信系统、网络设备及网络安全专用产品等系统的供应商调研情况，但未提及单兵记录仪的相关内容。\n\n来源：《信创论证报4.docx》', '[{\"doc_id\": 11, \"doc_name\": \"信创论证报4.docx\", \"chunk_content\": \"序号\\t系统\\t调研情况\\t必要性分析\\n\\t车场工艺设备\\t针对车场工艺设备涉及到的应用软件调研了东莞诺丽科技股份有限公司（以下简称“东莞诺丽”）、成都唐源电气股份有限公司（以下简称“唐源电气”）、成都运达科技股份有限公司（以下简称“运达科技”）、江苏中车数字科技有限公司（以下简称“江苏中车”）共4家供应商。调研情况总结如下：\\n1.东莞诺丽：\\n（1）信创案例：无。\\n（2）现状：正在基于信创操作系统+信创数据\", \"page\": null}, {\"doc_id\": 11, \"doc_name\": \"信创论证报4.docx\", \"chunk_content\": \"序号\\t系统名称\\t系统类别\\t调研情况\\n1）信创案例：天津试点应用中\\n2）现状：已经完成信创适配工作，正在天津开展试点。\\n（2）贝能达\\n1）信创案例：无\\n2）现状：已经完成信创适配工作，除了CPU使用非信创产品，操作系统和数据库已使用信创厂商的产品。\\n时钟系统\\n调研了烟台持久钟表集团有限公司、烟台北极星钟表（集团）有限公司等2家供应商，均未开展信创相关工作。\\n电源系统\\n调研了重庆山顿科技有限公司。\\n1\", \"page\": null}, {\"doc_id\": 11, \"doc_name\": \"信创论证报4.docx\", \"chunk_content\": \"序号\\t系统\\t调研情况\\t必要性分析\\n调研了烟台持久钟表集团有限公司、烟台北极星钟表（集团）有限公司等2家供应商，均未开展信创相关工作。\\n电源系统\\n调研了重庆山顿科技有限公司。\\n1）信创案例：无。\\n2）现状：正在开展信创适配工作。\\n集中告警系统\\n调研了上海高凯信息技术有限公司（以下简称“上海高凯”）、烽火通信科技股份有限公司（以下简称“烽火通信”）等供应商。\\n上海高凯：不了解信创，暂无信创工作计划。\\n\", \"page\": null}, {\"doc_id\": 11, \"doc_name\": \"信创论证报4.docx\", \"chunk_content\": \"序号\\t供应商\\t调研情况\\n\\t华为\\t目前该公司网络设备所采用的交换机专用芯片主要采用华为海思自研芯片或外部采购的芯片等，在各重点行业领域具备应用案例。\\n\\t新华三\\t目前该公司网络设备主要采用自研或外部采购的交换机专用芯片，已经有基于飞腾、海光等国产芯片的网络安全专用产品，在其他行业也有应用案例，但是在轨道交通信号专业暂无应用案例。\\n\\t深信服\\t目前该公司全线网络安全专用产品都有基于信创的版本且已经量产，在\", \"page\": null}, {\"doc_id\": 11, \"doc_name\": \"信创论证报4.docx\", \"chunk_content\": \"采购分析\\n系统概况\\n本项目涉及的综合监控系统、车站中央控制系统、自动售检票（AFC）系统、通信系统、风水电系统、站台门系统、车场工艺设备等7个系统均为生产运营系统，根据调研，截至2024年12月31日，各系统现状以及信创改造情况如下：\\n表 1 系统情况\\n同时，项目组对华为、新华三、深信服等10家国内主流网络设备及网络安全专用产品供应商也进行了调研，截至2024年12月20日，调研现状如下：\\n表 2\", \"page\": null}, {\"doc_id\": 11, \"doc_name\": \"信创论证报4.docx\", \"chunk_content\": \"序号\\t采购类型\\t产品\\t产品参数\\t数量\\n\\t例外采购\\t无线系统录音服务器\\tCPU：Intel_5318H 内存：32G DDR4；硬盘：600G 10K SAS；\\t2\\t通信系统\\t\\t\\t通信系统属生产运营系统，对业务运行影响大。目前此类子系统暂无在信创环境上运行的成熟案例。\\n\\t例外采购\\t无线系统便携式维护终端\\t同传输系统便携式维护终端\\t1\\t通信系统\\t\\t\\t通信系统属生产运营系统，对业务运行影响大。目前此类子\", \"page\": null}]', 1766, '2026-06-10 09:50:50');
INSERT INTO `messages` VALUES (32, 41, 'user', '车站级平台的网址是什么？', NULL, NULL, '2026-06-10 09:54:34');
INSERT INTO `messages` VALUES (33, 41, 'assistant', '车站级平台的网址是：http://192.168.30.177:8090/index\n\n来源：《智慧运维平台应用介绍(1)(2).docx》', '[{\"doc_id\": 7, \"doc_name\": \"智慧运维平台应用介绍(1)(2).docx\", \"chunk_content\": \"智慧运维平台试点应用进度报告\\n车站级平台[边缘智能]实现功能\\nhttp://192.168.30.177:8090/index\\n车站级平台[边缘计算]实现功能\\n中心级平台[智慧运维]实现功能\\nhttp://192.168.10.51:8089/index\\n物联网平台[JCIOT]实现功能\\nhttp://192.168.52.220:8086/\\n调度系统[JCOCC]实现功能\\nhttp://192.\", \"page\": null}, {\"doc_id\": 12, \"doc_name\": \"智慧运维平台应用介绍.docx\", \"chunk_content\": \"【2. 故障诊断】\\n试点车站安装边缘计算服务器，负责站台门系统PSC的数据采集和处理，并进行边缘计算对故障进行智能化处理，对设备故障进行实时告警、发生故障后利用故障逻辑树进行推理诊断，快速定位到故障对象和故障原因。同时，利用线路内部的通信网络，将数据推送至调度中心。调度中心对线路上车站的站台门设备整体运营状况进行监测，对发生的故障进行自动化派单，并跟踪工单执行的过程和进度，也提供对备品备件及知识库\", \"page\": null}, {\"doc_id\": 12, \"doc_name\": \"智慧运维平台应用介绍.docx\", \"chunk_content\": \"站台门运维平台包括车站级系统和中心级系统两个部分。其中，车站级系统是安装部署在车站侧并且面向设备层的进行数据采集、检测、计算、诊断、预警、评估等一系列软件和系统；中心级系统是安装部署在调度中心，面向设备、业务和管理，对各车站汇聚的数据进行运营监测、分析计算、综合调度等。系统架构如下：\\n车站级运维平台主要是面向站台门设备的实时监测和故障管理，实现站台门设备的运行状态监测和检测，故障告警、故障诊断、故\", \"page\": null}, {\"doc_id\": 12, \"doc_name\": \"智慧运维平台应用介绍.docx\", \"chunk_content\": \"【2. 故障诊断】\\n试点车站接入后，嘉成公司需要将以下线路所有车站数据接入到平台。\\n2025年6月之前，至少一条完整线路的数据接入。\\n2025年5月底，李子园。\\n接入方式\\n在有数字底座的车站，按照数字底座进行接入，没有数字底座的车站，如果有申通5G专网，则通过申通5G转往接入，如果没有申通5G专网，则通过公用5G网络将车站接入到地铁梅隆基地的中心级平台。\\n实现功能\\n站台门运维平台应实现如下主要功能\", \"page\": null}, {\"doc_id\": 12, \"doc_name\": \"智慧运维平台应用介绍.docx\", \"chunk_content\": \"【2. 故障诊断】\\n工业物联网平台主要用于各线路车站的汇聚、计算、存储和转发等。部署在线路或中心级服务器，建立以管理设备为基本单元的物模型，并通过工业物联网协议MQTT，汇聚各车站对于站台门的实时状态、故障报警、故障预警等数据，同时也接收车站智能诊断的推送结果。为综合调度平台和运维管理平台提供数据查询和应用服务。\\n3 综合调度平台（JCOCC）页面：蒋晓龙，功能实现：彭凯 综合看板/故障告警5月底\", \"page\": null}, {\"doc_id\": 12, \"doc_name\": \"智慧运维平台应用介绍.docx\", \"chunk_content\": \"边缘计算：接收各物联网网关采集传输的数据信息，收集汇集大量的设备现场数据，满足设备分析诊断需高频率、及时响应的要求，在边缘计算本地进行数据分析处理，避免海量数据无法全面及时通过网络传输到中心平台导致数据失真或丢失问题。在靠近设备侧、车站进行就地的数据清洗处理、特征提取、模型运算、诊断预警、设备健康评价，向中心平台输出及时、细致、准确的数据。\\n车站级应用：提供边缘计算相关的模型维护管理、设备状态参数\", \"page\": 1}]', 1326, '2026-06-10 09:54:35');
INSERT INTO `messages` VALUES (34, 42, 'user', '车站级平台的网址是什么？', NULL, NULL, '2026-06-10 10:01:21');
INSERT INTO `messages` VALUES (35, 42, 'assistant', '根据文档内容，车站级平台[边缘智能]的网址是：http://192.168.30.177:8090/index\n\n来源：《智慧运维平台应用介绍(1)(2).docx》', '[{\"doc_id\": 7, \"doc_name\": \"智慧运维平台应用介绍(1)(2).docx\", \"chunk_content\": \"智慧运维平台试点应用进度报告\\n车站级平台[边缘智能]实现功能\\nhttp://192.168.30.177:8090/index\\n车站级平台[边缘计算]实现功能\\n中心级平台[智慧运维]实现功能\\nhttp://192.168.10.51:8089/index\\n物联网平台[JCIOT]实现功能\\nhttp://192.168.52.220:8086/\\n调度系统[JCOCC]实现功能\\nhttp://192.\", \"page\": null}, {\"doc_id\": 12, \"doc_name\": \"智慧运维平台应用介绍.docx\", \"chunk_content\": \"【2. 故障诊断】\\n试点车站安装边缘计算服务器，负责站台门系统PSC的数据采集和处理，并进行边缘计算对故障进行智能化处理，对设备故障进行实时告警、发生故障后利用故障逻辑树进行推理诊断，快速定位到故障对象和故障原因。同时，利用线路内部的通信网络，将数据推送至调度中心。调度中心对线路上车站的站台门设备整体运营状况进行监测，对发生的故障进行自动化派单，并跟踪工单执行的过程和进度，也提供对备品备件及知识库\", \"page\": null}, {\"doc_id\": 12, \"doc_name\": \"智慧运维平台应用介绍.docx\", \"chunk_content\": \"站台门运维平台包括车站级系统和中心级系统两个部分。其中，车站级系统是安装部署在车站侧并且面向设备层的进行数据采集、检测、计算、诊断、预警、评估等一系列软件和系统；中心级系统是安装部署在调度中心，面向设备、业务和管理，对各车站汇聚的数据进行运营监测、分析计算、综合调度等。系统架构如下：\\n车站级运维平台主要是面向站台门设备的实时监测和故障管理，实现站台门设备的运行状态监测和检测，故障告警、故障诊断、故\", \"page\": null}, {\"doc_id\": 12, \"doc_name\": \"智慧运维平台应用介绍.docx\", \"chunk_content\": \"【2. 故障诊断】\\n试点车站接入后，嘉成公司需要将以下线路所有车站数据接入到平台。\\n2025年6月之前，至少一条完整线路的数据接入。\\n2025年5月底，李子园。\\n接入方式\\n在有数字底座的车站，按照数字底座进行接入，没有数字底座的车站，如果有申通5G专网，则通过申通5G转往接入，如果没有申通5G专网，则通过公用5G网络将车站接入到地铁梅隆基地的中心级平台。\\n实现功能\\n站台门运维平台应实现如下主要功能\", \"page\": null}, {\"doc_id\": 11, \"doc_name\": \"信创论证报4.docx\", \"chunk_content\": \"序号\\t系统\\t调研情况\\t必要性分析\\n通信为轨道交通生产运行核心系统，是轨道交通运营指挥、企业管理、服务乘客和传递各种信息的网络平台，系统稳定性、实时性及连续性要求极高。\\n\\n适配程度低：\\n通信系统部分中心级、车站级的各类子系统应用程序在国产CPU服务器、操作系统、工作站上无法正常运行，只能支持intel等国外CPU和操作系统。国内主流通信系统集成商目前正在推进适配工作。\\n\\t风水电系统\\t\\t\\n\\t站台门\\t针\", \"page\": 1}, {\"doc_id\": 12, \"doc_name\": \"智慧运维平台应用介绍.docx\", \"chunk_content\": \"智慧运维平台试点应用进度报告\\n智慧运维平台简介\\n站台门智慧运维平台通过集成物联网、云计算、大数据等新一代信息技术，实现对站台门关键部件（如电机、DCU、皮带、电磁锁、PSC等）的实时数据采集与监测，从而确保站台门的安全、可靠运行，同时，对于设备故障进行实时告警，能够及时获取设备故障信息，并及时响应、快速处置，从而保障线路的安全稳定运行。基于故障预测与健康管理（PHM）理论，对于已经发生的故障进行专\", \"page\": 1}]', 1856, '2026-06-10 10:01:23');
INSERT INTO `messages` VALUES (36, 43, 'user', '车站级平台的网址是什么？', NULL, NULL, '2026-06-10 10:07:39');
INSERT INTO `messages` VALUES (37, 43, 'assistant', '根据文档内容，车站级平台[边缘智能]的网址是：http://192.168.30.177:8090/index。\n\n来源：《智慧运维平台应用介绍(1)(2).docx》', '[{\"doc_id\": 7, \"doc_name\": \"智慧运维平台应用介绍(1)(2).docx\", \"chunk_content\": \"智慧运维平台试点应用进度报告\\n车站级平台[边缘智能]实现功能\\nhttp://192.168.30.177:8090/index\\n车站级平台[边缘计算]实现功能\\n中心级平台[智慧运维]实现功能\\nhttp://192.168.10.51:8089/index\\n物联网平台[JCIOT]实现功能\\nhttp://192.168.52.220:8086/\\n调度系统[JCOCC]实现功能\\nhttp://192.\", \"page\": null}, {\"doc_id\": 12, \"doc_name\": \"智慧运维平台应用介绍.docx\", \"chunk_content\": \"【2. 故障诊断】\\n试点车站安装边缘计算服务器，负责站台门系统PSC的数据采集和处理，并进行边缘计算对故障进行智能化处理，对设备故障进行实时告警、发生故障后利用故障逻辑树进行推理诊断，快速定位到故障对象和故障原因。同时，利用线路内部的通信网络，将数据推送至调度中心。调度中心对线路上车站的站台门设备整体运营状况进行监测，对发生的故障进行自动化派单，并跟踪工单执行的过程和进度，也提供对备品备件及知识库\", \"page\": null}, {\"doc_id\": 12, \"doc_name\": \"智慧运维平台应用介绍.docx\", \"chunk_content\": \"站台门运维平台包括车站级系统和中心级系统两个部分。其中，车站级系统是安装部署在车站侧并且面向设备层的进行数据采集、检测、计算、诊断、预警、评估等一系列软件和系统；中心级系统是安装部署在调度中心，面向设备、业务和管理，对各车站汇聚的数据进行运营监测、分析计算、综合调度等。系统架构如下：\\n车站级运维平台主要是面向站台门设备的实时监测和故障管理，实现站台门设备的运行状态监测和检测，故障告警、故障诊断、故\", \"page\": null}, {\"doc_id\": 12, \"doc_name\": \"智慧运维平台应用介绍.docx\", \"chunk_content\": \"【2. 故障诊断】\\n试点车站接入后，嘉成公司需要将以下线路所有车站数据接入到平台。\\n2025年6月之前，至少一条完整线路的数据接入。\\n2025年5月底，李子园。\\n接入方式\\n在有数字底座的车站，按照数字底座进行接入，没有数字底座的车站，如果有申通5G专网，则通过申通5G转往接入，如果没有申通5G专网，则通过公用5G网络将车站接入到地铁梅隆基地的中心级平台。\\n实现功能\\n站台门运维平台应实现如下主要功能\", \"page\": null}, {\"doc_id\": 11, \"doc_name\": \"信创论证报4.docx\", \"chunk_content\": \"序号\\t系统\\t调研情况\\t必要性分析\\n通信为轨道交通生产运行核心系统，是轨道交通运营指挥、企业管理、服务乘客和传递各种信息的网络平台，系统稳定性、实时性及连续性要求极高。\\n\\n适配程度低：\\n通信系统部分中心级、车站级的各类子系统应用程序在国产CPU服务器、操作系统、工作站上无法正常运行，只能支持intel等国外CPU和操作系统。国内主流通信系统集成商目前正在推进适配工作。\\n\\t风水电系统\\t\\t\\n\\t站台门\\t针\", \"page\": 1}, {\"doc_id\": 12, \"doc_name\": \"智慧运维平台应用介绍.docx\", \"chunk_content\": \"智慧运维平台试点应用进度报告\\n智慧运维平台简介\\n站台门智慧运维平台通过集成物联网、云计算、大数据等新一代信息技术，实现对站台门关键部件（如电机、DCU、皮带、电磁锁、PSC等）的实时数据采集与监测，从而确保站台门的安全、可靠运行，同时，对于设备故障进行实时告警，能够及时获取设备故障信息，并及时响应、快速处置，从而保障线路的安全稳定运行。基于故障预测与健康管理（PHM）理论，对于已经发生的故障进行专\", \"page\": 1}]', 1355, '2026-06-10 10:07:41');
INSERT INTO `messages` VALUES (38, 44, 'user', '车站平台的URL地址是 ？', NULL, NULL, '2026-06-10 10:10:58');
INSERT INTO `messages` VALUES (39, 44, 'assistant', '根据文档内容，车站级平台（边缘智能）的URL地址是：  \nhttp://192.168.30.177:8090/index  \n\n来源：《智慧运维平台应用介绍(1)(2).docx》', '[{\"doc_id\": 7, \"doc_name\": \"智慧运维平台应用介绍(1)(2).docx\", \"chunk_content\": \"智慧运维平台试点应用进度报告\\n车站级平台[边缘智能]实现功能\\nhttp://192.168.30.177:8090/index\\n车站级平台[边缘计算]实现功能\\n中心级平台[智慧运维]实现功能\\nhttp://192.168.10.51:8089/index\\n物联网平台[JCIOT]实现功能\\nhttp://192.168.52.220:8086/\\n调度系统[JCOCC]实现功能\\nhttp://192.\", \"page\": null}, {\"doc_id\": 7, \"doc_name\": \"智慧运维平台应用介绍(1)(2).docx\", \"chunk_content\": \"功能模块\\t功能点\\t功能描述\\t3月进度\\t5月进度\\t待开发\\n产品设计\\t物料数据管理\\t产品BOM数据：BOM数据编码、BOM数据名称、所属区域编码\\t✔\\t\\t\\n产品设计\\t供应商数据管理\\t供应商基础信息\\t✔\\t\\t\\n产品设计\\t产品模型\\t站台门产品模型数据管理，唯一模型编码设计\\t✔\\t\\t\\n产品设计\\t产品管理\\t站台门产品管理，设置产品所属模型，唯一产品编码设计\\t✔\\t\\t\\n产品设计\\t区域数据管理\\t产品区域规划与管理，区域命\", \"page\": 1}, {\"doc_id\": 7, \"doc_name\": \"智慧运维平台应用介绍(1)(2).docx\", \"chunk_content\": \"功能模块\\t功能点\\t功能描述\\t3月进度\\t5月进度\\t待开发\\n调度系统\\t站台门故障\\t\\t\\t✔\\t\\n调度系统\\t线网监控\\t\\t\\t✔\\t\\n调度系统\\t报警列表\\t\\t\\t✔\\t\\n调度系统\\t预警列表\\t\\t\\t✔\\t\\n调度系统\\t工单列表\\t支持展示全部维修任务列表信息，包含：任务等级、所属系统、部件名、位置、任务描述、生成时间、完成时间点、任务来源、维修状态、维修情况；\\n支持点击查看单个维修任务详情页面；\\t\\t✔\\t\\n调度系统\\t线网分析\\t\\t\\t\", \"page\": null}, {\"doc_id\": 7, \"doc_name\": \"智慧运维平台应用介绍(1)(2).docx\", \"chunk_content\": \"功能模块\\t功能点\\t功能描述\\t3月进度\\t5月进度\\t待开发\\n设备管理\\t配置设备\\t站台门相关的各种硬件设备管理\\t✔\\t\\t\\n设备管理\\t评价纪录\\t对设备进行打分\\t✔\\t\\t\\n设备管理\\t设备状态\\t设备状态纪录，健康评估定义、建模及规则管理\\t✔\\t\\t\\n测点管理\\t采集测点\\t数据采集配置\\t✔\\t\\t\\n参数比较\\t参数对比\\t\\t✔\\t\\t\\n基础管理\\t数据同步\\t功能模块以列表形式展示，点击右侧版本列表可选择历史版本进行同步\\t✔\\t\\t\\n基础管\", \"page\": null}, {\"doc_id\": 7, \"doc_name\": \"智慧运维平台应用介绍(1)(2).docx\", \"chunk_content\": \"功能模块\\t功能点\\t功能描述\\t3月进度\\t5月进度\\t待开发\\n运营汇报\\t日报管理和统计\\t\\t✔\\t\\t\\n运营汇报\\t月报管理和统计\\t\\t✔\\t\\t\\n运营汇报\\t线路分析\\t\\t✔\\t\\t\\n运营汇报\\t车站分析\\t\\t✔\\t\\t\\n运营汇报\\t故障类型\\t\\t✔\\t\\t\\n运营汇报\\t故障区域\\t\\t✔\\t\\t\\n运营汇报\\t故障位置\\t\\t✔\\t\\t\\n运营汇报\\t故障单元\\t\\t✔\\t\\t\\n运营汇报\\t线路分配\\t\\t✔\\t\\t\\n备件管理\\t标签打印\\t\\t✔\\t\\t\\n备件管理\\t仓库管理\\t\\t✔\\t\\t\\n备\", \"page\": null}, {\"doc_id\": 7, \"doc_name\": \"智慧运维平台应用介绍(1)(2).docx\", \"chunk_content\": \"功能模块\\t功能点\\t功能描述\\t3月进度\\t5月进度\\t待开发\\n特征模型管理\\t特征模型发布\\t\\t✔\\t\\t\\n特征模型管理\\t特征同步记录\\t\\t✔\\t\\t\\n预警规则管理\\t预警数据维护\\t\\t✔\\t\\t\\n预警规则管理\\t预警规则发布\\t\\t✔\\t\\t\\n预警规则管理\\t预警同步记录\\t\\t✔\\t\\t\\n告警规则管理\\t告警数据维护\\t\\t✔\\t\\t\\n告警规则管理\\t告警规则发布\\t\\t✔\\t\\t\\n告警规则管理\\t告警同步记录\\t\\t✔\\t\\t\\n故障功能管理\\t故障诊断维护\\t\\t✔\\t\\t\\n故\", \"page\": null}]', 1354, '2026-06-10 10:11:00');
INSERT INTO `messages` VALUES (40, 45, 'user', '这个项目名称是啥', NULL, NULL, '2026-06-10 10:11:49');
INSERT INTO `messages` VALUES (41, 45, 'assistant', '根据文档内容，该项目的名称为：**重庆轨道交通27号线站后工程施工总承包**。\n\n来源：《信创论证报4.docx》', '[{\"doc_id\": 11, \"doc_name\": \"信创论证报4.docx\", \"chunk_content\": \"项目名称\\t：\\t重庆轨道交通27号线站后工程施工总承包\\n委托单位\\t：\\t重庆市铁路（集团）有限公司\", \"page\": null}, {\"doc_id\": 11, \"doc_name\": \"信创论证报4.docx\", \"chunk_content\": \"项目建设情况\\n项目名称：重庆轨道交通27号线站后工程施工总承包项目\\n项目性质：城市轨道交通新建线路站后工程施工总承包项目\\n建设单位：重庆市铁路（集团）有限公司\\n建设目标：建设重庆轨道交通27号线站后工程施工总承包项目，包含综合监控系统、车站中央控制系统、自动售检票（AFC）系统、通信系统、站台门系统、车场工艺设备及风水电系统。\\n投资规模：本项目合同估算金额约人民币38.1亿元。其中，涉及例外采购金\", \"page\": null}, {\"doc_id\": 11, \"doc_name\": \"信创论证报4.docx\", \"chunk_content\": \"概述\\n重庆市铁路（集团）有限公司（以下简称“重庆市铁路集团”）建设重庆轨道交通27号线站后工程施工总承包项目，主要涉及综合监控系统、车站中央控制系统、自动售检票（AFC）系统、通信系统、风水电系统、站台门系统以及车场工艺设备等7个系统。\\n综合监控系统是一个高度集成的综合自动化监控系统，通过集成和互联轨道交通各弱电系统及主要机电设备，形成统一的监控层硬件平台和软件平台，从而实现对轨道交通弱电子系统、\", \"page\": null}, {\"doc_id\": 11, \"doc_name\": \"信创论证报4.docx\", \"chunk_content\": \"评估工作来由\\n重庆市铁路集团是重庆市属国有重点企业，成立于2013年12月，注册地位于重庆市渝中区华盛路1号。作为重庆市域（郊）铁路及城轨快线项目的投资、建设和运营管理的专业化公司和重庆交通强市建设“主力军”，目前承担着城轨快线15号线一期、15号线二期、27号线和市郊铁路璧铜线、永川线、渝合线一期以及关坝铁路专用线等在建项目，负责全国首条双流制市郊铁路江跳线的运营；下辖重庆万南铁路有限责任公司、\", \"page\": null}, {\"doc_id\": 11, \"doc_name\": \"信创论证报4.docx\", \"chunk_content\": \"序号\\t系统名称\\t系统类别\\t调研情况\\n（1）信创案例：无。\\n（2）现状：该系统由应用软件和专用设备集成，目前已对该系统开展信创适配进行了初步调研评估，暂未开展适配工作。\", \"page\": null}]', 1136, '2026-06-10 10:11:50');
INSERT INTO `messages` VALUES (42, 45, 'user', '项目总金额是多少？', NULL, NULL, '2026-06-10 10:12:20');
INSERT INTO `messages` VALUES (43, 45, 'assistant', '根据文档内容，该项目的合同估算金额约**人民币38.1亿元**。\n\n来源：《信创论证报4.docx》', '[{\"doc_id\": 11, \"doc_name\": \"信创论证报4.docx\", \"chunk_content\": \"项目建设情况\\n项目名称：重庆轨道交通27号线站后工程施工总承包项目\\n项目性质：城市轨道交通新建线路站后工程施工总承包项目\\n建设单位：重庆市铁路（集团）有限公司\\n建设目标：建设重庆轨道交通27号线站后工程施工总承包项目，包含综合监控系统、车站中央控制系统、自动售检票（AFC）系统、通信系统、站台门系统、车场工艺设备及风水电系统。\\n投资规模：本项目合同估算金额约人民币38.1亿元。其中，涉及例外采购金\", \"page\": null}, {\"doc_id\": 11, \"doc_name\": \"信创论证报4.docx\", \"chunk_content\": \"序号\\t采购类型\\t产品\\t产品参数\\t数量\\n（台/套）\\t所属系统\\t总价\\n（万元）\\t占本项目估算比例\\t例外采购分析\\n\\t例外采购\\t含油废水成套处理设备控制系统工控机\\t计算机，需采用国际/国内知名品牌的工控机。内存：不低于2GB，固态硬盘不低于128G。CPU主频2.6GHZ以上。采用17寸以上液晶彩色显示器。打印机采用国际/国内知名品牌。100兆以网卡和1394口。需具有4个USB2.0以上的接口。预装最新\", \"page\": null}, {\"doc_id\": 11, \"doc_name\": \"信创论证报4.docx\", \"chunk_content\": \"序号\\t采购类型\\t产品\\t产品参数\\t数量\\n（台/套）\\t所属系统\\t总价\\n（万元）\\t占本项目估算比例\\t例外采购分析\\n\\t例外采购\\t应用服务器\\t处理器:4210\\n (10C,85W,2.2GHz)*2；内存：64G\\n RDIMM DDR4 内存,板载24个内存插\\n 槽；硬盘：480G 固态硬盘*3；支持\\n RAID5、RAID10；网络控制器：集成\\n 双口 RJ45 千兆*4，支持网络冗余、\\n 网络唤醒等高级\", \"page\": null}, {\"doc_id\": 11, \"doc_name\": \"信创论证报4.docx\", \"chunk_content\": \"序号\\t采购类型\\t产品\\t产品参数\\t数量\\n（台/套）\\t所属系统\\t总价\\n（万元）\\t占本项目估算比例\\t例外采购分析\\n\\t例外采购\\t计算服务器\\t处理器：配置2 颗英特尔至强系列处理器（第3代或其他更高性能处理器），CPU主频:≥2.2GHz，≥26 核，L3 缓存≥39MB\\n内存：配置内存插槽≥24 个；内存配置容量：≥512GB DDR4\\n存储：硬盘配置容量数目：≥2 块480GB 2.5 寸固态硬盘，≥2\", \"page\": null}, {\"doc_id\": 11, \"doc_name\": \"信创论证报4.docx\", \"chunk_content\": \"采购分析\\n系统概况\\n本项目涉及的综合监控系统、车站中央控制系统、自动售检票（AFC）系统、通信系统、风水电系统、站台门系统、车场工艺设备等7个系统均为生产运营系统，根据调研，截至2024年12月31日，各系统现状以及信创改造情况如下：\\n表 1 系统情况\\n同时，项目组对华为、新华三、深信服等10家国内主流网络设备及网络安全专用产品供应商也进行了调研，截至2024年12月20日，调研现状如下：\\n表 2\", \"page\": null}, {\"doc_id\": 11, \"doc_name\": \"信创论证报4.docx\", \"chunk_content\": \"项目名称\\t：\\t重庆轨道交通27号线站后工程施工总承包\\n委托单位\\t：\\t重庆市铁路（集团）有限公司\", \"page\": 1}]', 1218, '2026-06-10 10:12:22');
INSERT INTO `messages` VALUES (44, 46, 'user', '生产环境如何启动uvicorn  ？', NULL, NULL, '2026-06-10 10:14:17');
INSERT INTO `messages` VALUES (45, 46, 'assistant', '根据文档内容，生产环境启动 Uvicorn 的命令如下：\n\n```bash\nuvicorn app.main:app --host 0.0.0.0 --port 8000 --workers 4\n```\n\n该命令会以多进程模式启动 FastAPI 后端服务，监听所有网络接口（`0.0.0.0`）的 8000 端口，并开启 4 个工作进程。\n\n> **生产环境建议**：使用 `systemd` 或 `supervisor` 管理上述进程，确保崩溃后自动重启。\n\n来源：《bbb.md》《AAA.md》', '[{\"doc_id\": 66, \"doc_name\": \"bbb.md\", \"chunk_content\": \"```bash\\ncd /path/to/knowledge-base/backend\\ncelery -A app.celery_app beat -l info                                启动定时目录扫描\\n```\\n> **生产环境建议**：使用 `systemd` 或 `supervisor` 管理上述三个进程，确保崩溃后自动重启。\\n### 3.9 system\", \"page\": null}, {\"doc_id\": 66, \"doc_name\": \"bbb.md\", \"chunk_content\": \"```bash\\nuvicorn app.main:app --host 0.0.0.0 --port 8000 --workers 4\\n```\\n### 3.7 启动 Celery Worker（文档处理任务）\\n```bash\\ncd /path/to/knowledge-base/backend\\ncelery -A app.celery_app worker -l info --concurrenc\", \"page\": null}, {\"doc_id\": 65, \"doc_name\": \"AAA.md\", \"chunk_content\": \"### 3.6 启动 FastAPI 后端\\n**开发模式（支持热重载）：**\\n```bash\\ncd /path/to/knowledge-base/backend\\nuv pip install --system openai\\nuvicorn app.main:app --reload --host 0.0.0.0 --port 8000               启动后端服务   ==== 18\", \"page\": null}, {\"doc_id\": 66, \"doc_name\": \"bbb.md\", \"chunk_content\": \"### 3.6 启动 FastAPI 后端\\n**开发模式（支持热重载）：**\\n```bash\\ncd /path/to/knowledge-base/backend\\nuv pip install --system openai\\nuvicorn app.main:app --reload --host 0.0.0.0 --port 8000               启动后端服务   ==== 18\", \"page\": null}, {\"doc_id\": 65, \"doc_name\": \"AAA.md\", \"chunk_content\": \"```bash\\ncd /path/to/knowledge-base/backend\\ncelery -A app.celery_app beat -l info                                启动定时目录扫描\\n```\\n> **生产环境建议**：使用 `systemd` 或 `supervisor` 管理上述三个进程，确保崩溃后自动重启。\\n### 3.9 system\", \"page\": null}]', 2417, '2026-06-10 10:14:20');
INSERT INTO `messages` VALUES (46, 47, 'user', '标书制作的自动生成方案可行吗？', NULL, NULL, '2026-06-10 10:37:47');
INSERT INTO `messages` VALUES (47, 47, 'assistant', '根据文档内容，标书智能化生成方案是**技术可行、经济合理**的。具体分析如下：\n\n1. **可行性结论**：文档明确指出，基于公司现有数据积累和AI技术成熟度，该项目“技术可行、经济合理”，实施后预计可带来显著效益。  \n   - 来源：《标书智能化生成方案研究.docx》\n\n2. **数据基础**：公司已积累超过100GB的历年投标文件数据（包括技术方案、商务条款、报价单等），为AI训练提供了充足的数据支撑。  \n   - 来源：《标书智能化生成方案研究.docx》\n\n3. **预期效益**：  \n   - 标书制作直接成本降低60%  \n   - 投标成功率提升预期15-20%  \n   - 年度人力成本有望节约（但技术方案部分仍需技术人员介入）  \n   - 来源：《标书智能化生成方案研究.docx（第1页）》\n\n4. **需注意的风险**：文档也提到一些潜在风险，例如：  \n   - 训练数据是否足够充分  \n   - 生成标书的质量是否优于人工制作  \n   - 仍需投入人力进行检查和修改  \n   - 能否真正节约标书制作成本尚不确定  \n   - 来源：《标书智能化生成方案研究.docx》\n\n**总结**：从技术、数据和预期效益来看，该方案具备可行性，但实际效果取决于数据质量、模型训练结果以及后续人工审核的投入程度。建议在实施前充分评估风险，并做好试点验证。', '[{\"doc_id\": 10, \"doc_name\": \"标书智能化生成方案研究.docx\", \"chunk_content\": \"7.2人力资源\\nAI工程师   2人\\n数据标注员 2人\\n行业专家   1人\\n八、结论与建议\\n8.1 可行性结论\\n基于公司现有数据积累和AI技术成熟度，标书智能化生成项目技术可行、经济合理，实施后预计可带来显著效益。\", \"page\": null}, {\"doc_id\": 10, \"doc_name\": \"标书智能化生成方案研究.docx\", \"chunk_content\": \"《标书智能化生成方案研究》\\n一、项目背景与需求分析\\n1.1 公司现状\\n我公司作为专业的地铁站台门系统供应商，每周需要投入大量人力资源进行投标书编制工作。目前公司积累了超过100GB的历年投标文件数据，包括技术方案、商务条款、报价单等各类文档。\", \"page\": null}, {\"doc_id\": 10, \"doc_name\": \"标书智能化生成方案研究.docx\", \"chunk_content\": \"六、风险\\n此方案的实施也存在一定的技术风险，比如训练数据是否真的足够，训练后输出的标书是否真的就比人工制作的好，生成的标书还需要多少人力来进行检查和修改，是否真的能节约制作标书的成本等等，这些都是未知数。\", \"page\": null}, {\"doc_id\": 10, \"doc_name\": \"标书智能化生成方案研究.docx\", \"chunk_content\": \"1.3 智能化需求\\n通过AI技术实现：\\n- (1)标书内容自动生成\\n- (2)历史数据智能检索与复用\\n- (3)格式自动标准化\\n- (4)关键信息自动校验\", \"page\": null}, {\"doc_id\": 10, \"doc_name\": \"标书智能化生成方案研究.docx\", \"chunk_content\": \"5.3 成本节约\\n- 年度人力成本节约：这个取决于生成的标书的质量，技术方案部分还是需要技术人员介入\\n- 标书制作直接成本降低60%\\n- 投标成功率提升预期：15-20%\", \"page\": 1}, {\"doc_id\": 10, \"doc_name\": \"标书智能化生成方案研究.docx\", \"chunk_content\": \"1.2 当前痛点\\n- (1)投标项目多：投标项目太多，来不及制作标书\\n- (2)人力成本高：每次投标需组建专门团队，耗时3-5个工作日\\n- (3)人过制作效率低：标书编制流程繁琐，重复性工作占比达60%以上\\n- (4)质量波动：不同团队编制的标书格式、内容深度不一致\\n- (5)响应速度慢：紧急投标需求难以快速响应\", \"page\": 1}]', 4589, '2026-06-10 10:37:52');
INSERT INTO `messages` VALUES (48, 47, 'user', '智慧运维平台分成几个大的模块？', NULL, NULL, '2026-06-10 10:41:08');
INSERT INTO `messages` VALUES (49, 47, 'assistant', '根据文档内容，智慧运维平台主要分为以下**四大核心模块**：\n\n1. **感知采集层**  \n   通过传感器、现场数据总线、物联网网关等单元，对站台门相关系统接口、设备、环境参数等关键系统设备进行数据采集，并转换为物联网协议，将站台门系统设备的状态参数、故障信息、环境参数等进行采集传输。  \n   来源：《智慧运维平台应用介绍.docx》\n\n2. **边缘计算层**  \n   接收各物联网网关采集传输的数据信息，在靠近设备侧、车站进行就地的数据清洗处理、特征提取、模型运算、诊断预警、设备健康评价，向中心平台输出及时、细致、准确的数据。  \n   来源：《智慧运维平台应用介绍.docx（第1页）》\n\n3. **车站级应用**  \n   提供边缘计算相关的模型维护管理、设备状态参数查询验证、故障预警告警查看、设备健康评估分析、相关系统接口查询追溯等车站运维管理功能，并预留与智慧车站接口。  \n   来源：《智慧运维平台应用介绍.docx（第1页）》\n\n4. **中心级应用**  \n   利用大数据技术、GIS技术、BIM技术、数字孪生技术和计划排程工具、资源管理工具，在中心实现多车站、多线路设备的状态监控、故障预警告警、运维计划管理、调度派工、巡检维修管理、资源管理、质量分析等站台门运维管理功能。  \n   来源：《智慧运维平台应用介绍.docx（第1页）》\n\n此外，平台还包含支撑上述功能的**专业数据库**和**应用支撑工具**。  \n来源：《智慧运维平台应用介绍.docx》', '[{\"doc_id\": 12, \"doc_name\": \"智慧运维平台应用介绍.docx\", \"chunk_content\": \"智慧运维平台试点应用进度报告\\n智慧运维平台简介\\n站台门智慧运维平台通过集成物联网、云计算、大数据等新一代信息技术，实现对站台门关键部件（如电机、DCU、皮带、电磁锁、PSC等）的实时数据采集与监测，从而确保站台门的安全、可靠运行，同时，对于设备故障进行实时告警，能够及时获取设备故障信息，并及时响应、快速处置，从而保障线路的安全稳定运行。基于故障预测与健康管理（PHM）理论，对于已经发生的故障进行专\", \"page\": null}, {\"doc_id\": 12, \"doc_name\": \"智慧运维平台应用介绍.docx\", \"chunk_content\": \"【2. 故障诊断】\\n建立从故障报修，维修响应，维修记录到恢复正常的全作业流程。应急维修主要包括故障报修、维修工单、维修过程、维修统计等。\\n日常巡检\\n通过巡检配置，系统每天根据配置自动生成巡检任务，通过每天巡检及时排查设备和设备间的情况，及时处理防患于未然。主要包括巡检班组、巡检计划、巡检任务、巡检执行等。\\n备品备件\\n备品备件是站台门运维过程中一种很重要的资源，通过不断提升备品备件之使用效率，可以大\", \"page\": null}, {\"doc_id\": 12, \"doc_name\": \"智慧运维平台应用介绍.docx\", \"chunk_content\": \"【2. 故障诊断】\\n试点车站接入后，嘉成公司需要将以下线路所有车站数据接入到平台。\\n2025年6月之前，至少一条完整线路的数据接入。\\n2025年5月底，李子园。\\n接入方式\\n在有数字底座的车站，按照数字底座进行接入，没有数字底座的车站，如果有申通5G专网，则通过申通5G转往接入，如果没有申通5G专网，则通过公用5G网络将车站接入到地铁梅隆基地的中心级平台。\\n实现功能\\n站台门运维平台应实现如下主要功能\", \"page\": 1}, {\"doc_id\": 7, \"doc_name\": \"智慧运维平台应用介绍(1)(2).docx\", \"chunk_content\": \"智慧运维平台试点应用进度报告\\n车站级平台[边缘智能]实现功能\\nhttp://192.168.30.177:8090/index\\n车站级平台[边缘计算]实现功能\\n中心级平台[智慧运维]实现功能\\nhttp://192.168.10.51:8089/index\\n物联网平台[JCIOT]实现功能\\nhttp://192.168.52.220:8086/\\n调度系统[JCOCC]实现功能\\nhttp://192.\", \"page\": null}, {\"doc_id\": 12, \"doc_name\": \"智慧运维平台应用介绍.docx\", \"chunk_content\": \"边缘计算：接收各物联网网关采集传输的数据信息，收集汇集大量的设备现场数据，满足设备分析诊断需高频率、及时响应的要求，在边缘计算本地进行数据分析处理，避免海量数据无法全面及时通过网络传输到中心平台导致数据失真或丢失问题。在靠近设备侧、车站进行就地的数据清洗处理、特征提取、模型运算、诊断预警、设备健康评价，向中心平台输出及时、细致、准确的数据。\\n车站级应用：提供边缘计算相关的模型维护管理、设备状态参数\", \"page\": 1}, {\"doc_id\": 7, \"doc_name\": \"智慧运维平台应用介绍(1)(2).docx\", \"chunk_content\": \"功能模块\\t功能点\\t功能描述\\t3月进度\\t5月进度\\t待开发\\n产品管理\\t产品管理\\t产品基础信息、产品物模型等相关功能\\t✔\\t\\t\\n产品管理\\t品类管理\\t品类基础信息管理功能\\t✔\\t\\t\\n产品管理\\t物模型管理\\t物模型信息管理\\t✔\\t\\t\\n设备管理\\t设备分组\\t分组基础信息功能\\t✔\\t\\t\\n设备管理\\t设备列表\\t设备基础信息、单设备相关实时报警、预警数据、实时状态\\t✔\\t\\t\\n设备管理\\t网关下属设备导入\\t网关下属设备数据批量导入\\t\\t\", \"page\": null}]', 3612, '2026-06-10 10:41:12');
INSERT INTO `messages` VALUES (50, 47, 'user', 'uvicorn 如何启动 ？', NULL, NULL, '2026-06-10 11:01:11');
INSERT INTO `messages` VALUES (51, 47, 'assistant', '根据检索到的文档内容，**未找到关于 uvicorn 如何启动的相关信息**。文档内容主要涉及信创论证、标书智能化生成方案、智慧运维平台等主题，未包含 uvicorn 的使用说明。\n\n建议您参考 uvicorn 官方文档或相关技术教程获取启动方法。', '[{\"doc_id\": 11, \"doc_name\": \"信创论证报4.docx\", \"chunk_content\": \"序号\\t采购类型\\t产品\\t产品参数\\t数量\\n存储：硬盘配置容量数目：≥2 块480GB 2.5寸固态硬盘，≥6块12TB SATA 3.5寸硬盘（≥7200rpm），≥1 块3.2TB NVMe 缓存盘\\t2\\t综合监控系统：培训及仿真系统\\t\\t\\t综合监控系统属生产运营系统，对业务运行影响大。目前暂无在信创环境上运行的城市轨道交通行业成熟案例。\\n\\t例外采购\\t培训工作站\\tCPU：Intel 至强E5-2600；\", \"page\": null}, {\"doc_id\": 11, \"doc_name\": \"信创论证报4.docx\", \"chunk_content\": \"序号\\t采购类型\\t产品\\t产品参数\\t数量\\n\\t例外采购\\t视频分析服务器操作系统\\t操作系统：系统主要部件均应选择正版操作系统。预装LINUX系统\\t14\\t综合监控系统：门禁及安防系统（视频监控系统）\\t\\t\\t综合监控系统属生产运营系统，对业务运行影响大。目前暂无在信创环境上运行的城市轨道交通行业成熟案例。\\n\\t例外采购\\t视频服务器操作系统\\t操作系统：系统主要部件均应选择正版操作系统。预装LINUX系统\\t1\\t综合监\", \"page\": null}, {\"doc_id\": 11, \"doc_name\": \"信创论证报4.docx\", \"chunk_content\": \"序号\\t采购类型\\t产品\\t产品参数\\t数量\\n\\t例外采购\\t工作站操作系统\\t操作系统采用主流正版操作系统。目前配置为WIN10。\\t33\\t综合监控系统：BAS系统\\t\\t\\t综合监控系统属生产运营系统，对业务运行影响大。目前暂无在信创环境上运行的城市轨道交通行业成熟案例。\\n\\t例外采购\\t安防终端\\t操作工作站应配置基于 Linux、Unix 或 Windows 操作系统的简体中文操作系统，应为国内外知名品牌。\\n操作工作\", \"page\": null}, {\"doc_id\": 11, \"doc_name\": \"信创论证报4.docx\", \"chunk_content\": \"序号\\t采购类型\\t产品\\t产品参数\\t数量\\n建议在保障生产活动安全稳定可靠经营的前提下，结合其他项目的成功经验，基于城轨业务场景进行充分测试验证，稳妥探索信创建设。\\n\\t\\t自助咨询服务终端（工控机）\\tCPU：采用超低功耗嵌入式CPU，CPU的高速缓冲存储器不小于1024KB。四核CPU主频≥2.0GHz；CPU二级缓存≥2MB。\\n表贴内存≥8G。\\n工业级SSD1块，容量≥128G，采用一线主流品牌，并具有\", \"page\": null}, {\"doc_id\": 10, \"doc_name\": \"标书智能化生成方案研究.docx\", \"chunk_content\": \"4. 配套进行业务流程重组与人员培训\", \"page\": null}]', 2119, '2026-06-10 11:01:13');
INSERT INTO `messages` VALUES (52, 49, 'user', '员工入职小提交哪些资料？', NULL, NULL, '2026-06-11 11:50:14');
INSERT INTO `messages` VALUES (53, 49, 'assistant', '根据公司规定，新员工在正式报到时需向人力资源部出具以下文件：\n\n1. 身份证原件及复印件\n2. 学历、学位证书原件及复印件\n3. 职称证书、职业资格证书（如有）\n4. 近期免冠照片（具体数量可咨询人力资源部）\n5. 与原单位解除劳动关系的证明（如适用）\n6. 其他公司要求的特定材料（如体检报告等）\n\n此外，报到后还需如实填写《员工入职信息登记表》，并签收《岗位描述书》。\n\n来源：《员工手册》修改(第四版)（2015 .8）.doc', '[{\"doc_id\": 2, \"doc_name\": \"《员工手册》修改(第四版)（2015 .8）.doc\", \"chunk_content\": \"第一章   入职程序\\n1.招聘\\n1.1各部门如出现职位变缺，应由部门经理及时向人力资源部提出招聘申请。同时填写《岗位招聘计划申请表》报批。\\n1.2公司将优先考虑内部招聘。如公司内部无合适人选，人力资源部将通过有关媒介进行招聘。\\n1.3本公司招聘的对象为最符合公司岗位的人员。公司鼓励员工推荐，同时所有候选人的选择应建立在公平及能力为重的原则上。\\n1.4所有候选人在录用前需经过部门经理和人力资源部的面\", \"page\": null}, {\"doc_id\": 2, \"doc_name\": \"《员工手册》修改(第四版)（2015 .8）.doc\", \"chunk_content\": \"【第一章   入职程序】\\n4.2 转正后予以报销您的入职体检费用，报销限额150元/人。\\n4.3如果在试用期内缺勤5个工作日（含）以上，您的转正时间将会被顺延。原则上如果试用期内请假超过一个月，作自动离职处理。\\n5.特别提示\\n     当您的个人信息有更改或补充时，请于一个月内向人力资源部申报变更或声明，以确保与个人有关的各项权益：\\n    5.1姓名、身份证号码；\\n    5.2家庭地址和电话号\", \"page\": null}, {\"doc_id\": 2, \"doc_name\": \"《员工手册》修改(第四版)（2015 .8）.doc\", \"chunk_content\": \"【第一章   入职程序】\\n1.3员工上班期间如有事外出， 须告知身边同事；若在此期间有外来人员来访、来电，身边同事应记下来访者的单位、姓名、联系电话及来访事由；\\n1.4未经同意不得随便翻看其他同事的文件、资料等；\\n1.5不在办公区域高声喧哗，接待来访、业务洽谈要在洽谈室内或其他公司指定区域进行。\\n1.6注意保持整洁的办公环境；\\n    1.7适时调整您的手机铃声，办公区域内适当调低，培训/会议中则\", \"page\": null}, {\"doc_id\": 2, \"doc_name\": \"《员工手册》修改(第四版)（2015 .8）.doc\", \"chunk_content\": \"【第一章   入职程序】\\n试用期由公司和员工本人按照劳动法在劳动合同中约定，试用延期时间最长不超过六个月。\\n3.2 入职引导人\\n    试用期间，公司会为您指定入职引导人，帮助您接受在职培训，熟悉与工作有关的各项具体事务，包括：向您介绍公司的有关规则和规定，所在部门职能、人员情况；讲解您的本职工作内容和要求。此外，任何与工作有关的具体事务，如确定办公位、公司局域网、领用办公用品、使用办公设备、用餐\", \"page\": 1}, {\"doc_id\": 2, \"doc_name\": \"《员工手册》修改(第四版)（2015 .8）.doc\", \"chunk_content\": \"【第一章   入职程序】\\n标准工时工作时间为：9：00—17：30，其中午休时间为：12:00—12：30\\n综合工时制员工采用三班轮班工作制，具体排班安排由部门组织，原则上每周休息1天。\\n3.1.2根据项目进展、岗位特点，可经总经理批准，对项目中心员工实行弹性工作制。（每周工作时间不少于40小时）\\n3.2上下班打卡\\n员工上下班均需指纹打卡，以此考勤记录作为工资考勤核算之依据。严禁代打卡。\\n3.3 \", \"page\": 1}, {\"doc_id\": 2, \"doc_name\": \"《员工手册》修改(第四版)（2015 .8）.doc\", \"chunk_content\": \"【第一章   入职程序】\\n3.2.1公司网络学习平台提供的所有音像课程及相关资料均注明出处及版权归属，未经权利人书面授权，任何人不得以复制、仿造、转载、摘编、散布等形式私自利用。\\n    3.2.2职员在使用内部网所有资料时，不得将其用于个人欣赏、学习、研究之外的任何用途，并尽到对外保密的义务。\\n3.3 如无特殊约定，内部讲师讲述的课程公司拥有全部版权。\\n3.4 如有职员违反上述规定，除自行对外承\", \"page\": null}]', 3138, '2026-06-11 11:50:17');
INSERT INTO `messages` VALUES (54, 50, 'user', '单兵记录仪可以购买哪几个厂家的产品？', NULL, NULL, '2026-06-11 11:52:17');
INSERT INTO `messages` VALUES (55, 50, 'assistant', '根据检索到的文档，可以购买以下三个厂家的单兵记录仪产品：\n\n1. **海康威视**：型号为DSJ-HIKM1A1，有4G版和5G版，64GB存储，价格分别为2020元/台和2830元/台，连续录像约9小时，电池250元/块。\n2. **马路成品**：64GB存储，价格1300元/台，质保1年，含2块电池+充电底座。\n3. **数果**：5G执法记录仪，价格3980元/台，持续录像约3小时。\n\n来源：《单兵执法仪/单兵记录仪产品调研.docx》', '[{\"doc_id\": 21, \"doc_name\": \"单兵执法仪/单兵记录仪产品调研.docx\", \"chunk_content\": \"执法记录仪产品调研报告\\n一、三家产品\\n海康威视DSJ-HIKM1A1 - 64GB存储- 4G版    价格4G：2020/台 5G:2830 连续录像9个小时，电池250/块\\n马路成品64GB存储                      价格1300/台  质保1年  含2块电池+充电底座\\n数果5G执法记录仪                      价格3980/台  持续录像应该在3小时左\", \"page\": null}, {\"doc_id\": 24, \"doc_name\": \"单兵执法仪/数果-询价单-可视化单兵20260118.xlsx\", \"chunk_content\": \"[工作表: 空调] 列名: 询价单\\n询价单\\t\\t\\t\\t\\t\\t\\t\\n客户名称\\t\\t\\t报价单位（加盖公章）\\t\\t上海数果科技有限公司\\t\\t\\n经办人\\t\\t\\t报价人\\t\\t许来萍\\t\\t\\n联系电话\\t\\t\\t联系电话\\t\\t13818907165\\t\\t\\n邮箱\\t\\t\\t邮箱\\t\\tlaiping.xu@chinashuguo.com\\t\\t\\n询价时间\\t\\t\\t报价时间\\t\\t2026-01-18 00:00:00\\t\\t\\n上海市轨道交通市域线崇明线工程供电、通号专业\", \"page\": null}, {\"doc_id\": 25, \"doc_name\": \"单兵执法仪/海康威视-DSJ-HIKN1A1执法记录仪_操作手册_V1.0.0.pdf\", \"chunk_content\": \"第 1 章 产品简介\\n记录仪是集录像、录音、拍照、定位等功能为一体的便携式设备。内置高灵敏度定位模块，\\n可准确定位事件发生位置，通过操作录像、录音和拍照功能，完整记录事件发生情况。\\n记录仪主要适用于公安民警办案、交警执法、消防检查、城管执法、烟草执法等场合，用于\\n记录执法过程。\\n主要特点\\n• 支持 H.264 视频编码压缩技术，便于节省网络传输带宽和存储空间。\\n• 内置 4G 和 Wi-Fi 无线\", \"page\": null}, {\"doc_id\": 36, \"doc_name\": \"ERP/设备成套BOM.xlsx\", \"chunk_content\": \"[工作表: 安全门9个站] 列名: 母件编码 | 母件代号 | 母件编码 | 母件代号 | 母件名称 | 子件编码 | 子件代号 | 子件名称 | 基本用量 | 需求数量 | 供应商 | 计量单位 | 规格 | 材质 | 设计备注 | 品牌厂家 | 供应类型 | 版本说明 | 仓库编码 | 部门编码 | 母件损耗率 | 子件损耗率\\n10600200194\\tASH06D02E-21\\t10600200\", \"page\": null}, {\"doc_id\": 36, \"doc_name\": \"ERP/设备成套BOM.xlsx\", \"chunk_content\": \"[工作表: 安全门9个站] 列名: 母件编码 | 母件代号 | 母件编码 | 母件代号 | 母件名称 | 子件编码 | 子件代号 | 子件名称 | 基本用量 | 需求数量 | 供应商 | 计量单位 | 规格 | 材质 | 设计备注 | 品牌厂家 | 供应类型 | 版本说明 | 仓库编码 | 部门编码 | 母件损耗率 | 子件损耗率\\n10600300248\\tASH06D02E-31\\t10600300\", \"page\": null}, {\"doc_id\": 25, \"doc_name\": \"单兵执法仪/海康威视-DSJ-HIKN1A1执法记录仪_操作手册_V1.0.0.pdf\", \"chunk_content\": \"第 2 章 启动和主页\\n本章介绍记录仪开机和主界面相关操作。\\n2.1 开机\\n关机状态下，长按设备右侧面的开关机按钮可开机。\\n2.2 主页\\n点击主页中的时间栏，可进行日期和时间的配置。\\n点击 \\n  ，打开录音机，按下录音键开始录音。\\n点击 \\n  ，打开文件管理，查看保存在设备中的视频、图片和音频。\\n点击 \\n  ，打开设置，可进行网络参数、媒体、系统和设备的具体配置操作。\\n点击 \\n  ，打开取证相机，\", \"page\": 8}]', 2428, '2026-06-11 11:52:19');
INSERT INTO `messages` VALUES (56, 51, 'user', '员工入职需要的资料 ？', NULL, NULL, '2026-06-15 11:09:01');
INSERT INTO `messages` VALUES (57, 51, 'assistant', '根据公司《员工手册》规定，新进员工在正式到人力资源部报到时，需要出具以下个人资料：\n\n1. 如实填写《员工入职信息登记表》\n2. 签收《岗位描述书》\n3. 领取员工手册或电子更新版、办公用品及其他相关资料\n4. 与部门负责人见面，接受工作安排，并与负责人指定的入职引导人见面\n\n此外，关于人事档案存放问题，需与人力资源部同事商洽确定。\n\n来源：《员工手册》修改(第四版)（2015 .8）.doc', '[{\"doc_id\": 2, \"doc_name\": \"《员工手册》修改(第四版)（2015 .8）.doc\", \"chunk_content\": \"第一章   入职程序\\n1.招聘\\n1.1各部门如出现职位变缺，应由部门经理及时向人力资源部提出招聘申请。同时填写《岗位招聘计划申请表》报批。\\n1.2公司将优先考虑内部招聘。如公司内部无合适人选，人力资源部将通过有关媒介进行招聘。\\n1.3本公司招聘的对象为最符合公司岗位的人员。公司鼓励员工推荐，同时所有候选人的选择应建立在公平及能力为重的原则上。\\n1.4所有候选人在录用前需经过部门经理和人力资源部的面\", \"page\": null}, {\"doc_id\": 20, \"doc_name\": \"《员工手册》修改(第四版)（2015 .8）.doc\", \"chunk_content\": \"第一章   入职程序\\n1.招聘\\n1.1各部门如出现职位变缺，应由部门经理及时向人力资源部提出招聘申请。同时填写《岗位招聘计划申请表》报批。\\n1.2公司将优先考虑内部招聘。如公司内部无合适人选，人力资源部将通过有关媒介进行招聘。\\n1.3本公司招聘的对象为最符合公司岗位的人员。公司鼓励员工推荐，同时所有候选人的选择应建立在公平及能力为重的原则上。\\n1.4所有候选人在录用前需经过部门经理和人力资源部的面\", \"page\": 1}, {\"doc_id\": 2, \"doc_name\": \"《员工手册》修改(第四版)（2015 .8）.doc\", \"chunk_content\": \"【第一章   入职程序】\\n4.2 转正后予以报销您的入职体检费用，报销限额150元/人。\\n4.3如果在试用期内缺勤5个工作日（含）以上，您的转正时间将会被顺延。原则上如果试用期内请假超过一个月，作自动离职处理。\\n5.特别提示\\n     当您的个人信息有更改或补充时，请于一个月内向人力资源部申报变更或声明，以确保与个人有关的各项权益：\\n    5.1姓名、身份证号码；\\n    5.2家庭地址和电话号\", \"page\": null}, {\"doc_id\": 2, \"doc_name\": \"《员工手册》修改(第四版)（2015 .8）.doc\", \"chunk_content\": \"【第一章   入职程序】\\n3.2.1公司网络学习平台提供的所有音像课程及相关资料均注明出处及版权归属，未经权利人书面授权，任何人不得以复制、仿造、转载、摘编、散布等形式私自利用。\\n    3.2.2职员在使用内部网所有资料时，不得将其用于个人欣赏、学习、研究之外的任何用途，并尽到对外保密的义务。\\n3.3 如无特殊约定，内部讲师讲述的课程公司拥有全部版权。\\n3.4 如有职员违反上述规定，除自行对外承\", \"page\": null}, {\"doc_id\": 2, \"doc_name\": \"《员工手册》修改(第四版)（2015 .8）.doc\", \"chunk_content\": \"【第一章   入职程序】\\n1.3员工上班期间如有事外出， 须告知身边同事；若在此期间有外来人员来访、来电，身边同事应记下来访者的单位、姓名、联系电话及来访事由；\\n1.4未经同意不得随便翻看其他同事的文件、资料等；\\n1.5不在办公区域高声喧哗，接待来访、业务洽谈要在洽谈室内或其他公司指定区域进行。\\n1.6注意保持整洁的办公环境；\\n    1.7适时调整您的手机铃声，办公区域内适当调低，培训/会议中则\", \"page\": null}, {\"doc_id\": 2, \"doc_name\": \"《员工手册》修改(第四版)（2015 .8）.doc\", \"chunk_content\": \"【第一章   入职程序】\\n1.2.4外出考察：为拓展视野、启发思路，公司将组织管理人员、专业人士以及业绩优异的职员赴境内外考察。\\n    1.2.5公司的资料库、企业文化等无形资源亦是宝贵的学习资源。\\n1.3 个人进修资助\\n     职员个人利用假期或业余时间参加外部专门机构的上岗培训、职称及资格证书考试、攻读学位（历）等，可在顺利结业后向公司申请一定金额的进修资助。具体资助办法请查询《培训管理制\", \"page\": null}]', 2194, '2026-06-15 11:09:03');
INSERT INTO `messages` VALUES (58, 51, 'user', '执法记录仪可以采购哪些厂家？', NULL, NULL, '2026-06-15 11:09:47');
INSERT INTO `messages` VALUES (59, 51, 'assistant', '根据检索到的文档，目前可供采购的执法记录仪厂家及型号信息如下：\n\n1. **海康威视**：型号为DSJ-HIKM1A1（4G版），64GB存储，价格2020元/台（4G版），支持二次开发，可集成到智慧运维平台，但无法将视频信息保存到公司自己的服务器上。\n2. **马路成品**：64GB存储，价格1300元/台，质保1年，标配含2块电池+充电底座，支持二次开发，能满足公司需求（包括实时视频集成、历史视频回看、视频文件存储到公司服务器）。\n3. **数果**：5G执法记录仪，价格3980元/台，持续录像约3小时，有二次开发功能，但不能满足公司需求。\n\n综合来看，**马路成品**在价格和功能上最符合公司需求，**海康威视**也可作为备选，但需注意其视频存储限制。\n\n来源：《单兵执法仪/单兵记录仪产品调研.docx》', '[{\"doc_id\": 21, \"doc_name\": \"单兵执法仪/单兵记录仪产品调研.docx\", \"chunk_content\": \"执法记录仪产品调研报告\\n一、三家产品\\n海康威视DSJ-HIKM1A1 - 64GB存储- 4G版    价格4G：2020/台 5G:2830 连续录像9个小时，电池250/块\\n马路成品64GB存储                      价格1300/台  质保1年  含2块电池+充电底座\\n数果5G执法记录仪                      价格3980/台  持续录像应该在3小时左\", \"page\": null}, {\"doc_id\": 20, \"doc_name\": \"单兵执法仪/J2603184138_上海嘉成智慧轨道交通发展有限公司_03已签海康章.pdf\", \"chunk_content\": \"1 / 2 \\n     \\n产品借用协议 \\n \\n                                              编号：4002824007 \\n甲方（借用方） ：上海嘉成智慧轨道交通发展有限公司  \\n   地址： \\n乙方（出借方） ：海康威视数字技术（上海）有限公司  \\n地址：上海市嘉定区云谷路 599 弄 6 号 620 室 J661 \\n \\n甲、乙双方经友好协商，本着平等\", \"page\": null}, {\"doc_id\": 25, \"doc_name\": \"单兵执法仪/海康威视-DSJ-HIKN1A1执法记录仪_操作手册_V1.0.0.pdf\", \"chunk_content\": \"第 1 章 产品简介\\n记录仪是集录像、录音、拍照、定位等功能为一体的便携式设备。内置高灵敏度定位模块，\\n可准确定位事件发生位置，通过操作录像、录音和拍照功能，完整记录事件发生情况。\\n记录仪主要适用于公安民警办案、交警执法、消防检查、城管执法、烟草执法等场合，用于\\n记录执法过程。\\n主要特点\\n• 支持 H.264 视频编码压缩技术，便于节省网络传输带宽和存储空间。\\n• 内置 4G 和 Wi-Fi 无线\", \"page\": null}, {\"doc_id\": 27, \"doc_name\": \"单兵执法仪/马路诚品B30参数.xlsx\", \"chunk_content\": \"[工作表: F1E] 列名: \\n配件\\t标配\\t执法记录仪主机，长背夹，电池 x1，充电器，Type-C线，快速操作指南\\t\\t\\t\\t\\t\\t\\t\\t\\t\\t\\t\\t\\t\\t\\t\\t\\t\\t\\t\\t\\t\\t\\t\\t\\t\\t\\t\\t\\t\\t\\t\\t\\t\\t\\t\\t\\t\\t\\t\\t\\t\\t\\t\\t\\t\\t\\t\\t\\t\\t\\t\\t\\t\\t\\t\\t\\t\\t\\t\\t\\t\\t\\t\\t\\t\\t\\t\\t\\t\\t\\t\\t\\t\\t\\t\\t\\t\\t\\t\\t\\t\\t\\t\\t\\t\\t\\t\\t\\t\\t\\t\\t\\t\\t\\t\\t\\t\\t\\t\\t\\t\\t\\t\\t\\t\\t\\t\\t\\t\\t\\t\\t\\t\\t\\t\\t\\t\\t\\t\\t\\t\\t\\t\\t\\t\\t\\t\\t\\t\\t\\t\\t\\t\\t\\t\\t\\t\\t\\t\\t\\t\\t\", \"page\": null}, {\"doc_id\": 25, \"doc_name\": \"单兵执法仪/海康威视-DSJ-HIKN1A1执法记录仪_操作手册_V1.0.0.pdf\", \"chunk_content\": \"执法记录仪\\n操作手册\", \"page\": null}, {\"doc_id\": 25, \"doc_name\": \"单兵执法仪/海康威视-DSJ-HIKN1A1执法记录仪_操作手册_V1.0.0.pdf\", \"chunk_content\": \"3.2.2 回放录音\\n若需要查看录制的音频文件，可以回放录音，音频文件以时间排序。\\n操作步骤\\n1.点击文件管理。\\n2.点击录音。\\n3.在文件列表中选择需要播放的音频。\\n3.2.3 回放图片\\n若需要查看抓拍的图片，可以查看以时间排序的抓拍图片。\\n操作步骤\\n1.点击文件管理。\\n2.点击图片。\\n3.在文件列表中选择需要查看的图片。\\n3.3 备份\\n记录仪支持备份录像、录音等文件。\\n3.3.1 备份到 US\", \"page\": 11}]', 3510, '2026-06-15 11:09:51');
INSERT INTO `messages` VALUES (60, 52, 'user', '招标书对监理工程师有啥要求？', NULL, NULL, '2026-06-25 14:17:20');
INSERT INTO `messages` VALUES (61, 52, 'assistant', '根据招标书文档，监理工程师的相关要求如下：\n\n1. **角色定位**：监理工程师是受最终用户（甲方）委托，运用项目管理的方法，在项目实施过程中，代表和协助最终用户对本系统项目进行全过程管理，使设备能有效地组成一个运行可靠、功能完备的系统。\n\n2. **授权与通知**：本项目合同签订后，甲方应将监理工程师的姓名及所赋予的权限、监理内容以书面形式通知乙方。监理工程师如有人员变动时，应由甲方以书面形式通知乙方。\n\n3. **工作原则**：监理工程师在监理合同授权的范围内独立开展工作，并受最终用户委托对本项目合同的实施实行监督管理。\n\n4. **具体权限与职责**：\n   - 与乙方的关系是监理与被监理的关系，乙方需接受监理工程师在项目实施过程中的监督管理。\n   - 对乙方的技术方案，按照保质量、保工期和控制投资的原则进行审查，提出审查意见，并书面报告甲方。\n   - 有权检查设备加工、安装督导、调试人员的资质和实际工作能力。如发现乙方人员工作不称职，可要求更换有关人员。\n   - 协助甲方协调与项目有关单位之间的配合和合作。\n   - **质量控制**：审查乙方的质量保证体系；明确各阶段的质量控制目标和要求；对隐蔽工程进行检查；对各阶段验收文件进行审查或确认。监理工程师的签字确认不能减轻乙方对设备质量的责任。\n   - **进度控制**：审查或批准项目各级进度计划；检查进度计划执行情况；下达制造、供货通知、发布开工令。\n\n5. **职责边界**：除非合同另有明确规定，监理工程师无权解除合同规定的乙方的任何义务。\n\n来源：《project.pdf》', '[{\"doc_id\": 68, \"doc_name\": \"project.pdf\", \"chunk_content\": \"26.5.1 监理工程师与乙方之间的关系是监理与被监理的关系，乙方将按甲方与乙方签订的合同\\n规定接受监理工程师在项目实施过程中的监督管理。\\n26.5.2 监理工程师对乙方的技术方案，按照保质量、保工期和控制投资的原则进行审查，提出\\n审查意见，并书面报告甲方。\\n26.5.3 监理工程师有权检查设备加工、安装督导、调试人员的资质和实际工作的能力。在项目\\n实施过程中，如发现乙方人员工作不称职，监理工程师\", \"page\": null}, {\"doc_id\": 68, \"doc_name\": \"project.pdf\", \"chunk_content\": \"26.5.1 监理工程师与乙方之间的关系是监理与被监理的关系，乙方将按甲方与乙方签订的合同\\n规定接受监理工程师在项目实施过程中的监督管理。\\n26.5.2 监理工程师对乙方的技术方案，按照保质量、保工期和控制投资的原则进行审查，提出\\n审查意见，并书面报告甲方。\\n26.5.3 监理工程师有权检查设备加工、安装督导、调试人员的资质和实际工作的能力。在项目\\n实施过程中，如发现乙方人员工作不称职，监理工程师\", \"page\": null}, {\"doc_id\": 68, \"doc_name\": \"project.pdf\", \"chunk_content\": \"88\\n有损失、开支或索赔，乙方应对其负责并保证甲方免于对上述损失、开支或索赔承担责\\n任。\\n26 监理工程师\\n26.1 监理工程师是受最终用户委托，运用项目管理的方法，在项目实施过程中，代表和协助\\n最终用户对本系统项目进行全过程管理，使设备能有效地组成一个运行可靠、功能完备\\n的系统。\\n26.2 最终用户为了确保合同的顺利执行，授权监理工程师在整个系统的合同执行过程中，全\\n面负责到货、安装质量、工程调\", \"page\": null}, {\"doc_id\": 68, \"doc_name\": \"project.pdf\", \"chunk_content\": \"88\\n有损失、开支或索赔，乙方应对其负责并保证甲方免于对上述损失、开支或索赔承担责\\n任。\\n26 监理工程师\\n26.1 监理工程师是受最终用户委托，运用项目管理的方法，在项目实施过程中，代表和协助\\n最终用户对本系统项目进行全过程管理，使设备能有效地组成一个运行可靠、功能完备\\n的系统。\\n26.2 最终用户为了确保合同的顺利执行，授权监理工程师在整个系统的合同执行过程中，全\\n面负责到货、安装质量、工程调\", \"page\": null}, {\"doc_id\": 68, \"doc_name\": \"project.pdf\", \"chunk_content\": \"在系统发生隐患和进行故障处理时，投标人需按照招标人要求及时进行软件配合及更\\n新。在软件配置管理中，投标人应准确记录所有软件的版本及变更。投标人接到招标人\", \"page\": null}, {\"doc_id\": 68, \"doc_name\": \"project.pdf\", \"chunk_content\": \"标人全部完成本用户需求书中的各项要求后方可结束。若本工程采取分段、甩站开通，\\n每段的“质保期”分别计算。质保期计算方法：二期开通与先期开通间隔不大于 1 年时，\\n全线质保期以二期开通时间起计算；间隔大于 1 年时，先期开通部分的质保期按超出 1\\n年后的时间起计算。若存在多段开通情况，后续计算以此类推。\\n3.7 售后服务要求：\\n在质保期内，投标人负责免费更换故障设备、消除系统或设备本身的缺陷或不足部\", \"page\": 33}]', 4398, '2026-06-25 14:17:24');
INSERT INTO `messages` VALUES (62, 53, 'user', '有哪些品牌的单兵执法记录仪可以采购 ？', NULL, NULL, '2026-07-13 00:46:17');
INSERT INTO `messages` VALUES (63, 53, 'assistant', '根据现有文档，您可以考虑采购以下三个品牌的单兵执法记录仪：\n\n1.  **海康威视**\n    *   **型号**: DSJ-HIKM1A1\n    *   **规格与价格**: 64GB存储的4G版价格为2020元/台，5G版为2830元/台。\n    *   **功能与续航**: 内置4G和Wi-Fi模块，支持GPS和北斗定位，可连续录像9个小时。其电池单独购买为250元/块。\n    *   **集成能力**: 具备二次开发功能，可以集成到智慧运维平台，但其视频信息无法存储到您公司自己的服务器上。\n\n2.  **马路成品**\n    *   **型号**: 文档中提及为“B30”（参数表中列出）。\n    *   **规格与价格**: 64GB存储版本价格为1300元/台，提供1年质保。\n    *   **配件**: 标配含2块电池和充电底座。\n    *   **集成能力**: 具备二次开发功能，能够全面满足您公司的三点核心需求：实时视频和历史视频可集成到智慧运维平台，并且视频文件能存储到公司自己的服务器上。\n\n3.  **数果**\n    *   **型号**: 5G执法记录仪\n    *   **规格与价格**: 价格为3980元/台，此价格不含流量卡，供货周期为7个工作日。\n    *   **功能与续航**: 持续录像时间约3小时。\n    *   **集成能力**: 具备二次开发功能，但无法满足您公司的需求。\n\n来源：《单兵执法仪/单兵记录仪产品调研.docx》、《数果-询价单-可视化单兵20260118.xlsx》、《海康威视-DSJ-HIKN1A1执法记录仪_操作手册_V1.0.0.pdf》、《马路诚品B30参数.xlsx》', '[{\"doc_id\": 21, \"doc_name\": \"单兵执法仪/单兵记录仪产品调研.docx\", \"chunk_content\": \"执法记录仪产品调研报告\\n一、三家产品\\n海康威视DSJ-HIKM1A1 - 64GB存储- 4G版    价格4G：2020/台 5G:2830 连续录像9个小时，电池250/块\\n马路成品64GB存储                      价格1300/台  质保1年  含2块电池+充电底座\\n数果5G执法记录仪                      价格3980/台  持续录像应该在3小时左\", \"page\": null}, {\"doc_id\": 24, \"doc_name\": \"单兵执法仪/数果-询价单-可视化单兵20260118.xlsx\", \"chunk_content\": \"[工作表: 空调] 列名: 询价单\\n询价单\\t\\t\\t\\t\\t\\t\\t\\n客户名称\\t\\t\\t报价单位（加盖公章）\\t\\t上海数果科技有限公司\\t\\t\\n经办人\\t\\t\\t报价人\\t\\t许来萍\\t\\t\\n联系电话\\t\\t\\t联系电话\\t\\t13818907165\\t\\t\\n邮箱\\t\\t\\t邮箱\\t\\tlaiping.xu@chinashuguo.com\\t\\t\\n询价时间\\t\\t\\t报价时间\\t\\t2026-01-18 00:00:00\\t\\t\\n上海市轨道交通市域线崇明线工程供电、通号专业\", \"page\": null}, {\"doc_id\": 25, \"doc_name\": \"单兵执法仪/海康威视-DSJ-HIKN1A1执法记录仪_操作手册_V1.0.0.pdf\", \"chunk_content\": \"第 1 章 产品简介\\n记录仪是集录像、录音、拍照、定位等功能为一体的便携式设备。内置高灵敏度定位模块，\\n可准确定位事件发生位置，通过操作录像、录音和拍照功能，完整记录事件发生情况。\\n记录仪主要适用于公安民警办案、交警执法、消防检查、城管执法、烟草执法等场合，用于\\n记录执法过程。\\n主要特点\\n• 支持 H.264 视频编码压缩技术，便于节省网络传输带宽和存储空间。\\n• 内置 4G 和 Wi-Fi 无线\", \"page\": null}, {\"doc_id\": 27, \"doc_name\": \"单兵执法仪/马路诚品B30参数.xlsx\", \"chunk_content\": \"[工作表: F1E] 列名: \\n配件\\t标配\\t执法记录仪主机，长背夹，电池 x1，充电器，Type-C线，快速操作指南\\t\\t\\t\\t\\t\\t\\t\\t\\t\\t\\t\\t\\t\\t\\t\\t\\t\\t\\t\\t\\t\\t\\t\\t\\t\\t\\t\\t\\t\\t\\t\\t\\t\\t\\t\\t\\t\\t\\t\\t\\t\\t\\t\\t\\t\\t\\t\\t\\t\\t\\t\\t\\t\\t\\t\\t\\t\\t\\t\\t\\t\\t\\t\\t\\t\\t\\t\\t\\t\\t\\t\\t\\t\\t\\t\\t\\t\\t\\t\\t\\t\\t\\t\\t\\t\\t\\t\\t\\t\\t\\t\\t\\t\\t\\t\\t\\t\\t\\t\\t\\t\\t\\t\\t\\t\\t\\t\\t\\t\\t\\t\\t\\t\\t\\t\\t\\t\\t\\t\\t\\t\\t\\t\\t\\t\\t\\t\\t\\t\\t\\t\\t\\t\\t\\t\\t\\t\\t\\t\\t\\t\\t\", \"page\": null}, {\"doc_id\": 25, \"doc_name\": \"单兵执法仪/海康威视-DSJ-HIKN1A1执法记录仪_操作手册_V1.0.0.pdf\", \"chunk_content\": \"执法记录仪\\n操作手册\", \"page\": null}, {\"doc_id\": 21, \"doc_name\": \"浅田宗伯方论医案集.pdf\", \"chunk_content\": \"232\\n医案篇\\n《橘窗书影》\\n有似此症，水气在胸胁者，余用石膏救其于危险。今记其一二：胸膈有水气\\n也，而有吐水者、眩晕者、动气者、动气而呼吸不稳者，皆小半夏加茯苓石膏、半\\n夏泻心加石膏等能收效。按：心下有水气停饮之症多端，非一方一药之治也，其\\n尤轻者如桂苓术甘汤之头眩、小半夏加茯苓之水停心下，皆水气所干，利小便可\\n治，能着眼此处，用附子用石膏，可奏非常之效。\\n15． 既济汤类\\n四谷竹街比留间白斋，\", \"page\": 250}]', 8993, '2026-07-13 00:46:26');

-- ----------------------------
-- Table structure for permissions
-- ----------------------------
DROP TABLE IF EXISTS `permissions`;
CREATE TABLE `permissions`  (
  `id` int NOT NULL AUTO_INCREMENT,
  `resource_type` enum('folder','file') CHARACTER SET utf8mb4 COLLATE utf8mb4_unicode_ci NOT NULL,
  `resource_id` int NOT NULL,
  `subject_type` enum('user','department','role') CHARACTER SET utf8mb4 COLLATE utf8mb4_unicode_ci NOT NULL,
  `subject_id` int NOT NULL,
  `permission_level` enum('view','download','edit','manage') CHARACTER SET utf8mb4 COLLATE utf8mb4_unicode_ci NOT NULL,
  `created_by` int NULL DEFAULT NULL,
  `created_at` datetime NOT NULL,
  PRIMARY KEY (`id`) USING BTREE,
  UNIQUE INDEX `uq_permission_resource_subject`(`resource_type` ASC, `resource_id` ASC, `subject_type` ASC, `subject_id` ASC) USING BTREE,
  INDEX `ix_permissions_resource`(`resource_type` ASC, `resource_id` ASC) USING BTREE,
  INDEX `ix_permissions_subject`(`subject_type` ASC, `subject_id` ASC) USING BTREE,
  INDEX `fk_permissions_created_by`(`created_by` ASC) USING BTREE,
  CONSTRAINT `fk_permissions_created_by` FOREIGN KEY (`created_by`) REFERENCES `users` (`id`) ON DELETE RESTRICT ON UPDATE RESTRICT
) ENGINE = InnoDB AUTO_INCREMENT = 1 CHARACTER SET = utf8mb4 COLLATE = utf8mb4_unicode_ci ROW_FORMAT = Dynamic;

-- ----------------------------
-- Records of permissions
-- ----------------------------

-- ----------------------------
-- Table structure for query_logs
-- ----------------------------
DROP TABLE IF EXISTS `query_logs`;
CREATE TABLE `query_logs`  (
  `id` int NOT NULL AUTO_INCREMENT,
  `user_id` int NULL DEFAULT NULL,
  `conversation_id` int NULL DEFAULT NULL,
  `query_text` text CHARACTER SET utf8mb4 COLLATE utf8mb4_unicode_ci NOT NULL,
  `answer_text` text CHARACTER SET utf8mb4 COLLATE utf8mb4_unicode_ci NOT NULL,
  `sources_json` text CHARACTER SET utf8mb4 COLLATE utf8mb4_unicode_ci NULL,
  `response_ms` int NULL DEFAULT NULL,
  `created_at` datetime NOT NULL,
  PRIMARY KEY (`id`) USING BTREE,
  INDEX `ix_query_logs_user_id`(`user_id` ASC) USING BTREE,
  INDEX `ix_query_logs_created_at`(`created_at` ASC) USING BTREE,
  INDEX `fk_query_logs_conversation`(`conversation_id` ASC) USING BTREE,
  CONSTRAINT `fk_query_logs_conversation` FOREIGN KEY (`conversation_id`) REFERENCES `conversations` (`id`) ON DELETE RESTRICT ON UPDATE RESTRICT,
  CONSTRAINT `fk_query_logs_user` FOREIGN KEY (`user_id`) REFERENCES `users` (`id`) ON DELETE RESTRICT ON UPDATE RESTRICT
) ENGINE = InnoDB AUTO_INCREMENT = 32 CHARACTER SET = utf8mb4 COLLATE = utf8mb4_unicode_ci ROW_FORMAT = Dynamic;

-- ----------------------------
-- Records of query_logs
-- ----------------------------
INSERT INTO `query_logs` VALUES (1, 1, 5, '当前图片叫什么 ？', '当前图片的文件名为：**手机版改版.png**。\n\n来源：《手机版改版.png》', '[{\"doc_id\": 56, \"doc_name\": \"logo/手机/手机版改版.png\", \"chunk_content\": \"[图片文件: 720420ccbf5328fa1e9c09d8f4bcf71e.png，未能提取内容]\", \"page\": null}]', 1719, '2026-06-05 08:00:48');
INSERT INTO `query_logs` VALUES (2, 1, 7, '我们公司对执法记录仪的需求是什么？', '根据文档内容，贵公司对执法记录仪的需求如下：\n\n1. **实时视频集成**：能够将实时视频集成到智慧运维平台，方便随时查看。\n2. **历史视频回看**：历史视频也能集成到智慧运维平台，支持调取指定时段的视频进行历史回看。\n3. **视频存储**：视频文件能够存储到公司自己的服务器上。\n\n来源：《单兵执法仪/单兵记录仪产品调研.docx》', '[{\"doc_id\": 21, \"doc_name\": \"单兵执法仪/单兵记录仪产品调研.docx\", \"chunk_content\": \"执法记录仪产品调研报告\\n一、三家产品\\n海康威视DSJ-HIKM1A1 - 64GB存储- 4G版    价格4G：2020/台 5G:2830 连续录像9个小时，电池250/块\\n马路成品64GB存储                      价格1300/台  质保1年  含2块电池+充电底座\\n数果5G执法记录仪                      价格3980/台  持续录像应该在3小时左\", \"page\": null}, {\"doc_id\": 21, \"doc_name\": \"浅田宗伯方论医案集.pdf\", \"chunk_content\": \"8\\n史　序\\n丸、桃核承气汤三方治疗下血证的鉴别运用要点讲得一清二楚。更难能可贵的\\n是，先生不但重仲景方，也不排斥后世方，其用方之广、化裁之灵活，值得我们\\n好好学习、借鉴。遗憾的是，全书用方均无药味之剂量，但即便这样，其临床参\\n考价值也不容小觑。\\n衷心感谢陆雁等各位老师的辛勤劳动！感谢你们为读者选译了这么好的一\\n部医方医案著作，同时也非常期待能继续翻译浅田宗伯先生的《古方药议》《脉\\n法私言》等著作。\", \"page\": 9}]', 1821, '2026-06-05 08:01:58');
INSERT INTO `query_logs` VALUES (3, 1, 9, '公司对执法记录仪的需求是什么？', '根据文档内容，公司对执法记录仪的需求如下：\n\n1. **实时视频集成**：能够将实时视频集成到智慧运维平台，方便实时查看。\n2. **历史视频回看**：历史视频也能集成到智慧运维平台，支持调取指定时段的视频进行历史回看。\n3. **视频存储**：视频文件能够存储到公司自己的服务器上。\n\n来源：《单兵执法仪/单兵记录仪产品调研.docx》', '[{\"doc_id\": 21, \"doc_name\": \"单兵执法仪/单兵记录仪产品调研.docx\", \"chunk_content\": \"执法记录仪产品调研报告\\n一、三家产品\\n海康威视DSJ-HIKM1A1 - 64GB存储- 4G版    价格4G：2020/台 5G:2830 连续录像9个小时，电池250/块\\n马路成品64GB存储                      价格1300/台  质保1年  含2块电池+充电底座\\n数果5G执法记录仪                      价格3980/台  持续录像应该在3小时左\", \"page\": null}]', 1817, '2026-06-05 08:08:39');
INSERT INTO `query_logs` VALUES (4, 1, 13, '设备厂商有几家？', '根据文档内容，设备厂商共有3家，分别是：海康威视、马路成品、数果。\n\n来源：《单兵执法仪/单兵记录仪比较.xlsx》', '[{\"doc_id\": 22, \"doc_name\": \"单兵执法仪/单兵记录仪比较.xlsx\", \"chunk_content\": \"[工作表: Sheet1] 列名: 设备厂商 | 4G/5G价格 | 电池 | 存储容量 | 持续录像时长 | 二次开发 | 集成到运维平台 | 历史视频存储到我方服务器 | 质保时长 | 手机远程看视频 | 技术服务费\\n设备厂商\\t4G/5G价格\\t电池\\t存储容量\\t持续录像时长\\t二次开发\\t集成到运维平台\\t历史视频存储到我方服务器\\t质保时长\\t手机远程看视频\\t技术服务费\\n海康威视\\t4G:2020/5G:\", \"page\": null}]', 1166, '2026-06-05 08:17:00');
INSERT INTO `query_logs` VALUES (5, 1, 13, '哪家的待机时长最长？', '根据文档内容，海康威视的持续录像时长为8小时，是三家设备厂商中最长的。\n\n来源：《单兵执法仪/单兵记录仪比较.xlsx》', '[{\"doc_id\": 22, \"doc_name\": \"单兵执法仪/单兵记录仪比较.xlsx\", \"chunk_content\": \"[工作表: Sheet1] 列名: 设备厂商 | 4G/5G价格 | 电池 | 存储容量 | 持续录像时长 | 二次开发 | 集成到运维平台 | 历史视频存储到我方服务器 | 质保时长 | 手机远程看视频 | 技术服务费\\n设备厂商\\t4G/5G价格\\t电池\\t存储容量\\t持续录像时长\\t二次开发\\t集成到运维平台\\t历史视频存储到我方服务器\\t质保时长\\t手机远程看视频\\t技术服务费\\n海康威视\\t4G:2020/5G:\", \"page\": null}]', 1364, '2026-06-05 08:17:29');
INSERT INTO `query_logs` VALUES (6, 1, 14, '本合同的合同金额是多少？', '根据合同内容，本合同总金额为人民币大写：五万元整（¥50000.00元），该金额已包含1年的运维费。\n\n来源：《美晟环境可视化平台.docx》', '[{\"doc_id\": 18, \"doc_name\": \"美晟环境可视化平台.docx\", \"chunk_content\": \"1.  总价款：本合同总金额为人民币大写：五万元整（¥50000.00元），含1年的运维费。\\n2.  支付方式：\\n项目于8月31日正式上线后，乙方一次性支付100%的开发费用。\", \"page\": null}, {\"doc_id\": 18, \"doc_name\": \"美晟环境可视化平台.docx\", \"chunk_content\": \"1.  甲方支付完毕本合同所有费用后，本软件（包括源代码、目标代码、技术文档等）的全部知识产权（包括但不限于著作权、专利权）归甲方独家所有。\", \"page\": null}, {\"doc_id\": 18, \"doc_name\": \"美晟环境可视化平台.docx\", \"chunk_content\": \"1.  甲方违约：若甲方未按合同约定时间支付款项，每逾期一日，应按逾期总金额的0.05%向乙方支付违约金。\\n2.  乙方违约：若乙方未按合同约定时间交付成果，每逾期一日，应按合同总金额的0.05%向甲方支付违约金。\\n第八条 售后服务与技术支持\", \"page\": null}, {\"doc_id\": 18, \"doc_name\": \"美晟环境可视化平台.docx\", \"chunk_content\": \"合同编号：ZHGD-202508-MS\\n美晟环境可视化平台\\n销售及服务合同\\n甲方：上海美晟环境技术股份公司\\n乙方：上海嘉成智慧轨道交通发展有限公司\\n合同签订日期：二〇二五 年 八 月 二十一 日\\n软件委托开发合同\\n甲方（委托方）：上海美晟环境技术股份公司\\n法定代表人：史和平\\n地址：上海市普陀区真南路500号148幢503 室\\n联系人：孔建平\\n联系电话：13816113659\\n乙方（开发方）：上海嘉\", \"page\": null}, {\"doc_id\": 18, \"doc_name\": \"美晟环境可视化平台.docx\", \"chunk_content\": \"1.  总工期：本合同项下的开发工作自 2025年8月1日开始，至 2025年8月31日止。\\n2.  遇不可抗力或甲方原因导致的需求重大变更，工期相应顺延。\\n第三条 开发费用及支付方式\", \"page\": null}, {\"doc_id\": 18, \"doc_name\": \"美晟环境可视化平台.docx\", \"chunk_content\": \"1.  免费维护期：项目验收合格后，乙方提供一年的免费技术支持与bug修复服务。\\n2.  服务范围：免费维护期仅限于修复软件本身的缺陷和错误，不包括因甲方环境变化、需求新增或二次开发导致的问题。\\n第九条 争议解决\\n因本合同引起的或与本合同有关的任何争议，双方应首先通过友好协商解决。协商不成的，任何一方均有权向人民法院提起诉讼。\\n第十条 其他\", \"page\": null}]', 1396, '2026-06-05 10:29:38');
INSERT INTO `query_logs` VALUES (7, 1, 18, '本目录下面总共有多少个文件 ？', '根据您提供的文档内容，我无法确定当前目录下总共有多少个文件。检索到的文档片段仅包含《浅田宗伯方论医案集.pdf》中的部分内容，未提供目录文件总数信息。建议您直接查看文件系统或目录列表以获取准确数量。', '[{\"doc_id\": 21, \"doc_name\": \"浅田宗伯方论医案集.pdf\", \"chunk_content\": \"2\\n浅田宗伯小传\\n是与当时幕府医官本康宗圆 1 的会面。浅田宗伯名字中的“宗”字，就源自本康\\n宗圆。本康宗圆一见到宗伯就对其非常欣赏，并将其介绍于当时江户医界三大\\n巨匠多纪元坚、小岛学古、喜多村栲窗。在这些良师益友的帮助下，浅田宗伯的\\n医术得到了飞快提高，逐渐迈向了其人生的巅峰。\\n安政二年（1855 年），41 岁的浅田宗伯因多纪元坚推荐，成为了幕府的目见\\n得医师 2，文久元年（1861 年）谒见\", \"page\": 20}, {\"doc_id\": 22, \"doc_name\": \"浅田宗伯方论医案集.pdf\", \"chunk_content\": \"2\\n浅田宗伯小传\\n是与当时幕府医官本康宗圆 1 的会面。浅田宗伯名字中的“宗”字，就源自本康\\n宗圆。本康宗圆一见到宗伯就对其非常欣赏，并将其介绍于当时江户医界三大\\n巨匠多纪元坚、小岛学古、喜多村栲窗。在这些良师益友的帮助下，浅田宗伯的\\n医术得到了飞快提高，逐渐迈向了其人生的巅峰。\\n安政二年（1855 年），41 岁的浅田宗伯因多纪元坚推荐，成为了幕府的目见\\n得医师 2，文久元年（1861 年）谒见\", \"page\": 20}, {\"doc_id\": 21, \"doc_name\": \"浅田宗伯方论医案集.pdf\", \"chunk_content\": \"358\\n医案篇\\n《橘窗书影》\\n上书毕，交栗本濑兵卫，由通辨官卡修翻译成彼国文字呈于公使，其后乃\\n赠于本国皇帝云。二十二日通辨官卡修在公使别馆设宴款待余等，其资为一人\\n日本金十五元整。此日风雨猛烈，卡修以马车载余前往公使处诊治。二十四日\\n公使病大快，余欲归府，乃告别之，公使握余手曰：病愈过半，欣喜不堪，谢礼之\\n品，当由本国国王相赠，但予岂能不谢此恩哉？因将治验刊载于报，布告五大\\n洲，使其知日本有此名\", \"page\": 376}, {\"doc_id\": 22, \"doc_name\": \"浅田宗伯方论医案集.pdf\", \"chunk_content\": \"358\\n医案篇\\n《橘窗书影》\\n上书毕，交栗本濑兵卫，由通辨官卡修翻译成彼国文字呈于公使，其后乃\\n赠于本国皇帝云。二十二日通辨官卡修在公使别馆设宴款待余等，其资为一人\\n日本金十五元整。此日风雨猛烈，卡修以马车载余前往公使处诊治。二十四日\\n公使病大快，余欲归府，乃告别之，公使握余手曰：病愈过半，欣喜不堪，谢礼之\\n品，当由本国国王相赠，但予岂能不谢此恩哉？因将治验刊载于报，布告五大\\n洲，使其知日本有此名\", \"page\": 376}, {\"doc_id\": 21, \"doc_name\": \"浅田宗伯方论医案集.pdf\", \"chunk_content\": \"197\\n方　论\\n强神汤 （本朝经验）\\n【主治】 治中风， 口眼斜，半身不遂，喜欠流涎者。\\n【组成】 红花 僵蚕 棕榈叶 甘草\\n【加减】 或有桑寄生。\\n【方论】 此方乃和州俗间所传，治中风之妙药也。其类方有四五种，唯此\\n方最效。依证合四逆散、附子泻心汤、桂枝加术苓附汤，其效更捷。此方与四逆\\n散、附子泻心汤、桂枝加术苓附汤，随证合用，世称播州辰野中风药。\\n翘玄汤 （南阳）\\n【主治】 疗瘰疬侠瘿，上部\", \"page\": 215}, {\"doc_id\": 22, \"doc_name\": \"浅田宗伯方论医案集.pdf\", \"chunk_content\": \"197\\n方　论\\n强神汤 （本朝经验）\\n【主治】 治中风， 口眼斜，半身不遂，喜欠流涎者。\\n【组成】 红花 僵蚕 棕榈叶 甘草\\n【加减】 或有桑寄生。\\n【方论】 此方乃和州俗间所传，治中风之妙药也。其类方有四五种，唯此\\n方最效。依证合四逆散、附子泻心汤、桂枝加术苓附汤，其效更捷。此方与四逆\\n散、附子泻心汤、桂枝加术苓附汤，随证合用，世称播州辰野中风药。\\n翘玄汤 （南阳）\\n【主治】 疗瘰疬侠瘿，上部\", \"page\": 215}]', 2065, '2026-06-05 11:03:55');
INSERT INTO `query_logs` VALUES (8, 1, 33, '浙江的供应商有几个？', '根据检索到的文档内容，浙江的供应商有**1个**，具体信息如下：\n\n- **浙江豪德**：供应“箱体绝缘安装支架”（子件代号：PCQ27A00E-50.01.01-05），材质为FR4，需求数量为1216。\n\n来源：《ERP/设备成套BOM.xlsx》', '[{\"doc_id\": 36, \"doc_name\": \"ERP/设备成套BOM.xlsx\", \"chunk_content\": \"[工作表: 屏蔽门19个站] 列名: 母件编码 | 母件代号 | 母件名称 | 子件编码 | 子件代号 | 子件名称 | 基础数量 | 需求数量 | 供应商 | 规格 | 材质 | 设计备注 | 品牌厂家 | 供应类型 | 版本说明 | 仓库编码 | 部门编码 | 母件损耗率 | 子件损耗率\\n10100117543\\tPSH06D01E-50.02.02\\t电源盒组件\\t10100117549\\tPSH0\", \"page\": 2}, {\"doc_id\": 36, \"doc_name\": \"ERP/设备成套BOM.xlsx\", \"chunk_content\": \"[工作表: 屏蔽门19个站] 列名: 母件编码 | 母件代号 | 母件名称 | 子件编码 | 子件代号 | 子件名称 | 基础数量 | 需求数量 | 供应商 | 规格 | 材质 | 设计备注 | 品牌厂家 | 供应类型 | 版本说明 | 仓库编码 | 部门编码 | 母件损耗率 | 子件损耗率\\n10100117552\\tPSH06D11E-50.01.03\\t门控单元盒组件\\t10100117550\\tPS\", \"page\": 2}, {\"doc_id\": 36, \"doc_name\": \"ERP/设备成套BOM.xlsx\", \"chunk_content\": \"[工作表: 屏蔽门19个站] 列名: 母件编码 | 母件代号 | 母件名称 | 子件编码 | 子件代号 | 子件名称 | 基础数量 | 需求数量 | 供应商 | 规格 | 材质 | 设计备注 | 品牌厂家 | 供应类型 | 版本说明 | 仓库编码 | 部门编码 | 母件损耗率 | 子件损耗率\\n13103100177\\tPSH06D10E-20.01\\t数字化平台\\t22106100071\\tHiNet G\", \"page\": null}, {\"doc_id\": 36, \"doc_name\": \"ERP/设备成套BOM.xlsx\", \"chunk_content\": \"[工作表: 屏蔽门19个站] 列名: 母件编码 | 母件代号 | 母件名称 | 子件编码 | 子件代号 | 子件名称 | 基础数量 | 需求数量 | 供应商 | 规格 | 材质 | 设计备注 | 品牌厂家 | 供应类型 | 版本说明 | 仓库编码 | 部门编码 | 母件损耗率 | 子件损耗率\\n10600400693\\tPSH06D11E-51\\t应急门电气\\t22103100085\\tAD11-40ZH/\", \"page\": null}, {\"doc_id\": 36, \"doc_name\": \"ERP/设备成套BOM.xlsx\", \"chunk_content\": \"[工作表: 屏蔽门19个站] 列名: 母件编码 | 母件代号 | 母件名称 | 子件编码 | 子件代号 | 子件名称 | 基础数量 | 需求数量 | 供应商 | 规格 | 材质 | 设计备注 | 品牌厂家 | 供应类型 | 版本说明 | 仓库编码 | 部门编码 | 母件损耗率 | 子件损耗率\\n母件编码\\t母件代号\\t母件名称\\t子件编码\\t子件代号\\t子件名称\\t基础数量\\t需求数量\\t供应商\\t规格\\t材质\\t设计备\", \"page\": null}, {\"doc_id\": 36, \"doc_name\": \"ERP/设备成套BOM.xlsx\", \"chunk_content\": \"[工作表: 屏蔽门19个站] 列名: 母件编码 | 母件代号 | 母件名称 | 子件编码 | 子件代号 | 子件名称 | 基础数量 | 需求数量 | 供应商 | 规格 | 材质 | 设计备注 | 品牌厂家 | 供应类型 | 版本说明 | 仓库编码 | 部门编码 | 母件损耗率 | 子件损耗率\\n母件编码\\t母件代号\\t母件名称\\t子件编码\\t子件代号\\t子件名称\\t基础数量\\t需求数量\\t供应商\\t规格\\t材质\\t设计备\", \"page\": null}]', 2948, '2026-06-05 13:29:27');
INSERT INTO `query_logs` VALUES (9, 1, 36, '可以帮我分析一下几个厂商的优势吗', '根据您提供的文档内容，我找到了关于单兵执法仪/记录仪厂商的信息。以下是各厂商的优势分析：\n\n1. **海康威视**  \n   - **优势**：支持二次开发和集成到运维平台，质保时长最长（2年），支持手机远程看视频，且无技术服务费。电池可更换（250元/块），持续录像时长8小时，存储容量64G。  \n   - **适用场景**：适合需要长期稳定使用、对二次开发和平台集成有需求的企业。\n\n2. **马路成品**  \n   - **优势**：价格最低（4G版1300元），已含备用电池1块，持续录像时长7小时，支持二次开发和集成到运维平台，且历史视频存储到我方服务器无需线下人工处理。  \n   - **适用场景**：适合预算有限、注重便捷性和历史视频存储自动化的用户。\n\n3. **数果**  \n   - **优势**：5G版价格3980元，已含备用电池1块，支持手机远程看视频。  \n   - **劣势**：持续录像时长最短（4小时），不支持二次开发和集成到运维平台，历史视频存储需线下人工处理，质保仅1年。  \n   - **适用场景**：适合对5G网络有需求、但对二次开发和平台集成要求不高的用户。\n\n来源：《单兵执法仪/单兵记录仪比较.xlsx》', '[{\"doc_id\": 22, \"doc_name\": \"浅田宗伯方论医案集.pdf\", \"chunk_content\": \"3\\n浅田宗伯小传\\n量的著作，且其中不乏传世经典。其著作数量之多，在日本历代医家中可谓前\\n无古人，后无来者。\\n据统计，浅田宗伯在医学方面的著作共五十九部，其中有《伤寒论》《金匮要\\n略》《温疫论》的注解，有古方、后世方的解说，有关于脚气、梅毒、麻疹等疾病的\\n治疗心得，还有温泉治疗、行军备急、健康运动法等专著。可以说囊括了内、外、\\n妇、儿、生活保健各个方面，称得上是汉方医学真正的集大成者。这些医学著作\\n\", \"page\": 21}, {\"doc_id\": 22, \"doc_name\": \"单兵执法仪/单兵记录仪比较.xlsx\", \"chunk_content\": \"[工作表: Sheet1] 列名: 设备厂商 | 4G/5G价格 | 电池 | 存储容量 | 持续录像时长 | 二次开发 | 集成到运维平台 | 历史视频存储到我方服务器 | 质保时长 | 手机远程看视频 | 技术服务费\\n设备厂商\\t4G/5G价格\\t电池\\t存储容量\\t持续录像时长\\t二次开发\\t集成到运维平台\\t历史视频存储到我方服务器\\t质保时长\\t手机远程看视频\\t技术服务费\\n海康威视\\t4G:2020/5G:\", \"page\": null}, {\"doc_id\": 22, \"doc_name\": \"浅田宗伯方论医案集.pdf\", \"chunk_content\": \"4\\n浅田宗伯小传\\n亲王痉证案。这三个医案在浅田宗伯的一生中有着重要的意义，对其名声提高\\n以及与政府、皇室建立良好的关系都起着关键的作用。\\n温知社运动与汉方存续运动\\n明治七年（1874 年），日本政府进行了医疗制度改革，准备发布西洋医学七\\n科制度。相对地，汉方医在此制度下实质上没有被承认。对此，浅田宗伯同都\\n下的五位汉方医家代表（清川玄道、冈田沧海、高岛祐启 1、河内全节 2、桐渊道斋）\\n进行集会，\", \"page\": 22}, {\"doc_id\": 22, \"doc_name\": \"浅田宗伯方论医案集.pdf\", \"chunk_content\": \"70\\n方论篇\\n勿误药室方函及口诀\\n生脉散 （辨惑）\\n【主治】 滋生精气， 培养真元，补心润肺。\\n【组成】 麦冬 人参 五味子\\n【加减】 按《外台》深师疗伤寒下后，除热止渴，五味麦门冬汤去甘草石\\n膏者。\\n【方论】 世间虽云此方出自《千金方》，实则不确，此方张洁古、李东垣始用\\n之。其旨为寒则凝血，暑则伤气。暑者，损人元气也，尤老人、虚人伤暑更甚，\\n六脉无力，甚至结代。此方可扶持元气而生脉，不限暑中，一\", \"page\": 88}, {\"doc_id\": 22, \"doc_name\": \"浅田宗伯方论医案集.pdf\", \"chunk_content\": \"317\\n编者按：本章将散见《橘窗书影》各处的浅田宗伯麻疹诊治体会归列篇首，\\n之后分别论述麻疹之常证、内陷之变证及后遗症。由于疫苗的普及，麻疹发病\\n率明显降低，但其治则和方药可以灵活用于其他传染病和皮肤病。\\n天保七年，岁在丙申，余悬壶江都。其年入夏五月间，以伯父佐久间氏家为\\n主，麻疹流行。其证咳嗽，喷嚏，鼻流清涕，呵欠，眼胞肿而泪流注注。又面微\\n肿，恶心干呕，头痛目眩等，与痘证克似，但双腮发赤、咽中\", \"page\": 335}, {\"doc_id\": 22, \"doc_name\": \"浅田宗伯方论医案集.pdf\", \"chunk_content\": \"11\\n中医学诊治疾病以整体观念和辨证论治为特点，包括理法方药四个环节。\\n由于中医缺乏严格统一的规范，不同医生面对同一患者，常做出不同的病情分\\n析与诊断，选方亦随流派、师承、个人经验而不同，且常在“随证治之”的原则下\\n灵活加减，最终结果是不同中医师面对同一患者，开出的处方是五花八门的。\\n不可否认，有效的处方不止一张。但严格说来，最佳处方只有一张。笔者认为\\n中医的最佳处方需满足三个条件：符合中医理论、\", \"page\": 12}]', 4097, '2026-06-09 09:09:28');
INSERT INTO `query_logs` VALUES (10, 1, 37, '运维管理平台的网址是什么？', '根据文档内容，运维管理平台（JCMRO）的网址是：  \nhttp://101.231.55.172:8082/dashboard/analysis  \n\n来源：《智慧运维平台应用介绍(1)(2).docx》', '[{\"doc_id\": 7, \"doc_name\": \"智慧运维平台应用介绍(1)(2).docx\", \"chunk_content\": \"智慧运维平台试点应用进度报告\\n车站级平台[边缘智能]实现功能\\nhttp://192.168.30.177:8090/index\\n车站级平台[边缘计算]实现功能\\n中心级平台[智慧运维]实现功能\\nhttp://192.168.10.51:8089/index\\n物联网平台[JCIOT]实现功能\\nhttp://192.168.52.220:8086/\\n调度系统[JCOCC]实现功能\\nhttp://192.\", \"page\": null}, {\"doc_id\": 7, \"doc_name\": \"智慧运维平台应用介绍(1)(2).docx\", \"chunk_content\": \"功能模块\\t功能点\\t功能描述\\t3月进度\\t5月进度\\t待开发\\n产品管理\\t产品管理\\t产品基础信息、产品物模型等相关功能\\t✔\\t\\t\\n产品管理\\t品类管理\\t品类基础信息管理功能\\t✔\\t\\t\\n产品管理\\t物模型管理\\t物模型信息管理\\t✔\\t\\t\\n设备管理\\t设备分组\\t分组基础信息功能\\t✔\\t\\t\\n设备管理\\t设备列表\\t设备基础信息、单设备相关实时报警、预警数据、实时状态\\t✔\\t\\t\\n设备管理\\t网关下属设备导入\\t网关下属设备数据批量导入\\t\\t\", \"page\": null}, {\"doc_id\": 7, \"doc_name\": \"智慧运维平台应用介绍(1)(2).docx\", \"chunk_content\": \"功能模块\\t功能点\\t功能描述\\t3月进度\\t5月进度\\t待开发\\n运营汇报\\t日报管理和统计\\t\\t✔\\t\\t\\n运营汇报\\t月报管理和统计\\t\\t✔\\t\\t\\n运营汇报\\t线路分析\\t\\t✔\\t\\t\\n运营汇报\\t车站分析\\t\\t✔\\t\\t\\n运营汇报\\t故障类型\\t\\t✔\\t\\t\\n运营汇报\\t故障区域\\t\\t✔\\t\\t\\n运营汇报\\t故障位置\\t\\t✔\\t\\t\\n运营汇报\\t故障单元\\t\\t✔\\t\\t\\n运营汇报\\t线路分配\\t\\t✔\\t\\t\\n备件管理\\t标签打印\\t\\t✔\\t\\t\\n备件管理\\t仓库管理\\t\\t✔\\t\\t\\n备\", \"page\": null}, {\"doc_id\": 7, \"doc_name\": \"智慧运维平台应用介绍(1)(2).docx\", \"chunk_content\": \"功能模块\\t功能点\\t功能描述\\t3月进度\\t5月进度\\t待开发\\n设备管理\\t配置设备\\t站台门相关的各种硬件设备管理\\t✔\\t\\t\\n设备管理\\t评价纪录\\t对设备进行打分\\t✔\\t\\t\\n设备管理\\t设备状态\\t设备状态纪录，健康评估定义、建模及规则管理\\t✔\\t\\t\\n测点管理\\t采集测点\\t数据采集配置\\t✔\\t\\t\\n参数比较\\t参数对比\\t\\t✔\\t\\t\\n基础管理\\t数据同步\\t功能模块以列表形式展示，点击右侧版本列表可选择历史版本进行同步\\t✔\\t\\t\\n基础管\", \"page\": null}, {\"doc_id\": 7, \"doc_name\": \"智慧运维平台应用介绍(1)(2).docx\", \"chunk_content\": \"功能模块\\t功能点\\t功能描述\\t3月进度\\t5月进度\\t待开发\\n特征模型管理\\t特征模型发布\\t\\t✔\\t\\t\\n特征模型管理\\t特征同步记录\\t\\t✔\\t\\t\\n预警规则管理\\t预警数据维护\\t\\t✔\\t\\t\\n预警规则管理\\t预警规则发布\\t\\t✔\\t\\t\\n预警规则管理\\t预警同步记录\\t\\t✔\\t\\t\\n告警规则管理\\t告警数据维护\\t\\t✔\\t\\t\\n告警规则管理\\t告警规则发布\\t\\t✔\\t\\t\\n告警规则管理\\t告警同步记录\\t\\t✔\\t\\t\\n故障功能管理\\t故障诊断维护\\t\\t✔\\t\\t\\n故\", \"page\": null}, {\"doc_id\": 7, \"doc_name\": \"智慧运维平台应用介绍(1)(2).docx\", \"chunk_content\": \"功能模块\\t功能点\\t功能描述\\t3月进度\\t5月进度\\t待开发\\n传输管理\\t传输规则列表\\t状态传输通道及规则管理\\t✔\\t\\t\\n传输管理\\t故障传输规则\\t故障传输通道及规则管理\\t✔\\t\\t\\n传输管理\\t特征传输规则\\t特征传输通道及规则管理\\t✔\\t\\t\\n传输管理\\t参数传输规则\\t参数传输通道及规则管理\\t✔\\t\\t\\n规则管理\\t预警规则\\t创建规则，规则绑定物模型参数、配置预警计算模型、作用设备。系统同步规则后会根据创建的规则自动执行对应\", \"page\": null}]', 1763, '2026-06-09 09:18:31');
INSERT INTO `query_logs` VALUES (11, 1, 37, '运维管理平台有哪些功能模块 ？', '根据文档内容，运维管理平台（JCMRO）的功能模块包括以下内容：\n\n- **运营汇报**：日报管理和统计、月报管理和统计、线路分析、车站分析、故障类型、故障区域、故障位置、故障单元、线路分配\n- **备件管理**：标签打印、仓库管理、备件信息（各线路备件使用记录）\n- **日常巡检**：巡检区域、巡检规划、巡检任务\n\n来源：《智慧运维平台应用介绍(1)(2).docx》', '[{\"doc_id\": 7, \"doc_name\": \"智慧运维平台应用介绍(1)(2).docx\", \"chunk_content\": \"功能模块\\t功能点\\t功能描述\\t3月进度\\t5月进度\\t待开发\\n特征模型管理\\t特征模型发布\\t\\t✔\\t\\t\\n特征模型管理\\t特征同步记录\\t\\t✔\\t\\t\\n预警规则管理\\t预警数据维护\\t\\t✔\\t\\t\\n预警规则管理\\t预警规则发布\\t\\t✔\\t\\t\\n预警规则管理\\t预警同步记录\\t\\t✔\\t\\t\\n告警规则管理\\t告警数据维护\\t\\t✔\\t\\t\\n告警规则管理\\t告警规则发布\\t\\t✔\\t\\t\\n告警规则管理\\t告警同步记录\\t\\t✔\\t\\t\\n故障功能管理\\t故障诊断维护\\t\\t✔\\t\\t\\n故\", \"page\": null}, {\"doc_id\": 7, \"doc_name\": \"智慧运维平台应用介绍(1)(2).docx\", \"chunk_content\": \"功能模块\\t功能点\\t功能描述\\t3月进度\\t5月进度\\t待开发\\n运营汇报\\t日报管理和统计\\t\\t✔\\t\\t\\n运营汇报\\t月报管理和统计\\t\\t✔\\t\\t\\n运营汇报\\t线路分析\\t\\t✔\\t\\t\\n运营汇报\\t车站分析\\t\\t✔\\t\\t\\n运营汇报\\t故障类型\\t\\t✔\\t\\t\\n运营汇报\\t故障区域\\t\\t✔\\t\\t\\n运营汇报\\t故障位置\\t\\t✔\\t\\t\\n运营汇报\\t故障单元\\t\\t✔\\t\\t\\n运营汇报\\t线路分配\\t\\t✔\\t\\t\\n备件管理\\t标签打印\\t\\t✔\\t\\t\\n备件管理\\t仓库管理\\t\\t✔\\t\\t\\n备\", \"page\": null}, {\"doc_id\": 7, \"doc_name\": \"智慧运维平台应用介绍(1)(2).docx\", \"chunk_content\": \"功能模块\\t功能点\\t功能描述\\t3月进度\\t5月进度\\t待开发\\n产品管理\\t产品管理\\t产品基础信息、产品物模型等相关功能\\t✔\\t\\t\\n产品管理\\t品类管理\\t品类基础信息管理功能\\t✔\\t\\t\\n产品管理\\t物模型管理\\t物模型信息管理\\t✔\\t\\t\\n设备管理\\t设备分组\\t分组基础信息功能\\t✔\\t\\t\\n设备管理\\t设备列表\\t设备基础信息、单设备相关实时报警、预警数据、实时状态\\t✔\\t\\t\\n设备管理\\t网关下属设备导入\\t网关下属设备数据批量导入\\t\\t\", \"page\": null}, {\"doc_id\": 7, \"doc_name\": \"智慧运维平台应用介绍(1)(2).docx\", \"chunk_content\": \"智慧运维平台试点应用进度报告\\n车站级平台[边缘智能]实现功能\\nhttp://192.168.30.177:8090/index\\n车站级平台[边缘计算]实现功能\\n中心级平台[智慧运维]实现功能\\nhttp://192.168.10.51:8089/index\\n物联网平台[JCIOT]实现功能\\nhttp://192.168.52.220:8086/\\n调度系统[JCOCC]实现功能\\nhttp://192.\", \"page\": null}, {\"doc_id\": 7, \"doc_name\": \"智慧运维平台应用介绍(1)(2).docx\", \"chunk_content\": \"功能模块\\t功能点\\t功能描述\\t3月进度\\t5月进度\\t待开发\\n传输管理\\t传输规则列表\\t状态传输通道及规则管理\\t✔\\t\\t\\n传输管理\\t故障传输规则\\t故障传输通道及规则管理\\t✔\\t\\t\\n传输管理\\t特征传输规则\\t特征传输通道及规则管理\\t✔\\t\\t\\n传输管理\\t参数传输规则\\t参数传输通道及规则管理\\t✔\\t\\t\\n规则管理\\t预警规则\\t创建规则，规则绑定物模型参数、配置预警计算模型、作用设备。系统同步规则后会根据创建的规则自动执行对应\", \"page\": null}, {\"doc_id\": 7, \"doc_name\": \"智慧运维平台应用介绍(1)(2).docx\", \"chunk_content\": \"功能模块\\t功能点\\t功能描述\\t3月进度\\t5月进度\\t待开发\\n配置管理\\t配置数据加载\\t\\t无\\t✔\\t\\n数据处理\\t实时数据清洗\\t\\t无\\t✔\\t\\n数据处理\\t实时数据推送\\t\\t无\\t✔\\t\\n故障处理\\t故障数据处理\\t\\t无\\t✔\\t\\n故障处理\\t故障规则匹配\\t\\t无\\t\\t✔\\n故障处理\\t故障消除处理\\t\\t无\\t\\t✔\\n规则引擎\\t规则配置\\t\\t无\\t✔\\t\\n规则引擎\\t规则模型匹配\\t\\t无\\t\\t✔\\n规则引擎\\t规则分析与执行\\t\\t无\\t\\t✔\\n规则引擎\\t规则结果处理\", \"page\": null}]', 2179, '2026-06-09 09:19:14');
INSERT INTO `query_logs` VALUES (12, 1, 38, '文章中提到了几个人 ？', '根据检索到的文档内容，共提到了以下两位人员：\n\n1. **熊文波**：浙江大学电子与通信工程硕士，高级工程师，担任杭州爱华智能科技有限公司的法定代表人，同时兼任中国声学学会理事等多个社会职务，从事噪声振动测量仪器研发二十余年。\n2. **张绍栋**：高级工程师，享受国务院特殊津贴，曾领导主持设计了国内第一代声级计，退休后创办杭州爱华仪器有限公司，是全国噪声与振动控制委员会评选的五位终生成就奖之一。\n\n来源：《杭州爱华-建筑声学测量-个体噪声剂量-多功能声级计-噪声分析仪厂家.txt》', '[{\"doc_id\": 64, \"doc_name\": \"杭州爱华-建筑声学测量-个体噪声剂量-多功能声级计-噪声分析仪厂家.txt\", \"chunk_content\": \"近日，5月14至5月15日为期两天的 国家继续医学教育项目——职业人群耳与听力健康保护技术培训班圆满落幕。杭州爱华智能科技有限公司受邀参会，携旗下核心产品亮相现场，与来自全国疾控、职防领域的专家学者共探听力健康保护前沿技术与实践方案。\\n2026-05-26 15:38:35\\n熊文波\\n法定代表人\\n浙江大学电子与通信工程硕士，高级工程师，中国声学学会理事、中国环境保护产业协会噪声与振动专业委员会常务委\", \"page\": null}, {\"doc_id\": 64, \"doc_name\": \"杭州爱华-建筑声学测量-个体噪声剂量-多功能声级计-噪声分析仪厂家.txt\", \"chunk_content\": \"高级工程师，享受国务院特殊津贴。1957年考入成都电讯工程学院（电子科技大学），毕业后进入国营734厂（南京有线电厂），后担任国营4380厂（红声器材厂）厂长，领导主持设计了国内第一代声级计，获得了全国科学大会奖。主持和参与制定声级计等国家标准和行业标准，发表论文数十篇。退休后创办杭州爱华仪器有限公司，经过30年的发展，已经成为国内最大的声学振动测量仪器生产研发企业。市场占有率遥遥领先于同行。是全\", \"page\": null}, {\"doc_id\": 64, \"doc_name\": \"杭州爱华-建筑声学测量-个体噪声剂量-多功能声级计-噪声分析仪厂家.txt\", \"chunk_content\": \"杭州爱华-建筑声学测量-个体噪声剂量-多功能声级计-噪声分析仪厂家\\n首页\\n产品介绍\\n行业解决方案\\n新闻中心\\n技术支持\\n资质荣誉\\n联系我们\\n线上商城\\n销售热线：\\n技术支持：\\nCN\\nEN\\n全部\\n搜索内容...\\nPrevious\\n噪声自动监测系统\\nAHAI 6218J、AHAI 2001\\n无线建声测量系统\\nAHAI 1002\\n声学相机及鸣笛抓拍系统\\nAHAI 1010\\\\1001\\n振动测量仪器\\nAHAI \", \"page\": null}, {\"doc_id\": 64, \"doc_name\": \"杭州爱华-建筑声学测量-个体噪声剂量-多功能声级计-噪声分析仪厂家.txt\", \"chunk_content\": \"在制造业、矿业、建筑业等高噪声行业中，职业性噪声聋已成为不可忽视的“隐形杀手”。据相关研究表明，长期暴露于超过85dB高强度噪声环境中，内耳毛细胞会逐渐受损，最终导致感音神经性听力损失。然而，许多企业在开展职业卫生噪声监测时仍面临一个普遍难题：传统的个人声暴露计仅能测量单侧近耳噪声，但很多工作场景中左右耳的噪声暴露量并不对称。当噪声源在工人头部一侧或噪声源方向不对称时，仅凭单一通道的测量结果，既无\", \"page\": null}, {\"doc_id\": 64, \"doc_name\": \"杭州爱华-建筑声学测量-个体噪声剂量-多功能声级计-噪声分析仪厂家.txt\", \"chunk_content\": \"来源URL：https://www.aihua-ai.cn/?bdclick=1&sdclkid=ALfG15eG15el152Rxg&bd_vid=8049923355063354330\\n标题：杭州爱华-建筑声学测量-个体噪声剂量-多功能声级计-噪声分析仪厂家\", \"page\": null}, {\"doc_id\": 64, \"doc_name\": \"杭州爱华-建筑声学测量-个体噪声剂量-多功能声级计-噪声分析仪厂家.txt\", \"chunk_content\": \"电话咨询\\nx\\n400-808-7808\\n复制\", \"page\": null}]', 2947, '2026-06-09 09:45:08');
INSERT INTO `query_logs` VALUES (13, 1, 39, '如何启动Celery', '根据文档内容，启动 Celery 需要分别启动 **Celery Worker**（文档处理任务）和 **Celery Beat**（定时目录扫描），具体命令如下：\n\n### 启动 Celery Worker（文档处理任务）\n```bash\ncd /path/to/knowledge-base/backend\ncelery -A app.celery_app worker -l info --concurrency=4\n```\n\n### 启动 Celery Beat（定时目录扫描）\n```bash\ncd /path/to/knowledge-base/backend\ncelery -A app.celery_app beat -l info\n```\n\n> **生产环境建议**：使用 `systemd` 或 `supervisor` 管理上述进程，确保崩溃后自动重启。\n\n来源：《bbb.md》', '[{\"doc_id\": 66, \"doc_name\": \"bbb.md\", \"chunk_content\": \"```bash\\ncd /path/to/knowledge-base/backend\\ncelery -A app.celery_app beat -l info                                启动定时目录扫描\\n```\\n> **生产环境建议**：使用 `systemd` 或 `supervisor` 管理上述三个进程，确保崩溃后自动重启。\\n### 3.9 system\", \"page\": null}, {\"doc_id\": 66, \"doc_name\": \"bbb.md\", \"chunk_content\": \"```bash\\nuvicorn app.main:app --host 0.0.0.0 --port 8000 --workers 4\\n```\\n### 3.7 启动 Celery Worker（文档处理任务）\\n```bash\\ncd /path/to/knowledge-base/backend\\ncelery -A app.celery_app worker -l info --concurrenc\", \"page\": null}, {\"doc_id\": 66, \"doc_name\": \"bbb.md\", \"chunk_content\": \"### 3.6 启动 FastAPI 后端\\n**开发模式（支持热重载）：**\\n```bash\\ncd /path/to/knowledge-base/backend\\nuv pip install --system openai\\nuvicorn app.main:app --reload --host 0.0.0.0 --port 8000               启动后端服务   ==== 18\", \"page\": null}]', 2954, '2026-06-10 09:07:12');
INSERT INTO `query_logs` VALUES (14, 1, 40, '单兵记录仪有几个供应商 ？', '根据检索到的文档内容，未找到关于“单兵记录仪”供应商的具体信息。文档中主要涉及车场工艺设备、通信系统、网络设备及网络安全专用产品等系统的供应商调研情况，但未提及单兵记录仪的相关内容。\n\n来源：《信创论证报4.docx》', '[{\"doc_id\": 11, \"doc_name\": \"信创论证报4.docx\", \"chunk_content\": \"序号\\t系统\\t调研情况\\t必要性分析\\n\\t车场工艺设备\\t针对车场工艺设备涉及到的应用软件调研了东莞诺丽科技股份有限公司（以下简称“东莞诺丽”）、成都唐源电气股份有限公司（以下简称“唐源电气”）、成都运达科技股份有限公司（以下简称“运达科技”）、江苏中车数字科技有限公司（以下简称“江苏中车”）共4家供应商。调研情况总结如下：\\n1.东莞诺丽：\\n（1）信创案例：无。\\n（2）现状：正在基于信创操作系统+信创数据\", \"page\": null}, {\"doc_id\": 11, \"doc_name\": \"信创论证报4.docx\", \"chunk_content\": \"序号\\t系统名称\\t系统类别\\t调研情况\\n1）信创案例：天津试点应用中\\n2）现状：已经完成信创适配工作，正在天津开展试点。\\n（2）贝能达\\n1）信创案例：无\\n2）现状：已经完成信创适配工作，除了CPU使用非信创产品，操作系统和数据库已使用信创厂商的产品。\\n时钟系统\\n调研了烟台持久钟表集团有限公司、烟台北极星钟表（集团）有限公司等2家供应商，均未开展信创相关工作。\\n电源系统\\n调研了重庆山顿科技有限公司。\\n1\", \"page\": null}, {\"doc_id\": 11, \"doc_name\": \"信创论证报4.docx\", \"chunk_content\": \"序号\\t系统\\t调研情况\\t必要性分析\\n调研了烟台持久钟表集团有限公司、烟台北极星钟表（集团）有限公司等2家供应商，均未开展信创相关工作。\\n电源系统\\n调研了重庆山顿科技有限公司。\\n1）信创案例：无。\\n2）现状：正在开展信创适配工作。\\n集中告警系统\\n调研了上海高凯信息技术有限公司（以下简称“上海高凯”）、烽火通信科技股份有限公司（以下简称“烽火通信”）等供应商。\\n上海高凯：不了解信创，暂无信创工作计划。\\n\", \"page\": null}, {\"doc_id\": 11, \"doc_name\": \"信创论证报4.docx\", \"chunk_content\": \"序号\\t供应商\\t调研情况\\n\\t华为\\t目前该公司网络设备所采用的交换机专用芯片主要采用华为海思自研芯片或外部采购的芯片等，在各重点行业领域具备应用案例。\\n\\t新华三\\t目前该公司网络设备主要采用自研或外部采购的交换机专用芯片，已经有基于飞腾、海光等国产芯片的网络安全专用产品，在其他行业也有应用案例，但是在轨道交通信号专业暂无应用案例。\\n\\t深信服\\t目前该公司全线网络安全专用产品都有基于信创的版本且已经量产，在\", \"page\": null}, {\"doc_id\": 11, \"doc_name\": \"信创论证报4.docx\", \"chunk_content\": \"采购分析\\n系统概况\\n本项目涉及的综合监控系统、车站中央控制系统、自动售检票（AFC）系统、通信系统、风水电系统、站台门系统、车场工艺设备等7个系统均为生产运营系统，根据调研，截至2024年12月31日，各系统现状以及信创改造情况如下：\\n表 1 系统情况\\n同时，项目组对华为、新华三、深信服等10家国内主流网络设备及网络安全专用产品供应商也进行了调研，截至2024年12月20日，调研现状如下：\\n表 2\", \"page\": null}, {\"doc_id\": 11, \"doc_name\": \"信创论证报4.docx\", \"chunk_content\": \"序号\\t采购类型\\t产品\\t产品参数\\t数量\\n\\t例外采购\\t无线系统录音服务器\\tCPU：Intel_5318H 内存：32G DDR4；硬盘：600G 10K SAS；\\t2\\t通信系统\\t\\t\\t通信系统属生产运营系统，对业务运行影响大。目前此类子系统暂无在信创环境上运行的成熟案例。\\n\\t例外采购\\t无线系统便携式维护终端\\t同传输系统便携式维护终端\\t1\\t通信系统\\t\\t\\t通信系统属生产运营系统，对业务运行影响大。目前此类子\", \"page\": null}]', 2050, '2026-06-10 09:22:53');
INSERT INTO `query_logs` VALUES (15, 1, 41, '单兵记录仪有几个供应商 ？', '根据检索到的文档内容，未找到关于“单兵记录仪”供应商的具体信息。文档中主要涉及车场工艺设备、通信系统、网络设备及网络安全专用产品等系统的供应商调研情况，但未提及单兵记录仪的相关内容。\n\n来源：《信创论证报4.docx》', '[{\"doc_id\": 11, \"doc_name\": \"信创论证报4.docx\", \"chunk_content\": \"序号\\t系统\\t调研情况\\t必要性分析\\n\\t车场工艺设备\\t针对车场工艺设备涉及到的应用软件调研了东莞诺丽科技股份有限公司（以下简称“东莞诺丽”）、成都唐源电气股份有限公司（以下简称“唐源电气”）、成都运达科技股份有限公司（以下简称“运达科技”）、江苏中车数字科技有限公司（以下简称“江苏中车”）共4家供应商。调研情况总结如下：\\n1.东莞诺丽：\\n（1）信创案例：无。\\n（2）现状：正在基于信创操作系统+信创数据\", \"page\": null}, {\"doc_id\": 11, \"doc_name\": \"信创论证报4.docx\", \"chunk_content\": \"序号\\t系统名称\\t系统类别\\t调研情况\\n1）信创案例：天津试点应用中\\n2）现状：已经完成信创适配工作，正在天津开展试点。\\n（2）贝能达\\n1）信创案例：无\\n2）现状：已经完成信创适配工作，除了CPU使用非信创产品，操作系统和数据库已使用信创厂商的产品。\\n时钟系统\\n调研了烟台持久钟表集团有限公司、烟台北极星钟表（集团）有限公司等2家供应商，均未开展信创相关工作。\\n电源系统\\n调研了重庆山顿科技有限公司。\\n1\", \"page\": null}, {\"doc_id\": 11, \"doc_name\": \"信创论证报4.docx\", \"chunk_content\": \"序号\\t系统\\t调研情况\\t必要性分析\\n调研了烟台持久钟表集团有限公司、烟台北极星钟表（集团）有限公司等2家供应商，均未开展信创相关工作。\\n电源系统\\n调研了重庆山顿科技有限公司。\\n1）信创案例：无。\\n2）现状：正在开展信创适配工作。\\n集中告警系统\\n调研了上海高凯信息技术有限公司（以下简称“上海高凯”）、烽火通信科技股份有限公司（以下简称“烽火通信”）等供应商。\\n上海高凯：不了解信创，暂无信创工作计划。\\n\", \"page\": null}, {\"doc_id\": 11, \"doc_name\": \"信创论证报4.docx\", \"chunk_content\": \"序号\\t供应商\\t调研情况\\n\\t华为\\t目前该公司网络设备所采用的交换机专用芯片主要采用华为海思自研芯片或外部采购的芯片等，在各重点行业领域具备应用案例。\\n\\t新华三\\t目前该公司网络设备主要采用自研或外部采购的交换机专用芯片，已经有基于飞腾、海光等国产芯片的网络安全专用产品，在其他行业也有应用案例，但是在轨道交通信号专业暂无应用案例。\\n\\t深信服\\t目前该公司全线网络安全专用产品都有基于信创的版本且已经量产，在\", \"page\": null}, {\"doc_id\": 11, \"doc_name\": \"信创论证报4.docx\", \"chunk_content\": \"采购分析\\n系统概况\\n本项目涉及的综合监控系统、车站中央控制系统、自动售检票（AFC）系统、通信系统、风水电系统、站台门系统、车场工艺设备等7个系统均为生产运营系统，根据调研，截至2024年12月31日，各系统现状以及信创改造情况如下：\\n表 1 系统情况\\n同时，项目组对华为、新华三、深信服等10家国内主流网络设备及网络安全专用产品供应商也进行了调研，截至2024年12月20日，调研现状如下：\\n表 2\", \"page\": null}, {\"doc_id\": 11, \"doc_name\": \"信创论证报4.docx\", \"chunk_content\": \"序号\\t采购类型\\t产品\\t产品参数\\t数量\\n\\t例外采购\\t无线系统录音服务器\\tCPU：Intel_5318H 内存：32G DDR4；硬盘：600G 10K SAS；\\t2\\t通信系统\\t\\t\\t通信系统属生产运营系统，对业务运行影响大。目前此类子系统暂无在信创环境上运行的成熟案例。\\n\\t例外采购\\t无线系统便携式维护终端\\t同传输系统便携式维护终端\\t1\\t通信系统\\t\\t\\t通信系统属生产运营系统，对业务运行影响大。目前此类子\", \"page\": null}]', 1766, '2026-06-10 09:50:50');
INSERT INTO `query_logs` VALUES (16, 1, 41, '车站级平台的网址是什么？', '车站级平台的网址是：http://192.168.30.177:8090/index\n\n来源：《智慧运维平台应用介绍(1)(2).docx》', '[{\"doc_id\": 7, \"doc_name\": \"智慧运维平台应用介绍(1)(2).docx\", \"chunk_content\": \"智慧运维平台试点应用进度报告\\n车站级平台[边缘智能]实现功能\\nhttp://192.168.30.177:8090/index\\n车站级平台[边缘计算]实现功能\\n中心级平台[智慧运维]实现功能\\nhttp://192.168.10.51:8089/index\\n物联网平台[JCIOT]实现功能\\nhttp://192.168.52.220:8086/\\n调度系统[JCOCC]实现功能\\nhttp://192.\", \"page\": null}, {\"doc_id\": 12, \"doc_name\": \"智慧运维平台应用介绍.docx\", \"chunk_content\": \"【2. 故障诊断】\\n试点车站安装边缘计算服务器，负责站台门系统PSC的数据采集和处理，并进行边缘计算对故障进行智能化处理，对设备故障进行实时告警、发生故障后利用故障逻辑树进行推理诊断，快速定位到故障对象和故障原因。同时，利用线路内部的通信网络，将数据推送至调度中心。调度中心对线路上车站的站台门设备整体运营状况进行监测，对发生的故障进行自动化派单，并跟踪工单执行的过程和进度，也提供对备品备件及知识库\", \"page\": null}, {\"doc_id\": 12, \"doc_name\": \"智慧运维平台应用介绍.docx\", \"chunk_content\": \"站台门运维平台包括车站级系统和中心级系统两个部分。其中，车站级系统是安装部署在车站侧并且面向设备层的进行数据采集、检测、计算、诊断、预警、评估等一系列软件和系统；中心级系统是安装部署在调度中心，面向设备、业务和管理，对各车站汇聚的数据进行运营监测、分析计算、综合调度等。系统架构如下：\\n车站级运维平台主要是面向站台门设备的实时监测和故障管理，实现站台门设备的运行状态监测和检测，故障告警、故障诊断、故\", \"page\": null}, {\"doc_id\": 12, \"doc_name\": \"智慧运维平台应用介绍.docx\", \"chunk_content\": \"【2. 故障诊断】\\n试点车站接入后，嘉成公司需要将以下线路所有车站数据接入到平台。\\n2025年6月之前，至少一条完整线路的数据接入。\\n2025年5月底，李子园。\\n接入方式\\n在有数字底座的车站，按照数字底座进行接入，没有数字底座的车站，如果有申通5G专网，则通过申通5G转往接入，如果没有申通5G专网，则通过公用5G网络将车站接入到地铁梅隆基地的中心级平台。\\n实现功能\\n站台门运维平台应实现如下主要功能\", \"page\": null}, {\"doc_id\": 12, \"doc_name\": \"智慧运维平台应用介绍.docx\", \"chunk_content\": \"【2. 故障诊断】\\n工业物联网平台主要用于各线路车站的汇聚、计算、存储和转发等。部署在线路或中心级服务器，建立以管理设备为基本单元的物模型，并通过工业物联网协议MQTT，汇聚各车站对于站台门的实时状态、故障报警、故障预警等数据，同时也接收车站智能诊断的推送结果。为综合调度平台和运维管理平台提供数据查询和应用服务。\\n3 综合调度平台（JCOCC）页面：蒋晓龙，功能实现：彭凯 综合看板/故障告警5月底\", \"page\": null}, {\"doc_id\": 12, \"doc_name\": \"智慧运维平台应用介绍.docx\", \"chunk_content\": \"边缘计算：接收各物联网网关采集传输的数据信息，收集汇集大量的设备现场数据，满足设备分析诊断需高频率、及时响应的要求，在边缘计算本地进行数据分析处理，避免海量数据无法全面及时通过网络传输到中心平台导致数据失真或丢失问题。在靠近设备侧、车站进行就地的数据清洗处理、特征提取、模型运算、诊断预警、设备健康评价，向中心平台输出及时、细致、准确的数据。\\n车站级应用：提供边缘计算相关的模型维护管理、设备状态参数\", \"page\": 1}]', 1326, '2026-06-10 09:54:35');
INSERT INTO `query_logs` VALUES (17, 1, 42, '车站级平台的网址是什么？', '根据文档内容，车站级平台[边缘智能]的网址是：http://192.168.30.177:8090/index\n\n来源：《智慧运维平台应用介绍(1)(2).docx》', '[{\"doc_id\": 7, \"doc_name\": \"智慧运维平台应用介绍(1)(2).docx\", \"chunk_content\": \"智慧运维平台试点应用进度报告\\n车站级平台[边缘智能]实现功能\\nhttp://192.168.30.177:8090/index\\n车站级平台[边缘计算]实现功能\\n中心级平台[智慧运维]实现功能\\nhttp://192.168.10.51:8089/index\\n物联网平台[JCIOT]实现功能\\nhttp://192.168.52.220:8086/\\n调度系统[JCOCC]实现功能\\nhttp://192.\", \"page\": null}, {\"doc_id\": 12, \"doc_name\": \"智慧运维平台应用介绍.docx\", \"chunk_content\": \"【2. 故障诊断】\\n试点车站安装边缘计算服务器，负责站台门系统PSC的数据采集和处理，并进行边缘计算对故障进行智能化处理，对设备故障进行实时告警、发生故障后利用故障逻辑树进行推理诊断，快速定位到故障对象和故障原因。同时，利用线路内部的通信网络，将数据推送至调度中心。调度中心对线路上车站的站台门设备整体运营状况进行监测，对发生的故障进行自动化派单，并跟踪工单执行的过程和进度，也提供对备品备件及知识库\", \"page\": null}, {\"doc_id\": 12, \"doc_name\": \"智慧运维平台应用介绍.docx\", \"chunk_content\": \"站台门运维平台包括车站级系统和中心级系统两个部分。其中，车站级系统是安装部署在车站侧并且面向设备层的进行数据采集、检测、计算、诊断、预警、评估等一系列软件和系统；中心级系统是安装部署在调度中心，面向设备、业务和管理，对各车站汇聚的数据进行运营监测、分析计算、综合调度等。系统架构如下：\\n车站级运维平台主要是面向站台门设备的实时监测和故障管理，实现站台门设备的运行状态监测和检测，故障告警、故障诊断、故\", \"page\": null}, {\"doc_id\": 12, \"doc_name\": \"智慧运维平台应用介绍.docx\", \"chunk_content\": \"【2. 故障诊断】\\n试点车站接入后，嘉成公司需要将以下线路所有车站数据接入到平台。\\n2025年6月之前，至少一条完整线路的数据接入。\\n2025年5月底，李子园。\\n接入方式\\n在有数字底座的车站，按照数字底座进行接入，没有数字底座的车站，如果有申通5G专网，则通过申通5G转往接入，如果没有申通5G专网，则通过公用5G网络将车站接入到地铁梅隆基地的中心级平台。\\n实现功能\\n站台门运维平台应实现如下主要功能\", \"page\": null}, {\"doc_id\": 11, \"doc_name\": \"信创论证报4.docx\", \"chunk_content\": \"序号\\t系统\\t调研情况\\t必要性分析\\n通信为轨道交通生产运行核心系统，是轨道交通运营指挥、企业管理、服务乘客和传递各种信息的网络平台，系统稳定性、实时性及连续性要求极高。\\n\\n适配程度低：\\n通信系统部分中心级、车站级的各类子系统应用程序在国产CPU服务器、操作系统、工作站上无法正常运行，只能支持intel等国外CPU和操作系统。国内主流通信系统集成商目前正在推进适配工作。\\n\\t风水电系统\\t\\t\\n\\t站台门\\t针\", \"page\": 1}, {\"doc_id\": 12, \"doc_name\": \"智慧运维平台应用介绍.docx\", \"chunk_content\": \"智慧运维平台试点应用进度报告\\n智慧运维平台简介\\n站台门智慧运维平台通过集成物联网、云计算、大数据等新一代信息技术，实现对站台门关键部件（如电机、DCU、皮带、电磁锁、PSC等）的实时数据采集与监测，从而确保站台门的安全、可靠运行，同时，对于设备故障进行实时告警，能够及时获取设备故障信息，并及时响应、快速处置，从而保障线路的安全稳定运行。基于故障预测与健康管理（PHM）理论，对于已经发生的故障进行专\", \"page\": 1}]', 1856, '2026-06-10 10:01:23');
INSERT INTO `query_logs` VALUES (18, 1, 43, '车站级平台的网址是什么？', '根据文档内容，车站级平台[边缘智能]的网址是：http://192.168.30.177:8090/index。\n\n来源：《智慧运维平台应用介绍(1)(2).docx》', '[{\"doc_id\": 7, \"doc_name\": \"智慧运维平台应用介绍(1)(2).docx\", \"chunk_content\": \"智慧运维平台试点应用进度报告\\n车站级平台[边缘智能]实现功能\\nhttp://192.168.30.177:8090/index\\n车站级平台[边缘计算]实现功能\\n中心级平台[智慧运维]实现功能\\nhttp://192.168.10.51:8089/index\\n物联网平台[JCIOT]实现功能\\nhttp://192.168.52.220:8086/\\n调度系统[JCOCC]实现功能\\nhttp://192.\", \"page\": null}, {\"doc_id\": 12, \"doc_name\": \"智慧运维平台应用介绍.docx\", \"chunk_content\": \"【2. 故障诊断】\\n试点车站安装边缘计算服务器，负责站台门系统PSC的数据采集和处理，并进行边缘计算对故障进行智能化处理，对设备故障进行实时告警、发生故障后利用故障逻辑树进行推理诊断，快速定位到故障对象和故障原因。同时，利用线路内部的通信网络，将数据推送至调度中心。调度中心对线路上车站的站台门设备整体运营状况进行监测，对发生的故障进行自动化派单，并跟踪工单执行的过程和进度，也提供对备品备件及知识库\", \"page\": null}, {\"doc_id\": 12, \"doc_name\": \"智慧运维平台应用介绍.docx\", \"chunk_content\": \"站台门运维平台包括车站级系统和中心级系统两个部分。其中，车站级系统是安装部署在车站侧并且面向设备层的进行数据采集、检测、计算、诊断、预警、评估等一系列软件和系统；中心级系统是安装部署在调度中心，面向设备、业务和管理，对各车站汇聚的数据进行运营监测、分析计算、综合调度等。系统架构如下：\\n车站级运维平台主要是面向站台门设备的实时监测和故障管理，实现站台门设备的运行状态监测和检测，故障告警、故障诊断、故\", \"page\": null}, {\"doc_id\": 12, \"doc_name\": \"智慧运维平台应用介绍.docx\", \"chunk_content\": \"【2. 故障诊断】\\n试点车站接入后，嘉成公司需要将以下线路所有车站数据接入到平台。\\n2025年6月之前，至少一条完整线路的数据接入。\\n2025年5月底，李子园。\\n接入方式\\n在有数字底座的车站，按照数字底座进行接入，没有数字底座的车站，如果有申通5G专网，则通过申通5G转往接入，如果没有申通5G专网，则通过公用5G网络将车站接入到地铁梅隆基地的中心级平台。\\n实现功能\\n站台门运维平台应实现如下主要功能\", \"page\": null}, {\"doc_id\": 11, \"doc_name\": \"信创论证报4.docx\", \"chunk_content\": \"序号\\t系统\\t调研情况\\t必要性分析\\n通信为轨道交通生产运行核心系统，是轨道交通运营指挥、企业管理、服务乘客和传递各种信息的网络平台，系统稳定性、实时性及连续性要求极高。\\n\\n适配程度低：\\n通信系统部分中心级、车站级的各类子系统应用程序在国产CPU服务器、操作系统、工作站上无法正常运行，只能支持intel等国外CPU和操作系统。国内主流通信系统集成商目前正在推进适配工作。\\n\\t风水电系统\\t\\t\\n\\t站台门\\t针\", \"page\": 1}, {\"doc_id\": 12, \"doc_name\": \"智慧运维平台应用介绍.docx\", \"chunk_content\": \"智慧运维平台试点应用进度报告\\n智慧运维平台简介\\n站台门智慧运维平台通过集成物联网、云计算、大数据等新一代信息技术，实现对站台门关键部件（如电机、DCU、皮带、电磁锁、PSC等）的实时数据采集与监测，从而确保站台门的安全、可靠运行，同时，对于设备故障进行实时告警，能够及时获取设备故障信息，并及时响应、快速处置，从而保障线路的安全稳定运行。基于故障预测与健康管理（PHM）理论，对于已经发生的故障进行专\", \"page\": 1}]', 1355, '2026-06-10 10:07:41');
INSERT INTO `query_logs` VALUES (19, 1, 44, '车站平台的URL地址是 ？', '根据文档内容，车站级平台（边缘智能）的URL地址是：  \nhttp://192.168.30.177:8090/index  \n\n来源：《智慧运维平台应用介绍(1)(2).docx》', '[{\"doc_id\": 7, \"doc_name\": \"智慧运维平台应用介绍(1)(2).docx\", \"chunk_content\": \"智慧运维平台试点应用进度报告\\n车站级平台[边缘智能]实现功能\\nhttp://192.168.30.177:8090/index\\n车站级平台[边缘计算]实现功能\\n中心级平台[智慧运维]实现功能\\nhttp://192.168.10.51:8089/index\\n物联网平台[JCIOT]实现功能\\nhttp://192.168.52.220:8086/\\n调度系统[JCOCC]实现功能\\nhttp://192.\", \"page\": null}, {\"doc_id\": 7, \"doc_name\": \"智慧运维平台应用介绍(1)(2).docx\", \"chunk_content\": \"功能模块\\t功能点\\t功能描述\\t3月进度\\t5月进度\\t待开发\\n产品设计\\t物料数据管理\\t产品BOM数据：BOM数据编码、BOM数据名称、所属区域编码\\t✔\\t\\t\\n产品设计\\t供应商数据管理\\t供应商基础信息\\t✔\\t\\t\\n产品设计\\t产品模型\\t站台门产品模型数据管理，唯一模型编码设计\\t✔\\t\\t\\n产品设计\\t产品管理\\t站台门产品管理，设置产品所属模型，唯一产品编码设计\\t✔\\t\\t\\n产品设计\\t区域数据管理\\t产品区域规划与管理，区域命\", \"page\": 1}, {\"doc_id\": 7, \"doc_name\": \"智慧运维平台应用介绍(1)(2).docx\", \"chunk_content\": \"功能模块\\t功能点\\t功能描述\\t3月进度\\t5月进度\\t待开发\\n调度系统\\t站台门故障\\t\\t\\t✔\\t\\n调度系统\\t线网监控\\t\\t\\t✔\\t\\n调度系统\\t报警列表\\t\\t\\t✔\\t\\n调度系统\\t预警列表\\t\\t\\t✔\\t\\n调度系统\\t工单列表\\t支持展示全部维修任务列表信息，包含：任务等级、所属系统、部件名、位置、任务描述、生成时间、完成时间点、任务来源、维修状态、维修情况；\\n支持点击查看单个维修任务详情页面；\\t\\t✔\\t\\n调度系统\\t线网分析\\t\\t\\t\", \"page\": null}, {\"doc_id\": 7, \"doc_name\": \"智慧运维平台应用介绍(1)(2).docx\", \"chunk_content\": \"功能模块\\t功能点\\t功能描述\\t3月进度\\t5月进度\\t待开发\\n设备管理\\t配置设备\\t站台门相关的各种硬件设备管理\\t✔\\t\\t\\n设备管理\\t评价纪录\\t对设备进行打分\\t✔\\t\\t\\n设备管理\\t设备状态\\t设备状态纪录，健康评估定义、建模及规则管理\\t✔\\t\\t\\n测点管理\\t采集测点\\t数据采集配置\\t✔\\t\\t\\n参数比较\\t参数对比\\t\\t✔\\t\\t\\n基础管理\\t数据同步\\t功能模块以列表形式展示，点击右侧版本列表可选择历史版本进行同步\\t✔\\t\\t\\n基础管\", \"page\": null}, {\"doc_id\": 7, \"doc_name\": \"智慧运维平台应用介绍(1)(2).docx\", \"chunk_content\": \"功能模块\\t功能点\\t功能描述\\t3月进度\\t5月进度\\t待开发\\n运营汇报\\t日报管理和统计\\t\\t✔\\t\\t\\n运营汇报\\t月报管理和统计\\t\\t✔\\t\\t\\n运营汇报\\t线路分析\\t\\t✔\\t\\t\\n运营汇报\\t车站分析\\t\\t✔\\t\\t\\n运营汇报\\t故障类型\\t\\t✔\\t\\t\\n运营汇报\\t故障区域\\t\\t✔\\t\\t\\n运营汇报\\t故障位置\\t\\t✔\\t\\t\\n运营汇报\\t故障单元\\t\\t✔\\t\\t\\n运营汇报\\t线路分配\\t\\t✔\\t\\t\\n备件管理\\t标签打印\\t\\t✔\\t\\t\\n备件管理\\t仓库管理\\t\\t✔\\t\\t\\n备\", \"page\": null}, {\"doc_id\": 7, \"doc_name\": \"智慧运维平台应用介绍(1)(2).docx\", \"chunk_content\": \"功能模块\\t功能点\\t功能描述\\t3月进度\\t5月进度\\t待开发\\n特征模型管理\\t特征模型发布\\t\\t✔\\t\\t\\n特征模型管理\\t特征同步记录\\t\\t✔\\t\\t\\n预警规则管理\\t预警数据维护\\t\\t✔\\t\\t\\n预警规则管理\\t预警规则发布\\t\\t✔\\t\\t\\n预警规则管理\\t预警同步记录\\t\\t✔\\t\\t\\n告警规则管理\\t告警数据维护\\t\\t✔\\t\\t\\n告警规则管理\\t告警规则发布\\t\\t✔\\t\\t\\n告警规则管理\\t告警同步记录\\t\\t✔\\t\\t\\n故障功能管理\\t故障诊断维护\\t\\t✔\\t\\t\\n故\", \"page\": null}]', 1354, '2026-06-10 10:11:00');
INSERT INTO `query_logs` VALUES (20, 1, 45, '这个项目名称是啥', '根据文档内容，该项目的名称为：**重庆轨道交通27号线站后工程施工总承包**。\n\n来源：《信创论证报4.docx》', '[{\"doc_id\": 11, \"doc_name\": \"信创论证报4.docx\", \"chunk_content\": \"项目名称\\t：\\t重庆轨道交通27号线站后工程施工总承包\\n委托单位\\t：\\t重庆市铁路（集团）有限公司\", \"page\": null}, {\"doc_id\": 11, \"doc_name\": \"信创论证报4.docx\", \"chunk_content\": \"项目建设情况\\n项目名称：重庆轨道交通27号线站后工程施工总承包项目\\n项目性质：城市轨道交通新建线路站后工程施工总承包项目\\n建设单位：重庆市铁路（集团）有限公司\\n建设目标：建设重庆轨道交通27号线站后工程施工总承包项目，包含综合监控系统、车站中央控制系统、自动售检票（AFC）系统、通信系统、站台门系统、车场工艺设备及风水电系统。\\n投资规模：本项目合同估算金额约人民币38.1亿元。其中，涉及例外采购金\", \"page\": null}, {\"doc_id\": 11, \"doc_name\": \"信创论证报4.docx\", \"chunk_content\": \"概述\\n重庆市铁路（集团）有限公司（以下简称“重庆市铁路集团”）建设重庆轨道交通27号线站后工程施工总承包项目，主要涉及综合监控系统、车站中央控制系统、自动售检票（AFC）系统、通信系统、风水电系统、站台门系统以及车场工艺设备等7个系统。\\n综合监控系统是一个高度集成的综合自动化监控系统，通过集成和互联轨道交通各弱电系统及主要机电设备，形成统一的监控层硬件平台和软件平台，从而实现对轨道交通弱电子系统、\", \"page\": null}, {\"doc_id\": 11, \"doc_name\": \"信创论证报4.docx\", \"chunk_content\": \"评估工作来由\\n重庆市铁路集团是重庆市属国有重点企业，成立于2013年12月，注册地位于重庆市渝中区华盛路1号。作为重庆市域（郊）铁路及城轨快线项目的投资、建设和运营管理的专业化公司和重庆交通强市建设“主力军”，目前承担着城轨快线15号线一期、15号线二期、27号线和市郊铁路璧铜线、永川线、渝合线一期以及关坝铁路专用线等在建项目，负责全国首条双流制市郊铁路江跳线的运营；下辖重庆万南铁路有限责任公司、\", \"page\": null}, {\"doc_id\": 11, \"doc_name\": \"信创论证报4.docx\", \"chunk_content\": \"序号\\t系统名称\\t系统类别\\t调研情况\\n（1）信创案例：无。\\n（2）现状：该系统由应用软件和专用设备集成，目前已对该系统开展信创适配进行了初步调研评估，暂未开展适配工作。\", \"page\": null}]', 1136, '2026-06-10 10:11:50');
INSERT INTO `query_logs` VALUES (21, 1, 45, '项目总金额是多少？', '根据文档内容，该项目的合同估算金额约**人民币38.1亿元**。\n\n来源：《信创论证报4.docx》', '[{\"doc_id\": 11, \"doc_name\": \"信创论证报4.docx\", \"chunk_content\": \"项目建设情况\\n项目名称：重庆轨道交通27号线站后工程施工总承包项目\\n项目性质：城市轨道交通新建线路站后工程施工总承包项目\\n建设单位：重庆市铁路（集团）有限公司\\n建设目标：建设重庆轨道交通27号线站后工程施工总承包项目，包含综合监控系统、车站中央控制系统、自动售检票（AFC）系统、通信系统、站台门系统、车场工艺设备及风水电系统。\\n投资规模：本项目合同估算金额约人民币38.1亿元。其中，涉及例外采购金\", \"page\": null}, {\"doc_id\": 11, \"doc_name\": \"信创论证报4.docx\", \"chunk_content\": \"序号\\t采购类型\\t产品\\t产品参数\\t数量\\n（台/套）\\t所属系统\\t总价\\n（万元）\\t占本项目估算比例\\t例外采购分析\\n\\t例外采购\\t含油废水成套处理设备控制系统工控机\\t计算机，需采用国际/国内知名品牌的工控机。内存：不低于2GB，固态硬盘不低于128G。CPU主频2.6GHZ以上。采用17寸以上液晶彩色显示器。打印机采用国际/国内知名品牌。100兆以网卡和1394口。需具有4个USB2.0以上的接口。预装最新\", \"page\": null}, {\"doc_id\": 11, \"doc_name\": \"信创论证报4.docx\", \"chunk_content\": \"序号\\t采购类型\\t产品\\t产品参数\\t数量\\n（台/套）\\t所属系统\\t总价\\n（万元）\\t占本项目估算比例\\t例外采购分析\\n\\t例外采购\\t应用服务器\\t处理器:4210\\n (10C,85W,2.2GHz)*2；内存：64G\\n RDIMM DDR4 内存,板载24个内存插\\n 槽；硬盘：480G 固态硬盘*3；支持\\n RAID5、RAID10；网络控制器：集成\\n 双口 RJ45 千兆*4，支持网络冗余、\\n 网络唤醒等高级\", \"page\": null}, {\"doc_id\": 11, \"doc_name\": \"信创论证报4.docx\", \"chunk_content\": \"序号\\t采购类型\\t产品\\t产品参数\\t数量\\n（台/套）\\t所属系统\\t总价\\n（万元）\\t占本项目估算比例\\t例外采购分析\\n\\t例外采购\\t计算服务器\\t处理器：配置2 颗英特尔至强系列处理器（第3代或其他更高性能处理器），CPU主频:≥2.2GHz，≥26 核，L3 缓存≥39MB\\n内存：配置内存插槽≥24 个；内存配置容量：≥512GB DDR4\\n存储：硬盘配置容量数目：≥2 块480GB 2.5 寸固态硬盘，≥2\", \"page\": null}, {\"doc_id\": 11, \"doc_name\": \"信创论证报4.docx\", \"chunk_content\": \"采购分析\\n系统概况\\n本项目涉及的综合监控系统、车站中央控制系统、自动售检票（AFC）系统、通信系统、风水电系统、站台门系统、车场工艺设备等7个系统均为生产运营系统，根据调研，截至2024年12月31日，各系统现状以及信创改造情况如下：\\n表 1 系统情况\\n同时，项目组对华为、新华三、深信服等10家国内主流网络设备及网络安全专用产品供应商也进行了调研，截至2024年12月20日，调研现状如下：\\n表 2\", \"page\": null}, {\"doc_id\": 11, \"doc_name\": \"信创论证报4.docx\", \"chunk_content\": \"项目名称\\t：\\t重庆轨道交通27号线站后工程施工总承包\\n委托单位\\t：\\t重庆市铁路（集团）有限公司\", \"page\": 1}]', 1218, '2026-06-10 10:12:22');
INSERT INTO `query_logs` VALUES (22, 1, 46, '生产环境如何启动uvicorn  ？', '根据文档内容，生产环境启动 Uvicorn 的命令如下：\n\n```bash\nuvicorn app.main:app --host 0.0.0.0 --port 8000 --workers 4\n```\n\n该命令会以多进程模式启动 FastAPI 后端服务，监听所有网络接口（`0.0.0.0`）的 8000 端口，并开启 4 个工作进程。\n\n> **生产环境建议**：使用 `systemd` 或 `supervisor` 管理上述进程，确保崩溃后自动重启。\n\n来源：《bbb.md》《AAA.md》', '[{\"doc_id\": 66, \"doc_name\": \"bbb.md\", \"chunk_content\": \"```bash\\ncd /path/to/knowledge-base/backend\\ncelery -A app.celery_app beat -l info                                启动定时目录扫描\\n```\\n> **生产环境建议**：使用 `systemd` 或 `supervisor` 管理上述三个进程，确保崩溃后自动重启。\\n### 3.9 system\", \"page\": null}, {\"doc_id\": 66, \"doc_name\": \"bbb.md\", \"chunk_content\": \"```bash\\nuvicorn app.main:app --host 0.0.0.0 --port 8000 --workers 4\\n```\\n### 3.7 启动 Celery Worker（文档处理任务）\\n```bash\\ncd /path/to/knowledge-base/backend\\ncelery -A app.celery_app worker -l info --concurrenc\", \"page\": null}, {\"doc_id\": 65, \"doc_name\": \"AAA.md\", \"chunk_content\": \"### 3.6 启动 FastAPI 后端\\n**开发模式（支持热重载）：**\\n```bash\\ncd /path/to/knowledge-base/backend\\nuv pip install --system openai\\nuvicorn app.main:app --reload --host 0.0.0.0 --port 8000               启动后端服务   ==== 18\", \"page\": null}, {\"doc_id\": 66, \"doc_name\": \"bbb.md\", \"chunk_content\": \"### 3.6 启动 FastAPI 后端\\n**开发模式（支持热重载）：**\\n```bash\\ncd /path/to/knowledge-base/backend\\nuv pip install --system openai\\nuvicorn app.main:app --reload --host 0.0.0.0 --port 8000               启动后端服务   ==== 18\", \"page\": null}, {\"doc_id\": 65, \"doc_name\": \"AAA.md\", \"chunk_content\": \"```bash\\ncd /path/to/knowledge-base/backend\\ncelery -A app.celery_app beat -l info                                启动定时目录扫描\\n```\\n> **生产环境建议**：使用 `systemd` 或 `supervisor` 管理上述三个进程，确保崩溃后自动重启。\\n### 3.9 system\", \"page\": null}]', 2417, '2026-06-10 10:14:20');
INSERT INTO `query_logs` VALUES (23, 1, 47, '标书制作的自动生成方案可行吗？', '根据文档内容，标书智能化生成方案是**技术可行、经济合理**的。具体分析如下：\n\n1. **可行性结论**：文档明确指出，基于公司现有数据积累和AI技术成熟度，该项目“技术可行、经济合理”，实施后预计可带来显著效益。  \n   - 来源：《标书智能化生成方案研究.docx》\n\n2. **数据基础**：公司已积累超过100GB的历年投标文件数据（包括技术方案、商务条款、报价单等），为AI训练提供了充足的数据支撑。  \n   - 来源：《标书智能化生成方案研究.docx》\n\n3. **预期效益**：  \n   - 标书制作直接成本降低60%  \n   - 投标成功率提升预期15-20%  \n   - 年度人力成本有望节约（但技术方案部分仍需技术人员介入）  \n   - 来源：《标书智能化生成方案研究.docx（第1页）》\n\n4. **需注意的风险**：文档也提到一些潜在风险，例如：  \n   - 训练数据是否足够充分  \n   - 生成标书的质量是否优于人工制作  \n   - 仍需投入人力进行检查和修改  \n   - 能否真正节约标书制作成本尚不确定  \n   - 来源：《标书智能化生成方案研究.docx》\n\n**总结**：从技术、数据和预期效益来看，该方案具备可行性，但实际效果取决于数据质量、模型训练结果以及后续人工审核的投入程度。建议在实施前充分评估风险，并做好试点验证。', '[{\"doc_id\": 10, \"doc_name\": \"标书智能化生成方案研究.docx\", \"chunk_content\": \"7.2人力资源\\nAI工程师   2人\\n数据标注员 2人\\n行业专家   1人\\n八、结论与建议\\n8.1 可行性结论\\n基于公司现有数据积累和AI技术成熟度，标书智能化生成项目技术可行、经济合理，实施后预计可带来显著效益。\", \"page\": null}, {\"doc_id\": 10, \"doc_name\": \"标书智能化生成方案研究.docx\", \"chunk_content\": \"《标书智能化生成方案研究》\\n一、项目背景与需求分析\\n1.1 公司现状\\n我公司作为专业的地铁站台门系统供应商，每周需要投入大量人力资源进行投标书编制工作。目前公司积累了超过100GB的历年投标文件数据，包括技术方案、商务条款、报价单等各类文档。\", \"page\": null}, {\"doc_id\": 10, \"doc_name\": \"标书智能化生成方案研究.docx\", \"chunk_content\": \"六、风险\\n此方案的实施也存在一定的技术风险，比如训练数据是否真的足够，训练后输出的标书是否真的就比人工制作的好，生成的标书还需要多少人力来进行检查和修改，是否真的能节约制作标书的成本等等，这些都是未知数。\", \"page\": null}, {\"doc_id\": 10, \"doc_name\": \"标书智能化生成方案研究.docx\", \"chunk_content\": \"1.3 智能化需求\\n通过AI技术实现：\\n- (1)标书内容自动生成\\n- (2)历史数据智能检索与复用\\n- (3)格式自动标准化\\n- (4)关键信息自动校验\", \"page\": null}, {\"doc_id\": 10, \"doc_name\": \"标书智能化生成方案研究.docx\", \"chunk_content\": \"5.3 成本节约\\n- 年度人力成本节约：这个取决于生成的标书的质量，技术方案部分还是需要技术人员介入\\n- 标书制作直接成本降低60%\\n- 投标成功率提升预期：15-20%\", \"page\": 1}, {\"doc_id\": 10, \"doc_name\": \"标书智能化生成方案研究.docx\", \"chunk_content\": \"1.2 当前痛点\\n- (1)投标项目多：投标项目太多，来不及制作标书\\n- (2)人力成本高：每次投标需组建专门团队，耗时3-5个工作日\\n- (3)人过制作效率低：标书编制流程繁琐，重复性工作占比达60%以上\\n- (4)质量波动：不同团队编制的标书格式、内容深度不一致\\n- (5)响应速度慢：紧急投标需求难以快速响应\", \"page\": 1}]', 4589, '2026-06-10 10:37:52');
INSERT INTO `query_logs` VALUES (24, 1, 47, '智慧运维平台分成几个大的模块？', '根据文档内容，智慧运维平台主要分为以下**四大核心模块**：\n\n1. **感知采集层**  \n   通过传感器、现场数据总线、物联网网关等单元，对站台门相关系统接口、设备、环境参数等关键系统设备进行数据采集，并转换为物联网协议，将站台门系统设备的状态参数、故障信息、环境参数等进行采集传输。  \n   来源：《智慧运维平台应用介绍.docx》\n\n2. **边缘计算层**  \n   接收各物联网网关采集传输的数据信息，在靠近设备侧、车站进行就地的数据清洗处理、特征提取、模型运算、诊断预警、设备健康评价，向中心平台输出及时、细致、准确的数据。  \n   来源：《智慧运维平台应用介绍.docx（第1页）》\n\n3. **车站级应用**  \n   提供边缘计算相关的模型维护管理、设备状态参数查询验证、故障预警告警查看、设备健康评估分析、相关系统接口查询追溯等车站运维管理功能，并预留与智慧车站接口。  \n   来源：《智慧运维平台应用介绍.docx（第1页）》\n\n4. **中心级应用**  \n   利用大数据技术、GIS技术、BIM技术、数字孪生技术和计划排程工具、资源管理工具，在中心实现多车站、多线路设备的状态监控、故障预警告警、运维计划管理、调度派工、巡检维修管理、资源管理、质量分析等站台门运维管理功能。  \n   来源：《智慧运维平台应用介绍.docx（第1页）》\n\n此外，平台还包含支撑上述功能的**专业数据库**和**应用支撑工具**。  \n来源：《智慧运维平台应用介绍.docx》', '[{\"doc_id\": 12, \"doc_name\": \"智慧运维平台应用介绍.docx\", \"chunk_content\": \"智慧运维平台试点应用进度报告\\n智慧运维平台简介\\n站台门智慧运维平台通过集成物联网、云计算、大数据等新一代信息技术，实现对站台门关键部件（如电机、DCU、皮带、电磁锁、PSC等）的实时数据采集与监测，从而确保站台门的安全、可靠运行，同时，对于设备故障进行实时告警，能够及时获取设备故障信息，并及时响应、快速处置，从而保障线路的安全稳定运行。基于故障预测与健康管理（PHM）理论，对于已经发生的故障进行专\", \"page\": null}, {\"doc_id\": 12, \"doc_name\": \"智慧运维平台应用介绍.docx\", \"chunk_content\": \"【2. 故障诊断】\\n建立从故障报修，维修响应，维修记录到恢复正常的全作业流程。应急维修主要包括故障报修、维修工单、维修过程、维修统计等。\\n日常巡检\\n通过巡检配置，系统每天根据配置自动生成巡检任务，通过每天巡检及时排查设备和设备间的情况，及时处理防患于未然。主要包括巡检班组、巡检计划、巡检任务、巡检执行等。\\n备品备件\\n备品备件是站台门运维过程中一种很重要的资源，通过不断提升备品备件之使用效率，可以大\", \"page\": null}, {\"doc_id\": 12, \"doc_name\": \"智慧运维平台应用介绍.docx\", \"chunk_content\": \"【2. 故障诊断】\\n试点车站接入后，嘉成公司需要将以下线路所有车站数据接入到平台。\\n2025年6月之前，至少一条完整线路的数据接入。\\n2025年5月底，李子园。\\n接入方式\\n在有数字底座的车站，按照数字底座进行接入，没有数字底座的车站，如果有申通5G专网，则通过申通5G转往接入，如果没有申通5G专网，则通过公用5G网络将车站接入到地铁梅隆基地的中心级平台。\\n实现功能\\n站台门运维平台应实现如下主要功能\", \"page\": 1}, {\"doc_id\": 7, \"doc_name\": \"智慧运维平台应用介绍(1)(2).docx\", \"chunk_content\": \"智慧运维平台试点应用进度报告\\n车站级平台[边缘智能]实现功能\\nhttp://192.168.30.177:8090/index\\n车站级平台[边缘计算]实现功能\\n中心级平台[智慧运维]实现功能\\nhttp://192.168.10.51:8089/index\\n物联网平台[JCIOT]实现功能\\nhttp://192.168.52.220:8086/\\n调度系统[JCOCC]实现功能\\nhttp://192.\", \"page\": null}, {\"doc_id\": 12, \"doc_name\": \"智慧运维平台应用介绍.docx\", \"chunk_content\": \"边缘计算：接收各物联网网关采集传输的数据信息，收集汇集大量的设备现场数据，满足设备分析诊断需高频率、及时响应的要求，在边缘计算本地进行数据分析处理，避免海量数据无法全面及时通过网络传输到中心平台导致数据失真或丢失问题。在靠近设备侧、车站进行就地的数据清洗处理、特征提取、模型运算、诊断预警、设备健康评价，向中心平台输出及时、细致、准确的数据。\\n车站级应用：提供边缘计算相关的模型维护管理、设备状态参数\", \"page\": 1}, {\"doc_id\": 7, \"doc_name\": \"智慧运维平台应用介绍(1)(2).docx\", \"chunk_content\": \"功能模块\\t功能点\\t功能描述\\t3月进度\\t5月进度\\t待开发\\n产品管理\\t产品管理\\t产品基础信息、产品物模型等相关功能\\t✔\\t\\t\\n产品管理\\t品类管理\\t品类基础信息管理功能\\t✔\\t\\t\\n产品管理\\t物模型管理\\t物模型信息管理\\t✔\\t\\t\\n设备管理\\t设备分组\\t分组基础信息功能\\t✔\\t\\t\\n设备管理\\t设备列表\\t设备基础信息、单设备相关实时报警、预警数据、实时状态\\t✔\\t\\t\\n设备管理\\t网关下属设备导入\\t网关下属设备数据批量导入\\t\\t\", \"page\": null}]', 3612, '2026-06-10 10:41:12');
INSERT INTO `query_logs` VALUES (25, 1, 47, 'uvicorn 如何启动 ？', '根据检索到的文档内容，**未找到关于 uvicorn 如何启动的相关信息**。文档内容主要涉及信创论证、标书智能化生成方案、智慧运维平台等主题，未包含 uvicorn 的使用说明。\n\n建议您参考 uvicorn 官方文档或相关技术教程获取启动方法。', '[{\"doc_id\": 11, \"doc_name\": \"信创论证报4.docx\", \"chunk_content\": \"序号\\t采购类型\\t产品\\t产品参数\\t数量\\n存储：硬盘配置容量数目：≥2 块480GB 2.5寸固态硬盘，≥6块12TB SATA 3.5寸硬盘（≥7200rpm），≥1 块3.2TB NVMe 缓存盘\\t2\\t综合监控系统：培训及仿真系统\\t\\t\\t综合监控系统属生产运营系统，对业务运行影响大。目前暂无在信创环境上运行的城市轨道交通行业成熟案例。\\n\\t例外采购\\t培训工作站\\tCPU：Intel 至强E5-2600；\", \"page\": null}, {\"doc_id\": 11, \"doc_name\": \"信创论证报4.docx\", \"chunk_content\": \"序号\\t采购类型\\t产品\\t产品参数\\t数量\\n\\t例外采购\\t视频分析服务器操作系统\\t操作系统：系统主要部件均应选择正版操作系统。预装LINUX系统\\t14\\t综合监控系统：门禁及安防系统（视频监控系统）\\t\\t\\t综合监控系统属生产运营系统，对业务运行影响大。目前暂无在信创环境上运行的城市轨道交通行业成熟案例。\\n\\t例外采购\\t视频服务器操作系统\\t操作系统：系统主要部件均应选择正版操作系统。预装LINUX系统\\t1\\t综合监\", \"page\": null}, {\"doc_id\": 11, \"doc_name\": \"信创论证报4.docx\", \"chunk_content\": \"序号\\t采购类型\\t产品\\t产品参数\\t数量\\n\\t例外采购\\t工作站操作系统\\t操作系统采用主流正版操作系统。目前配置为WIN10。\\t33\\t综合监控系统：BAS系统\\t\\t\\t综合监控系统属生产运营系统，对业务运行影响大。目前暂无在信创环境上运行的城市轨道交通行业成熟案例。\\n\\t例外采购\\t安防终端\\t操作工作站应配置基于 Linux、Unix 或 Windows 操作系统的简体中文操作系统，应为国内外知名品牌。\\n操作工作\", \"page\": null}, {\"doc_id\": 11, \"doc_name\": \"信创论证报4.docx\", \"chunk_content\": \"序号\\t采购类型\\t产品\\t产品参数\\t数量\\n建议在保障生产活动安全稳定可靠经营的前提下，结合其他项目的成功经验，基于城轨业务场景进行充分测试验证，稳妥探索信创建设。\\n\\t\\t自助咨询服务终端（工控机）\\tCPU：采用超低功耗嵌入式CPU，CPU的高速缓冲存储器不小于1024KB。四核CPU主频≥2.0GHz；CPU二级缓存≥2MB。\\n表贴内存≥8G。\\n工业级SSD1块，容量≥128G，采用一线主流品牌，并具有\", \"page\": null}, {\"doc_id\": 10, \"doc_name\": \"标书智能化生成方案研究.docx\", \"chunk_content\": \"4. 配套进行业务流程重组与人员培训\", \"page\": null}]', 2119, '2026-06-10 11:01:13');
INSERT INTO `query_logs` VALUES (26, 1, 49, '员工入职小提交哪些资料？', '根据公司规定，新员工在正式报到时需向人力资源部出具以下文件：\n\n1. 身份证原件及复印件\n2. 学历、学位证书原件及复印件\n3. 职称证书、职业资格证书（如有）\n4. 近期免冠照片（具体数量可咨询人力资源部）\n5. 与原单位解除劳动关系的证明（如适用）\n6. 其他公司要求的特定材料（如体检报告等）\n\n此外，报到后还需如实填写《员工入职信息登记表》，并签收《岗位描述书》。\n\n来源：《员工手册》修改(第四版)（2015 .8）.doc', '[{\"doc_id\": 2, \"doc_name\": \"《员工手册》修改(第四版)（2015 .8）.doc\", \"chunk_content\": \"第一章   入职程序\\n1.招聘\\n1.1各部门如出现职位变缺，应由部门经理及时向人力资源部提出招聘申请。同时填写《岗位招聘计划申请表》报批。\\n1.2公司将优先考虑内部招聘。如公司内部无合适人选，人力资源部将通过有关媒介进行招聘。\\n1.3本公司招聘的对象为最符合公司岗位的人员。公司鼓励员工推荐，同时所有候选人的选择应建立在公平及能力为重的原则上。\\n1.4所有候选人在录用前需经过部门经理和人力资源部的面\", \"page\": null}, {\"doc_id\": 2, \"doc_name\": \"《员工手册》修改(第四版)（2015 .8）.doc\", \"chunk_content\": \"【第一章   入职程序】\\n4.2 转正后予以报销您的入职体检费用，报销限额150元/人。\\n4.3如果在试用期内缺勤5个工作日（含）以上，您的转正时间将会被顺延。原则上如果试用期内请假超过一个月，作自动离职处理。\\n5.特别提示\\n     当您的个人信息有更改或补充时，请于一个月内向人力资源部申报变更或声明，以确保与个人有关的各项权益：\\n    5.1姓名、身份证号码；\\n    5.2家庭地址和电话号\", \"page\": null}, {\"doc_id\": 2, \"doc_name\": \"《员工手册》修改(第四版)（2015 .8）.doc\", \"chunk_content\": \"【第一章   入职程序】\\n1.3员工上班期间如有事外出， 须告知身边同事；若在此期间有外来人员来访、来电，身边同事应记下来访者的单位、姓名、联系电话及来访事由；\\n1.4未经同意不得随便翻看其他同事的文件、资料等；\\n1.5不在办公区域高声喧哗，接待来访、业务洽谈要在洽谈室内或其他公司指定区域进行。\\n1.6注意保持整洁的办公环境；\\n    1.7适时调整您的手机铃声，办公区域内适当调低，培训/会议中则\", \"page\": null}, {\"doc_id\": 2, \"doc_name\": \"《员工手册》修改(第四版)（2015 .8）.doc\", \"chunk_content\": \"【第一章   入职程序】\\n试用期由公司和员工本人按照劳动法在劳动合同中约定，试用延期时间最长不超过六个月。\\n3.2 入职引导人\\n    试用期间，公司会为您指定入职引导人，帮助您接受在职培训，熟悉与工作有关的各项具体事务，包括：向您介绍公司的有关规则和规定，所在部门职能、人员情况；讲解您的本职工作内容和要求。此外，任何与工作有关的具体事务，如确定办公位、公司局域网、领用办公用品、使用办公设备、用餐\", \"page\": 1}, {\"doc_id\": 2, \"doc_name\": \"《员工手册》修改(第四版)（2015 .8）.doc\", \"chunk_content\": \"【第一章   入职程序】\\n标准工时工作时间为：9：00—17：30，其中午休时间为：12:00—12：30\\n综合工时制员工采用三班轮班工作制，具体排班安排由部门组织，原则上每周休息1天。\\n3.1.2根据项目进展、岗位特点，可经总经理批准，对项目中心员工实行弹性工作制。（每周工作时间不少于40小时）\\n3.2上下班打卡\\n员工上下班均需指纹打卡，以此考勤记录作为工资考勤核算之依据。严禁代打卡。\\n3.3 \", \"page\": 1}, {\"doc_id\": 2, \"doc_name\": \"《员工手册》修改(第四版)（2015 .8）.doc\", \"chunk_content\": \"【第一章   入职程序】\\n3.2.1公司网络学习平台提供的所有音像课程及相关资料均注明出处及版权归属，未经权利人书面授权，任何人不得以复制、仿造、转载、摘编、散布等形式私自利用。\\n    3.2.2职员在使用内部网所有资料时，不得将其用于个人欣赏、学习、研究之外的任何用途，并尽到对外保密的义务。\\n3.3 如无特殊约定，内部讲师讲述的课程公司拥有全部版权。\\n3.4 如有职员违反上述规定，除自行对外承\", \"page\": null}]', 3138, '2026-06-11 11:50:17');
INSERT INTO `query_logs` VALUES (27, 1, 50, '单兵记录仪可以购买哪几个厂家的产品？', '根据检索到的文档，可以购买以下三个厂家的单兵记录仪产品：\n\n1. **海康威视**：型号为DSJ-HIKM1A1，有4G版和5G版，64GB存储，价格分别为2020元/台和2830元/台，连续录像约9小时，电池250元/块。\n2. **马路成品**：64GB存储，价格1300元/台，质保1年，含2块电池+充电底座。\n3. **数果**：5G执法记录仪，价格3980元/台，持续录像约3小时。\n\n来源：《单兵执法仪/单兵记录仪产品调研.docx》', '[{\"doc_id\": 21, \"doc_name\": \"单兵执法仪/单兵记录仪产品调研.docx\", \"chunk_content\": \"执法记录仪产品调研报告\\n一、三家产品\\n海康威视DSJ-HIKM1A1 - 64GB存储- 4G版    价格4G：2020/台 5G:2830 连续录像9个小时，电池250/块\\n马路成品64GB存储                      价格1300/台  质保1年  含2块电池+充电底座\\n数果5G执法记录仪                      价格3980/台  持续录像应该在3小时左\", \"page\": null}, {\"doc_id\": 24, \"doc_name\": \"单兵执法仪/数果-询价单-可视化单兵20260118.xlsx\", \"chunk_content\": \"[工作表: 空调] 列名: 询价单\\n询价单\\t\\t\\t\\t\\t\\t\\t\\n客户名称\\t\\t\\t报价单位（加盖公章）\\t\\t上海数果科技有限公司\\t\\t\\n经办人\\t\\t\\t报价人\\t\\t许来萍\\t\\t\\n联系电话\\t\\t\\t联系电话\\t\\t13818907165\\t\\t\\n邮箱\\t\\t\\t邮箱\\t\\tlaiping.xu@chinashuguo.com\\t\\t\\n询价时间\\t\\t\\t报价时间\\t\\t2026-01-18 00:00:00\\t\\t\\n上海市轨道交通市域线崇明线工程供电、通号专业\", \"page\": null}, {\"doc_id\": 25, \"doc_name\": \"单兵执法仪/海康威视-DSJ-HIKN1A1执法记录仪_操作手册_V1.0.0.pdf\", \"chunk_content\": \"第 1 章 产品简介\\n记录仪是集录像、录音、拍照、定位等功能为一体的便携式设备。内置高灵敏度定位模块，\\n可准确定位事件发生位置，通过操作录像、录音和拍照功能，完整记录事件发生情况。\\n记录仪主要适用于公安民警办案、交警执法、消防检查、城管执法、烟草执法等场合，用于\\n记录执法过程。\\n主要特点\\n• 支持 H.264 视频编码压缩技术，便于节省网络传输带宽和存储空间。\\n• 内置 4G 和 Wi-Fi 无线\", \"page\": null}, {\"doc_id\": 36, \"doc_name\": \"ERP/设备成套BOM.xlsx\", \"chunk_content\": \"[工作表: 安全门9个站] 列名: 母件编码 | 母件代号 | 母件编码 | 母件代号 | 母件名称 | 子件编码 | 子件代号 | 子件名称 | 基本用量 | 需求数量 | 供应商 | 计量单位 | 规格 | 材质 | 设计备注 | 品牌厂家 | 供应类型 | 版本说明 | 仓库编码 | 部门编码 | 母件损耗率 | 子件损耗率\\n10600200194\\tASH06D02E-21\\t10600200\", \"page\": null}, {\"doc_id\": 36, \"doc_name\": \"ERP/设备成套BOM.xlsx\", \"chunk_content\": \"[工作表: 安全门9个站] 列名: 母件编码 | 母件代号 | 母件编码 | 母件代号 | 母件名称 | 子件编码 | 子件代号 | 子件名称 | 基本用量 | 需求数量 | 供应商 | 计量单位 | 规格 | 材质 | 设计备注 | 品牌厂家 | 供应类型 | 版本说明 | 仓库编码 | 部门编码 | 母件损耗率 | 子件损耗率\\n10600300248\\tASH06D02E-31\\t10600300\", \"page\": null}, {\"doc_id\": 25, \"doc_name\": \"单兵执法仪/海康威视-DSJ-HIKN1A1执法记录仪_操作手册_V1.0.0.pdf\", \"chunk_content\": \"第 2 章 启动和主页\\n本章介绍记录仪开机和主界面相关操作。\\n2.1 开机\\n关机状态下，长按设备右侧面的开关机按钮可开机。\\n2.2 主页\\n点击主页中的时间栏，可进行日期和时间的配置。\\n点击 \\n  ，打开录音机，按下录音键开始录音。\\n点击 \\n  ，打开文件管理，查看保存在设备中的视频、图片和音频。\\n点击 \\n  ，打开设置，可进行网络参数、媒体、系统和设备的具体配置操作。\\n点击 \\n  ，打开取证相机，\", \"page\": 8}]', 2428, '2026-06-11 11:52:19');
INSERT INTO `query_logs` VALUES (28, 1, 51, '员工入职需要的资料 ？', '根据公司《员工手册》规定，新进员工在正式到人力资源部报到时，需要出具以下个人资料：\n\n1. 如实填写《员工入职信息登记表》\n2. 签收《岗位描述书》\n3. 领取员工手册或电子更新版、办公用品及其他相关资料\n4. 与部门负责人见面，接受工作安排，并与负责人指定的入职引导人见面\n\n此外，关于人事档案存放问题，需与人力资源部同事商洽确定。\n\n来源：《员工手册》修改(第四版)（2015 .8）.doc', '[{\"doc_id\": 2, \"doc_name\": \"《员工手册》修改(第四版)（2015 .8）.doc\", \"chunk_content\": \"第一章   入职程序\\n1.招聘\\n1.1各部门如出现职位变缺，应由部门经理及时向人力资源部提出招聘申请。同时填写《岗位招聘计划申请表》报批。\\n1.2公司将优先考虑内部招聘。如公司内部无合适人选，人力资源部将通过有关媒介进行招聘。\\n1.3本公司招聘的对象为最符合公司岗位的人员。公司鼓励员工推荐，同时所有候选人的选择应建立在公平及能力为重的原则上。\\n1.4所有候选人在录用前需经过部门经理和人力资源部的面\", \"page\": null}, {\"doc_id\": 20, \"doc_name\": \"《员工手册》修改(第四版)（2015 .8）.doc\", \"chunk_content\": \"第一章   入职程序\\n1.招聘\\n1.1各部门如出现职位变缺，应由部门经理及时向人力资源部提出招聘申请。同时填写《岗位招聘计划申请表》报批。\\n1.2公司将优先考虑内部招聘。如公司内部无合适人选，人力资源部将通过有关媒介进行招聘。\\n1.3本公司招聘的对象为最符合公司岗位的人员。公司鼓励员工推荐，同时所有候选人的选择应建立在公平及能力为重的原则上。\\n1.4所有候选人在录用前需经过部门经理和人力资源部的面\", \"page\": 1}, {\"doc_id\": 2, \"doc_name\": \"《员工手册》修改(第四版)（2015 .8）.doc\", \"chunk_content\": \"【第一章   入职程序】\\n4.2 转正后予以报销您的入职体检费用，报销限额150元/人。\\n4.3如果在试用期内缺勤5个工作日（含）以上，您的转正时间将会被顺延。原则上如果试用期内请假超过一个月，作自动离职处理。\\n5.特别提示\\n     当您的个人信息有更改或补充时，请于一个月内向人力资源部申报变更或声明，以确保与个人有关的各项权益：\\n    5.1姓名、身份证号码；\\n    5.2家庭地址和电话号\", \"page\": null}, {\"doc_id\": 2, \"doc_name\": \"《员工手册》修改(第四版)（2015 .8）.doc\", \"chunk_content\": \"【第一章   入职程序】\\n3.2.1公司网络学习平台提供的所有音像课程及相关资料均注明出处及版权归属，未经权利人书面授权，任何人不得以复制、仿造、转载、摘编、散布等形式私自利用。\\n    3.2.2职员在使用内部网所有资料时，不得将其用于个人欣赏、学习、研究之外的任何用途，并尽到对外保密的义务。\\n3.3 如无特殊约定，内部讲师讲述的课程公司拥有全部版权。\\n3.4 如有职员违反上述规定，除自行对外承\", \"page\": null}, {\"doc_id\": 2, \"doc_name\": \"《员工手册》修改(第四版)（2015 .8）.doc\", \"chunk_content\": \"【第一章   入职程序】\\n1.3员工上班期间如有事外出， 须告知身边同事；若在此期间有外来人员来访、来电，身边同事应记下来访者的单位、姓名、联系电话及来访事由；\\n1.4未经同意不得随便翻看其他同事的文件、资料等；\\n1.5不在办公区域高声喧哗，接待来访、业务洽谈要在洽谈室内或其他公司指定区域进行。\\n1.6注意保持整洁的办公环境；\\n    1.7适时调整您的手机铃声，办公区域内适当调低，培训/会议中则\", \"page\": null}, {\"doc_id\": 2, \"doc_name\": \"《员工手册》修改(第四版)（2015 .8）.doc\", \"chunk_content\": \"【第一章   入职程序】\\n1.2.4外出考察：为拓展视野、启发思路，公司将组织管理人员、专业人士以及业绩优异的职员赴境内外考察。\\n    1.2.5公司的资料库、企业文化等无形资源亦是宝贵的学习资源。\\n1.3 个人进修资助\\n     职员个人利用假期或业余时间参加外部专门机构的上岗培训、职称及资格证书考试、攻读学位（历）等，可在顺利结业后向公司申请一定金额的进修资助。具体资助办法请查询《培训管理制\", \"page\": null}]', 2194, '2026-06-15 11:09:04');
INSERT INTO `query_logs` VALUES (29, 1, 51, '执法记录仪可以采购哪些厂家？', '根据检索到的文档，目前可供采购的执法记录仪厂家及型号信息如下：\n\n1. **海康威视**：型号为DSJ-HIKM1A1（4G版），64GB存储，价格2020元/台（4G版），支持二次开发，可集成到智慧运维平台，但无法将视频信息保存到公司自己的服务器上。\n2. **马路成品**：64GB存储，价格1300元/台，质保1年，标配含2块电池+充电底座，支持二次开发，能满足公司需求（包括实时视频集成、历史视频回看、视频文件存储到公司服务器）。\n3. **数果**：5G执法记录仪，价格3980元/台，持续录像约3小时，有二次开发功能，但不能满足公司需求。\n\n综合来看，**马路成品**在价格和功能上最符合公司需求，**海康威视**也可作为备选，但需注意其视频存储限制。\n\n来源：《单兵执法仪/单兵记录仪产品调研.docx》', '[{\"doc_id\": 21, \"doc_name\": \"单兵执法仪/单兵记录仪产品调研.docx\", \"chunk_content\": \"执法记录仪产品调研报告\\n一、三家产品\\n海康威视DSJ-HIKM1A1 - 64GB存储- 4G版    价格4G：2020/台 5G:2830 连续录像9个小时，电池250/块\\n马路成品64GB存储                      价格1300/台  质保1年  含2块电池+充电底座\\n数果5G执法记录仪                      价格3980/台  持续录像应该在3小时左\", \"page\": null}, {\"doc_id\": 20, \"doc_name\": \"单兵执法仪/J2603184138_上海嘉成智慧轨道交通发展有限公司_03已签海康章.pdf\", \"chunk_content\": \"1 / 2 \\n     \\n产品借用协议 \\n \\n                                              编号：4002824007 \\n甲方（借用方） ：上海嘉成智慧轨道交通发展有限公司  \\n   地址： \\n乙方（出借方） ：海康威视数字技术（上海）有限公司  \\n地址：上海市嘉定区云谷路 599 弄 6 号 620 室 J661 \\n \\n甲、乙双方经友好协商，本着平等\", \"page\": null}, {\"doc_id\": 25, \"doc_name\": \"单兵执法仪/海康威视-DSJ-HIKN1A1执法记录仪_操作手册_V1.0.0.pdf\", \"chunk_content\": \"第 1 章 产品简介\\n记录仪是集录像、录音、拍照、定位等功能为一体的便携式设备。内置高灵敏度定位模块，\\n可准确定位事件发生位置，通过操作录像、录音和拍照功能，完整记录事件发生情况。\\n记录仪主要适用于公安民警办案、交警执法、消防检查、城管执法、烟草执法等场合，用于\\n记录执法过程。\\n主要特点\\n• 支持 H.264 视频编码压缩技术，便于节省网络传输带宽和存储空间。\\n• 内置 4G 和 Wi-Fi 无线\", \"page\": null}, {\"doc_id\": 27, \"doc_name\": \"单兵执法仪/马路诚品B30参数.xlsx\", \"chunk_content\": \"[工作表: F1E] 列名: \\n配件\\t标配\\t执法记录仪主机，长背夹，电池 x1，充电器，Type-C线，快速操作指南\\t\\t\\t\\t\\t\\t\\t\\t\\t\\t\\t\\t\\t\\t\\t\\t\\t\\t\\t\\t\\t\\t\\t\\t\\t\\t\\t\\t\\t\\t\\t\\t\\t\\t\\t\\t\\t\\t\\t\\t\\t\\t\\t\\t\\t\\t\\t\\t\\t\\t\\t\\t\\t\\t\\t\\t\\t\\t\\t\\t\\t\\t\\t\\t\\t\\t\\t\\t\\t\\t\\t\\t\\t\\t\\t\\t\\t\\t\\t\\t\\t\\t\\t\\t\\t\\t\\t\\t\\t\\t\\t\\t\\t\\t\\t\\t\\t\\t\\t\\t\\t\\t\\t\\t\\t\\t\\t\\t\\t\\t\\t\\t\\t\\t\\t\\t\\t\\t\\t\\t\\t\\t\\t\\t\\t\\t\\t\\t\\t\\t\\t\\t\\t\\t\\t\\t\\t\\t\\t\\t\\t\\t\", \"page\": null}, {\"doc_id\": 25, \"doc_name\": \"单兵执法仪/海康威视-DSJ-HIKN1A1执法记录仪_操作手册_V1.0.0.pdf\", \"chunk_content\": \"执法记录仪\\n操作手册\", \"page\": null}, {\"doc_id\": 25, \"doc_name\": \"单兵执法仪/海康威视-DSJ-HIKN1A1执法记录仪_操作手册_V1.0.0.pdf\", \"chunk_content\": \"3.2.2 回放录音\\n若需要查看录制的音频文件，可以回放录音，音频文件以时间排序。\\n操作步骤\\n1.点击文件管理。\\n2.点击录音。\\n3.在文件列表中选择需要播放的音频。\\n3.2.3 回放图片\\n若需要查看抓拍的图片，可以查看以时间排序的抓拍图片。\\n操作步骤\\n1.点击文件管理。\\n2.点击图片。\\n3.在文件列表中选择需要查看的图片。\\n3.3 备份\\n记录仪支持备份录像、录音等文件。\\n3.3.1 备份到 US\", \"page\": 11}]', 3510, '2026-06-15 11:09:51');
INSERT INTO `query_logs` VALUES (30, 1, 52, '招标书对监理工程师有啥要求？', '根据招标书文档，监理工程师的相关要求如下：\n\n1. **角色定位**：监理工程师是受最终用户（甲方）委托，运用项目管理的方法，在项目实施过程中，代表和协助最终用户对本系统项目进行全过程管理，使设备能有效地组成一个运行可靠、功能完备的系统。\n\n2. **授权与通知**：本项目合同签订后，甲方应将监理工程师的姓名及所赋予的权限、监理内容以书面形式通知乙方。监理工程师如有人员变动时，应由甲方以书面形式通知乙方。\n\n3. **工作原则**：监理工程师在监理合同授权的范围内独立开展工作，并受最终用户委托对本项目合同的实施实行监督管理。\n\n4. **具体权限与职责**：\n   - 与乙方的关系是监理与被监理的关系，乙方需接受监理工程师在项目实施过程中的监督管理。\n   - 对乙方的技术方案，按照保质量、保工期和控制投资的原则进行审查，提出审查意见，并书面报告甲方。\n   - 有权检查设备加工、安装督导、调试人员的资质和实际工作能力。如发现乙方人员工作不称职，可要求更换有关人员。\n   - 协助甲方协调与项目有关单位之间的配合和合作。\n   - **质量控制**：审查乙方的质量保证体系；明确各阶段的质量控制目标和要求；对隐蔽工程进行检查；对各阶段验收文件进行审查或确认。监理工程师的签字确认不能减轻乙方对设备质量的责任。\n   - **进度控制**：审查或批准项目各级进度计划；检查进度计划执行情况；下达制造、供货通知、发布开工令。\n\n5. **职责边界**：除非合同另有明确规定，监理工程师无权解除合同规定的乙方的任何义务。\n\n来源：《project.pdf》', '[{\"doc_id\": 68, \"doc_name\": \"project.pdf\", \"chunk_content\": \"26.5.1 监理工程师与乙方之间的关系是监理与被监理的关系，乙方将按甲方与乙方签订的合同\\n规定接受监理工程师在项目实施过程中的监督管理。\\n26.5.2 监理工程师对乙方的技术方案，按照保质量、保工期和控制投资的原则进行审查，提出\\n审查意见，并书面报告甲方。\\n26.5.3 监理工程师有权检查设备加工、安装督导、调试人员的资质和实际工作的能力。在项目\\n实施过程中，如发现乙方人员工作不称职，监理工程师\", \"page\": null}, {\"doc_id\": 68, \"doc_name\": \"project.pdf\", \"chunk_content\": \"26.5.1 监理工程师与乙方之间的关系是监理与被监理的关系，乙方将按甲方与乙方签订的合同\\n规定接受监理工程师在项目实施过程中的监督管理。\\n26.5.2 监理工程师对乙方的技术方案，按照保质量、保工期和控制投资的原则进行审查，提出\\n审查意见，并书面报告甲方。\\n26.5.3 监理工程师有权检查设备加工、安装督导、调试人员的资质和实际工作的能力。在项目\\n实施过程中，如发现乙方人员工作不称职，监理工程师\", \"page\": null}, {\"doc_id\": 68, \"doc_name\": \"project.pdf\", \"chunk_content\": \"88\\n有损失、开支或索赔，乙方应对其负责并保证甲方免于对上述损失、开支或索赔承担责\\n任。\\n26 监理工程师\\n26.1 监理工程师是受最终用户委托，运用项目管理的方法，在项目实施过程中，代表和协助\\n最终用户对本系统项目进行全过程管理，使设备能有效地组成一个运行可靠、功能完备\\n的系统。\\n26.2 最终用户为了确保合同的顺利执行，授权监理工程师在整个系统的合同执行过程中，全\\n面负责到货、安装质量、工程调\", \"page\": null}, {\"doc_id\": 68, \"doc_name\": \"project.pdf\", \"chunk_content\": \"88\\n有损失、开支或索赔，乙方应对其负责并保证甲方免于对上述损失、开支或索赔承担责\\n任。\\n26 监理工程师\\n26.1 监理工程师是受最终用户委托，运用项目管理的方法，在项目实施过程中，代表和协助\\n最终用户对本系统项目进行全过程管理，使设备能有效地组成一个运行可靠、功能完备\\n的系统。\\n26.2 最终用户为了确保合同的顺利执行，授权监理工程师在整个系统的合同执行过程中，全\\n面负责到货、安装质量、工程调\", \"page\": null}, {\"doc_id\": 68, \"doc_name\": \"project.pdf\", \"chunk_content\": \"在系统发生隐患和进行故障处理时，投标人需按照招标人要求及时进行软件配合及更\\n新。在软件配置管理中，投标人应准确记录所有软件的版本及变更。投标人接到招标人\", \"page\": null}, {\"doc_id\": 68, \"doc_name\": \"project.pdf\", \"chunk_content\": \"标人全部完成本用户需求书中的各项要求后方可结束。若本工程采取分段、甩站开通，\\n每段的“质保期”分别计算。质保期计算方法：二期开通与先期开通间隔不大于 1 年时，\\n全线质保期以二期开通时间起计算；间隔大于 1 年时，先期开通部分的质保期按超出 1\\n年后的时间起计算。若存在多段开通情况，后续计算以此类推。\\n3.7 售后服务要求：\\n在质保期内，投标人负责免费更换故障设备、消除系统或设备本身的缺陷或不足部\", \"page\": 33}]', 4398, '2026-06-25 14:17:24');
INSERT INTO `query_logs` VALUES (31, 1, 53, '有哪些品牌的单兵执法记录仪可以采购 ？', '根据现有文档，您可以考虑采购以下三个品牌的单兵执法记录仪：\n\n1.  **海康威视**\n    *   **型号**: DSJ-HIKM1A1\n    *   **规格与价格**: 64GB存储的4G版价格为2020元/台，5G版为2830元/台。\n    *   **功能与续航**: 内置4G和Wi-Fi模块，支持GPS和北斗定位，可连续录像9个小时。其电池单独购买为250元/块。\n    *   **集成能力**: 具备二次开发功能，可以集成到智慧运维平台，但其视频信息无法存储到您公司自己的服务器上。\n\n2.  **马路成品**\n    *   **型号**: 文档中提及为“B30”（参数表中列出）。\n    *   **规格与价格**: 64GB存储版本价格为1300元/台，提供1年质保。\n    *   **配件**: 标配含2块电池和充电底座。\n    *   **集成能力**: 具备二次开发功能，能够全面满足您公司的三点核心需求：实时视频和历史视频可集成到智慧运维平台，并且视频文件能存储到公司自己的服务器上。\n\n3.  **数果**\n    *   **型号**: 5G执法记录仪\n    *   **规格与价格**: 价格为3980元/台，此价格不含流量卡，供货周期为7个工作日。\n    *   **功能与续航**: 持续录像时间约3小时。\n    *   **集成能力**: 具备二次开发功能，但无法满足您公司的需求。\n\n来源：《单兵执法仪/单兵记录仪产品调研.docx》、《数果-询价单-可视化单兵20260118.xlsx》、《海康威视-DSJ-HIKN1A1执法记录仪_操作手册_V1.0.0.pdf》、《马路诚品B30参数.xlsx》', '[{\"doc_id\": 21, \"doc_name\": \"单兵执法仪/单兵记录仪产品调研.docx\", \"chunk_content\": \"执法记录仪产品调研报告\\n一、三家产品\\n海康威视DSJ-HIKM1A1 - 64GB存储- 4G版    价格4G：2020/台 5G:2830 连续录像9个小时，电池250/块\\n马路成品64GB存储                      价格1300/台  质保1年  含2块电池+充电底座\\n数果5G执法记录仪                      价格3980/台  持续录像应该在3小时左\", \"page\": null}, {\"doc_id\": 24, \"doc_name\": \"单兵执法仪/数果-询价单-可视化单兵20260118.xlsx\", \"chunk_content\": \"[工作表: 空调] 列名: 询价单\\n询价单\\t\\t\\t\\t\\t\\t\\t\\n客户名称\\t\\t\\t报价单位（加盖公章）\\t\\t上海数果科技有限公司\\t\\t\\n经办人\\t\\t\\t报价人\\t\\t许来萍\\t\\t\\n联系电话\\t\\t\\t联系电话\\t\\t13818907165\\t\\t\\n邮箱\\t\\t\\t邮箱\\t\\tlaiping.xu@chinashuguo.com\\t\\t\\n询价时间\\t\\t\\t报价时间\\t\\t2026-01-18 00:00:00\\t\\t\\n上海市轨道交通市域线崇明线工程供电、通号专业\", \"page\": null}, {\"doc_id\": 25, \"doc_name\": \"单兵执法仪/海康威视-DSJ-HIKN1A1执法记录仪_操作手册_V1.0.0.pdf\", \"chunk_content\": \"第 1 章 产品简介\\n记录仪是集录像、录音、拍照、定位等功能为一体的便携式设备。内置高灵敏度定位模块，\\n可准确定位事件发生位置，通过操作录像、录音和拍照功能，完整记录事件发生情况。\\n记录仪主要适用于公安民警办案、交警执法、消防检查、城管执法、烟草执法等场合，用于\\n记录执法过程。\\n主要特点\\n• 支持 H.264 视频编码压缩技术，便于节省网络传输带宽和存储空间。\\n• 内置 4G 和 Wi-Fi 无线\", \"page\": null}, {\"doc_id\": 27, \"doc_name\": \"单兵执法仪/马路诚品B30参数.xlsx\", \"chunk_content\": \"[工作表: F1E] 列名: \\n配件\\t标配\\t执法记录仪主机，长背夹，电池 x1，充电器，Type-C线，快速操作指南\\t\\t\\t\\t\\t\\t\\t\\t\\t\\t\\t\\t\\t\\t\\t\\t\\t\\t\\t\\t\\t\\t\\t\\t\\t\\t\\t\\t\\t\\t\\t\\t\\t\\t\\t\\t\\t\\t\\t\\t\\t\\t\\t\\t\\t\\t\\t\\t\\t\\t\\t\\t\\t\\t\\t\\t\\t\\t\\t\\t\\t\\t\\t\\t\\t\\t\\t\\t\\t\\t\\t\\t\\t\\t\\t\\t\\t\\t\\t\\t\\t\\t\\t\\t\\t\\t\\t\\t\\t\\t\\t\\t\\t\\t\\t\\t\\t\\t\\t\\t\\t\\t\\t\\t\\t\\t\\t\\t\\t\\t\\t\\t\\t\\t\\t\\t\\t\\t\\t\\t\\t\\t\\t\\t\\t\\t\\t\\t\\t\\t\\t\\t\\t\\t\\t\\t\\t\\t\\t\\t\\t\\t\", \"page\": null}, {\"doc_id\": 25, \"doc_name\": \"单兵执法仪/海康威视-DSJ-HIKN1A1执法记录仪_操作手册_V1.0.0.pdf\", \"chunk_content\": \"执法记录仪\\n操作手册\", \"page\": null}, {\"doc_id\": 21, \"doc_name\": \"浅田宗伯方论医案集.pdf\", \"chunk_content\": \"232\\n医案篇\\n《橘窗书影》\\n有似此症，水气在胸胁者，余用石膏救其于危险。今记其一二：胸膈有水气\\n也，而有吐水者、眩晕者、动气者、动气而呼吸不稳者，皆小半夏加茯苓石膏、半\\n夏泻心加石膏等能收效。按：心下有水气停饮之症多端，非一方一药之治也，其\\n尤轻者如桂苓术甘汤之头眩、小半夏加茯苓之水停心下，皆水气所干，利小便可\\n治，能着眼此处，用附子用石膏，可奏非常之效。\\n15． 既济汤类\\n四谷竹街比留间白斋，\", \"page\": 250}]', 8993, '2026-07-13 00:46:26');

-- ----------------------------
-- Table structure for roles
-- ----------------------------
DROP TABLE IF EXISTS `roles`;
CREATE TABLE `roles`  (
  `id` int NOT NULL AUTO_INCREMENT,
  `name` varchar(50) CHARACTER SET utf8mb4 COLLATE utf8mb4_unicode_ci NOT NULL,
  `description` varchar(255) CHARACTER SET utf8mb4 COLLATE utf8mb4_unicode_ci NOT NULL,
  `is_system` tinyint(1) NOT NULL,
  `created_at` datetime NOT NULL,
  `code` varchar(50) CHARACTER SET utf8mb4 COLLATE utf8mb4_unicode_ci NOT NULL DEFAULT '',
  `menu_permissions` text CHARACTER SET utf8mb4 COLLATE utf8mb4_unicode_ci NULL,
  PRIMARY KEY (`id`) USING BTREE,
  UNIQUE INDEX `uq_roles_name`(`name` ASC) USING BTREE,
  UNIQUE INDEX `uq_roles_code`(`code` ASC) USING BTREE
) ENGINE = InnoDB AUTO_INCREMENT = 13 CHARACTER SET = utf8mb4 COLLATE = utf8mb4_unicode_ci ROW_FORMAT = Dynamic;

-- ----------------------------
-- Records of roles
-- ----------------------------
INSERT INTO `roles` VALUES (1, 'super_admin', '超级管理员', 1, '2026-05-22 08:41:58', 'super_admin', NULL);
INSERT INTO `roles` VALUES (2, 'dept_admin', '部门管理员', 1, '2026-05-22 08:41:58', 'dept_admin', NULL);
INSERT INTO `roles` VALUES (3, 'member', '普通成员', 1, '2026-05-22 08:41:58', 'member', NULL);
INSERT INTO `roles` VALUES (12, 'ABC', 'deff', 0, '2026-06-08 12:11:55', 'deff', '[]');

-- ----------------------------
-- Table structure for system_settings
-- ----------------------------
DROP TABLE IF EXISTS `system_settings`;
CREATE TABLE `system_settings`  (
  `id` int NOT NULL AUTO_INCREMENT,
  `key` varchar(100) CHARACTER SET utf8mb4 COLLATE utf8mb4_unicode_ci NOT NULL,
  `value` mediumtext CHARACTER SET utf8mb4 COLLATE utf8mb4_unicode_ci NULL,
  `description` varchar(255) CHARACTER SET utf8mb4 COLLATE utf8mb4_unicode_ci NULL DEFAULT NULL,
  `updated_at` datetime NOT NULL,
  PRIMARY KEY (`id`) USING BTREE,
  UNIQUE INDEX `uq_system_settings_key`(`key` ASC) USING BTREE
) ENGINE = InnoDB AUTO_INCREMENT = 10 CHARACTER SET = utf8mb4 COLLATE = utf8mb4_unicode_ci ROW_FORMAT = Dynamic;

-- ----------------------------
-- Records of system_settings
-- ----------------------------
INSERT INTO `system_settings` VALUES (1, 'site_name', '上海嘉成轨道交通', '站点名称', '2026-05-22 05:31:21');
INSERT INTO `system_settings` VALUES (2, 'captcha_enabled', 'true', '是否启用登录验证码', '2026-05-22 08:41:58');
INSERT INTO `system_settings` VALUES (3, 'max_upload_size_mb', '500', '单文件最大上传大小（MB）', '2026-05-22 08:41:58');
INSERT INTO `system_settings` VALUES (4, 'allow_register', 'false', '是否允许自行注册', '2026-05-22 08:41:58');
INSERT INTO `system_settings` VALUES (5, 'system_logo', 'data:image/png;base64,iVBORw0KGgoAAAANSUhEUgAAAHgAAAB4CAYAAAA5ZDbSAAAQAElEQVR4AYy9B6BlRbH3+69eO5x8zsyAMEPOSE4SBBFMBAVBQUyY41VRMV0DioggKAIighJMgHIVA2bRa86ioJJzzjMn573X+/967X0Y/Pzee4tVq7uqq6qrqzqtXvsMafXq1eXq1Y+Vo2tGy3a7Xc7NzZVr1qzJMDM9nWmTk5MZh3dhYSHTyD/2mOVGK7nF1mI5OTVpXavLqampzNNut8sJy8I7Pz+/RFuzZnU5OrpmCZ9fmK/kzNtutzOdOh97bHU5Pj5RLi4uZtqo60LXmtWVLLZgw2rzTUxMZJ5p27za7YGvW2dX7jHT2+1KP2Vr3PZJ5FoVDVlos7OzZavVyvrGxsaybeClL2xBN/R2u5KbnZktsQE6smYrx8fGsxz2IQtQjg3j4+NZN7xr1qzJfDPUaX20A77VbuPiYmXDotv/mG19Qp2zc7lObG67wna7nX212jHBL23sNz2Jq5QihSJC+SpLuUwmqHtlvIt00oiKP/T4f5KVdcpJOixkHwdYAFMi4t9FTK3uiFIUA5liu2yYZBH56iQCj+hi5ZK+rs1VSakEox6/zFlZWzHkAmhkIjpE1xlR5bv6qCB1aPDaW1pbdearRMQVYcQAPTqMQYEBmpNMzbT8gFJmGjlIicwToFSXgXL5chVSfpCYattTURQqajVFSnJPsf/sCGgGKm+1WpYJFcaBLi2ZH7xIlmstCj75Koqan8o4tFAIvq4cNHDkyVd1tjOPIpbkKK9ZVwS0dqanorKVMmTdc1W37eiLgK8lKbIuaLnOdku0rbCuVBRqLbaUZduu07ZHVHLQ5KsoUvYBOIBsMh95oG196Ir4dznbZv30GPhcrMJ4zfaBe0Q9bmsKLdqvrm6JJ9tqWtdfyLZcV2vRvsVW60pWii7ARqpmGjrwIbSIyPrQhX5oaXBwUEBvb688PWhhfiHj0OQLGorAgZmZGXlaq3gGBtTb15dxT8tZOTw4xNNQ1oeh0ObmZjMf+votB5CfGB/X3Ny8hmxHUSTLjGeICA2Y1mg05Gkoy/a5rsGhQQ1YHllsgaeSLSw3YYulwaGhbB9tmRgbV5azLuyYmBgXtnmKznz1Rj3rnpjoyA4OCafSRmj4Zcj10b4Jy05NTWfdzZ4eeRnJdRL0wcEB0we0uLiQ9TWbPcYHc7vgm5qcFLYO2o5mo5nlCAw47Wk7iBO2oV6va6hjP3WOm0YKTw8xsr/gW3Dg0UeDwQFk0YdfwIE0v7Agz9lqW4DeluxkcADher0mRgo4UBSF4MM4KsEZ4HUblnuOG0gKDpQ2fNF1pFTJ1awPWaDufN1yySMEOzyjWHddNdPQgbNoOPoBeuTiwqKduCjkCtuCTZVsmWnYDA1g2YGPPLaSFh5RDeuPCOtZULvVzvXBhyy2MmqxARp1znd8A44d2E67wYGIsA8XM3RlkaM+oFZz210neaBlnyBHfeBAGIFGe+mY0KgLW6t2Lgqd9UYjtzNFcn0LlpLxmpjJ8PXC/LyKlFSr1VWv15ToHVNTk/IiL3pJzQ6YmpoSIF/9/QNZMTjQbDbV7x493eFBDrzHPRoDJienPHuUWVd/f7+YZibNy0iEb8D6pqenPCqnhG5olKEbeWyAhwCji4aiGz56JiMLXnRDn/TIAEcWmk3OtmNf3U5Fbm5uTlMeCdDo4dCoc9K2oh85AFlsxaHggDdCWR957GVET7pOOhUzA/Sws7EB6MqiFxx9fX39Qo5RDI0gILe2r+nk0FpeQuAB+jxjYSvplH2GLfAAhTsN+rAZu+CjEyPH7DIw0J/9m+g5UvXUWhcUYC2SIjqUsqJGdPAKlf4NVb7+EzHMGrn0/+tBoAH3mswa0ZHDBkMEuDO5VAIFHqdAg0dPuCIqWn4ydTyh9HEkInNUhP8L31Jda/NWEja7U0qZVeWER6c8wkTn4co5P0oWctO6SYSJ4AA2/DsO3YCf0OOs/VDJJEYBQI+mhzASwOkFVASN3pVpHr30zFmvp5QzmrtyrGlMG/BFhJADurJMa+AAcgB5gDLk0lpyESFo9PKqzjlRF/VCx4b5hfnMA0496KKRrH/QaAu0hkcy6xey4LPeRyx6pMDDlD07O5ftxTHQmCZnZ2czjVkAWsY9E9BOcOzKNPM5ipUd9k9XlnL4GLnMIHPm6+npVdNrM6McWXjxQ49nP+xmNqQd4MDcfGUX8uC0f9Y2YD+ytMmRzHaijzqpD38x20H7vwYYhVJ4AzTrOb1Qr42Dtuj1CMGuYblSG0/Du8ZFxFKlRUqW7RFrG43syiIPDqCzxw1PRbEkF9ENcCGmNOSoCzuQpZE0BJt6bBt1w4PNPXYY0A1wvdHINhBgGj43N5fX317zZWe7w1ayyoFiXUY/tHqtnmk4GVtpJ7rrXsqgwUNwoAGsg9BwNjgw53Vx3sEiD1BGoHKQbAM0dCCHPeAAdUEjBaezgQPsyqGFtOSzruyC6+van9ihsjZhLHM9lWfa9LRF5R2o11Fv36HhHJzc19uXlUKjMuTomVQKDWOhAWwopj1i6g072WsKNGSg9bE2mYbh0zPTecPTZxz9ZbvMa9/C/KKaDj505FhjsKPP6zuBBqdO6oYHo2kP6zxtYb1akvMOGBw+3gyQpXN1adgNLRXJ7e5Tv22Zc2Bm7AtGBtDjUUp98944gqMrIrynmM6QUpFl6XzwAXQkeCu7pkVZn3fEyZ2fcoDZD12swdQHjQBCo53gBBocYOaBVrrB4ABtwf6GbcQ/0BJCGEshwStsYKa5F1jWO7G6d9FtzXs6pBMURaFGsyF4MBRo1Bvmq3mmKkVvxVENBxSgly7JdWjznmbm7aC69TRNQye0tt/7kEE/O3d0sUkjUPVGPTtm3nbkOo1nOduJLfAjK1/z1j3v170iJdvV8Ghd1Bw0y8LTsANwEHzYRweDLl/0fhwPT71RycLX5anV69kOZgdkcH5EeKab07xf99hFQ6d8HttMA0euwufyphUa9WSa+TxZClq7bIt2Y0e3TlL4ujGCLyJyDGxyloNGW/AN/gIHEgwMc4JCvuyu7CBrQbc8Am7lYKIws1SkLBlsAjLx8UdX9nEKOfc98/oJIhqYQd2rrFB4rD+MhYuyLtPCuNF8QwMy4ke5FthS36W5S1N9O1nitR5Tlu4g12kfWSAiclvJy/mcZjkrMpJ1OVvJaonFQspXLnAOnv8gn/nW0mfOfJvdRTw7CjJPLnr88Z9oOQoVS0QoH3TwwswUwosxPYAXbUC+oNEjwAd9CMD0ODE+Ub3E+4W8v79PPm/WzPSMOHnikIGeyevMxMRkpiHLKEYXwKvQ4MBgftkHpwzdhU+bwAFGJ3KMJNYTXk2YdqDxqjPm1x6mXnAAG5ELhYZt57Btoy3QKrnhbPPE5ESul7Kh4WGP8LomODwwuLmZh9GHHMA0iX7q77YT2xm5meY2MihoN3ahFznWe3AAPqbOAR9ywIfsuH1IPeCAB66Qox3IAEzBEz5cIcXWXu81Jtxu/NqVdS/IctAZ6YNue46R+XweroQjM3g6Y3NReu0jQAANZpRGhDJPkQTONJLMDy2lQi1vvKjQvs188gXe8hHm47Qy8yHvSpUs3/LazpEao6AoCkWEoAFWkXVlPk/d0MjjgFQUXq9bmRc5aBGWNR/OhgYvenN9risisj5wdLVpp2kRyLWFHTZARSpU+iACHoCdfUpRtZt2uo6oJbFmUt5yG/FHYZsA+Wq5XREhcAC8bZ3kWfsjpVwH9kEDSo88eCJCNb/jYj840zLyEe66toN8y3WWth85bG65PkC+oKEXnOUt+QuF/LVFvJAPDQ+p0WwI2piP+Myfj82Y/9esWaOx0bG8gaBH0zvgo3cOeyQMDA4IY6Bh2JBp0KGhn43S8MhI1jfu0QKMGB8xH6Nk1LrhHR4Z1rABA0dHR/Nmrt+bMeqkrjVrRrXGdOT6vdGCB9sYOcNDw5js8jW5TQ2vl8jRu7GLhoMPe3Q3m3VBo23DtgFbEB4bHxPr5fDwiIYN056ZxkbHs920idln3PjMzGymIVukIutCH50NGrMLOECdjMhR2z3qdlKGLnhHM200d3j4sGfUPPhnoH9A2DVo3+LvaW/20A3U6jURD2wGBxZ8yjdmfWyuwIFEo2GKiFyJfEErmTOcj3DPcSrP9/QyshHh/lbmXt3FI8xnKM23Ni3nFSSi50ZUefgiYqlOZ8UV5o0yP0WdrgiKIoJik9qqNg4d3CODgohY4kEGmgkd/WV+1bnm6j9r16030iEH7JU3RJRLlVxEiAu7SMOjpSKVVldCUiRqrtqe+SIEH4V0atII0wxIMYIynwsiwk+aRIn1VagiOhmTmBUirB8fGpeLGMlyhllCvrAhwgXOd2nwRJjmmCHqIkHLEBEZkS9GjT2otBatxIEdHIG2NdCYSJGnIKvNgYYmX/A4eQINXhrKqwx8yMBHfQBlyACUtzHUbo3CDjUzOHRnVSTTzAiOXOGpMaJyCjQXKdm21KGxfAx5ZB/69H30mpe8QMsG6pqdeFQvOvw5GluzWmZ7oq0moHfJVuNFSio9JWZa2er4x3XaN3lZs0+SeagbG4BQ2NbCzyqo0OBJRTINWSIoRUTWZ658rEvd2K4wxXrxD7LddmYbXK9cljp1dnmsKLcdHdCAxDAe8pTFsB4fHxevBEwf0ORrzNMpU0nm8yaBDQ/Tx5AXc3j6fS7NJoVNBHzQqJgpBb4ujY0U+IQ3F2wqBq2rwsfFNPbIQw/q7jvv0J2335a/9tCgYQeGDQmbBnipC1lsYdqFjq3gdU/H8NhkT53DGvb0ysEEU+4dt9/q7tLWhuv06oxXb6+PHLOt2lMP633veLNWP/qIv/5M5jqRRRdLBbom3Ha+llEHmzPsnPa79BB2+YACG+DDocgNeYnDqdBYdobtV5Yl+IAh47SbMnRTD7QhLxFtdyB8xqsNNPThU+okRY7zAeTgY88ADzZTH5BlrYsNb+az/XmKxkAgwt3GEuQBZxXh3ube0jbQ5yJiqZfAA5jJd3gkePoxn3ylFOZL4qL3kxJ4ehkyQERkuZtvuE4vOPQZeumRB+kznzpFd91xmwgOjUbOfdm6wp3WFvjGlnBBRLjOdkU3Tp1OHEyp7Vmg8GkTB/HvfusbtE7PrE44emsVRdLywYbefeRWmnrkdp3w3rfrwQfuM71ANMtFhOtLiuSR6/YQtIhQkZK4vIKQZNuTaaGOHQ4SBRGRbbKp1sdTigi1GXmqLnSTww/Q7TkxY4EjQRoRKooiy8oXbTKisG9pJHImm2QLIoSfKzkJnohQYmSx6LNJ4biQVx1wQL7obaUNAwcYKdC6cmwKwOk9pacveKikx1t6Rh9T2KyPAhnJ6OdgAx7keTWrNxr+kjWt4b6adt50RLde8xud/rETdN0/r9H8/GzeKdcbTTUM1NWVbfiwAlvQA1APr2Z//+uf9cuf/0S//NlP9Oc//Fa/+/UvfCI2qbccuql11HTt7WNulbROf0PH8NxedgAAEABJREFUHrCx/vqXP+v0kz+sv/7x96JjLfhgAqdiO7ZSJ9BoNMSrT9P1YgOjjzyAwjmfZ2MHAe/p6fHR7GLeIM56M8aZMXzIAXz1QVeRisyzJGfdnPzBA+Q6TSOd83Hwgj/FohtIRRJy1A0OEPBZ21HzbMamFlqatSCMBLjZ0xSCFW0WWdFIKoUHIFANO5s8QOMxnh1r2z0YGgFu4BAb1/ZIwrhKriEqXfDJDXyNuoPrT4m/+OmPtNWqQR1/xFZ68dM21Oj9N+nb3/ia7vB03fIrALrpDAs+ieLocMGnVHQWeXTdevON+uGV39IPv/dtXfblC/XRDxyv4//rtTr+La/TO9/8Gr3DsFH/jOpFIYX0mR/crj/dvNr5UoM9SdtvMqyr//x7871anzvrk/rhld/Wj7//Xf30B1f6/XI8jzr80XCbqTN3KvtswSdjtBsIjyjaA6SUBI0N1rxP7ObcuZv1hjtXwxu7uRxQ9gX4dW25iMhyDKY55FxHvVHP/mrYl9hAu5FDf5FS1idfPe5Q0PAVgwm/MgCgpaYNJ4PhBAumSqDHosrHZkVKuXL46LkYQKXNZsMHBY3ck1i7c+OsLyIsN5fpEZXhNAo5oN5oZMPJP+y193vfviI7cm6+pS1XDuql+2+km/76c33x85/Vg/fflxtCJ6nXGmpm/dLXL7lYl37pQl1w7ln62Anv00kfeo8u+eIFevCBBxz3MutjGitc/wv2WaW+ZqGfXfOwFv2B/yv/e5ceGZvTymU9eul+G2iL9fuVzPfrX1ylEz/wbn34fe/Uh977Dl10/jn65te+qt/88uduy2xuE+1v2AbeZ6sAzuX6mh4cDberG6DCHarrZJw+707NqMW3lNF2eGlP0wOBQQEtpRA4+pDJgXXHRhb9HGPCx6BDP0GCBxp6e6yLkY4svKm3r1eMDiriPavlEQMOZGF/KEhFkXmgIcjmhnyvPzr0uGHgVJCKQj0+RI8IQQOotNd89PgZf1CYsT5kaQQNn7PxZqcq3fnItK65Y1Q7bDyoo566Kgf5/M+coXvvvcfOndcVl1+qL1/4OX3xC5/N0+pnzjhVv/7Fz3Iwwxq22GobvexVr9Mb3/pOw/HaeLPN1PIMUnpmcbEu/819Iju/WOqn1zyktpeelcuaeuq2KxQRXg5KyYqcFfC1r1yss04/Weed/Ulhx0XnneN2zWZf1BsNLy0zxmdygGkTgONnZ2fc8euZj80rnZMgUA4wmPBDy50NHCDA0Aqf5oHjszlPtzN+953zsgGtkpvOdWI7NPma8bt6lk1FrjPHyHIzhuTypTuWcmtlaOla6P9r1lNmlz3ryg9LLKXdjEQuIhQR6l6PjM7qx397UNfdPaGdNh3W0U9dqev/fJXOt4M/88lTdN45nzJ82iPrXDu1ktpgw431ng+eqOP/+8N689vfrde/5R1603HvMhyvjTbZTM/c+Uka7q/r1/96RO2OffML7VyHfNXrhbZY2a9tN+zXnvvsq3e+7wS9870f0iabbeE6HHDz3H/PPe5Y5+miz5+TN4FfcSeTzbY6rWW+wv9ZyBNHWKq6c7kfEaYhUJEFmrMm53StR0RFjHAKrF0m09bCc9Yk3/r3IkQTUWbkznqt4JWgVqvlz17Q5IteQm+hh0BjmqBX8roETs8EZ+qBDxq9EV1s61mLqKPeaIiTJ3jp4VPuXcgwkpN7nqsSBt7lUXzL/ZNi1O3o9fFVz9pM1/35F7r80i9ryufI0BteGk489QyddNpZeocDcuTRL9VRLzlW+x/4LM8gfe7h0/qfy76iW266QftsvdxrbaGrrn1ELQ/foJKQRqcW9f2rHwLTqmUNbbfRoNasfkxbbrW1Xvbq1+u/P/JxnfzJs3XCyafn167SW2e+aX/r8ksc6M/qxP9+l37wnW96xPQpIiqfeYbKO3fPYsxY+GLKr1W0Ez9Ou3x6eip/jWKEFrWikrMvknXgG2ZQXouQ5ewZGvLQGJng/f6MWXi2hEe++nyi12tg+YCGT+GjjjTntQFBCgkeguCAZfPmgMAxBS94OqUDsIiz5i5YFrmmgwedwEIjRRdAQNCFXqYYaEw9rMng0Be8YZGdTn2lH7+/cbX+zm43krbeYEDP3/NJPqBoSGWpj51+tk4/+3wdfuTReu4RL9BT9trHO9YFF5XZVmc81bb0d59aPfLQfVZbyrHR1FzLmiX7ERbji/rXXePOl6qnpP5mTffccbN4D8emfZ76ND3viKN08HOfr5M+eZbOPO9CYZt8jY6O6nsO7lcuOl+XX/JF0UbagE8iQvVGI9uQafYRDq/X6t5LzOfgEkT8EBEZxz9SCL9ykAEO4FP4SNHFjxDrDe97DBHht4x5cTXqdcvW1fY5OXLY3/BajGwa8EEFQA/jrBcGcABhftiFAHi/z0YZsZNTk3k0cvCAXP7K4rW1SHaU9SWn6AKQhQ+94MCADznodfS2VBR6yt77uHnUlmOoBz1VPza5kJHSRu++5bI8ymSu/7n0S3raAc8UMwAdpX9wMP8IkHrQLV/NZo83TUkv3HuVNlzRq3Bk3Desz4Vtyb4Rl7POJ2dDu20xon22Wa6vf/WL+u2v/leMNkYNjqK+p+y9n77w5ct16qfPtSOt0FIPPviAR/O5eu9xb9TVf/ydGFl0eOzAucxY+A180j6j3fiQMmgEusvT9l4BHmYAZABsgG/GIxy8p6dX4ACy0OSG8XoIrV5v5B878tOfLi3ROwCCsrjYMn8pcEC+Fr3pighRMbS2NyaL/qpSODDdEQi+6C8ckdx76zVxZZr5IiLrwyCmOOjI1ixPr1y+fIVe7ikxLLToTYdv56Tv/eUB/e32UYWSmtb52mdvqt5G0nX/ulYvPuKQvIlp2ba6lxR0RYSYFRhml1x8QQ7SBiv61Nus6Zu/u1fTjOCQi6vgyNddD03rq7+8S9g95PfwER9j3nvPXXrMp1uMBmzFL+hHctvtd9BeHtkXXfIN7bLr7io95Y+ufky//+2vdPKJH8yvV1Yr7EKujm0G9EDDf/iMMnxR2pddHmY9/EFZ3e2t1epZD7QWfPW6KOvqgr9m3Yrwm0FL0CMqX6MXOWh0X2zqAI0HOqgTFDmRfSN7p0ohGLplci8KlziRO6JLqjuqJD9z3gYIJijOI59S4V435FEh7eB18Fk7raBUox7BMw6K2SxSat2hpk5/5Q5qFKFbvba+6pjDc4NdKJkJXW3rLm3kww8/6PV6XAm68WvvmRI75whb4dskcc0vtvXYRDW9h0KH7r5ST99hXX3ylBP1p9//ThEBW2Zn6mw5oOHZiWXh0+depA+ddGq2odVa0GOPPJQPaH5x1Y+zDHaV8Hd0ZNz2MUBgyF52WU4hrAWVD6uSiI4NDnKXpauji5NGVHzkgS629LmQ6WhkZMRzeSOfDY+PjcEnzjvpCZyJjvtTWq8XeGicfUJjahi2HNNF5jNP2xbCwxlrpllXjzce0OCd8Hn0mD+JLVu2LH9gr3mzIVu07kiPGHW5YuMX//wuXXtHZYfcgKG+uj73hh1VOMjXX/cvveHlR4l1DzsYIehjRLQ9rb/ygA20wyaDSpHcu9uI5w7a1W31OYsbI0LhwDVqHgGp1MzkpGeIItvGMoJ+zsCX+ZyXc2KWpKbbw8aOTVibRT7C59lj+sh/H69rr/6LZn1YMe6P9XzKRIZ24zOAZW6ZfVbzCOSsHyAPjZE3bh/if6ZzfIZvx/35llMxYgQf/NhFI/h0yrk3+6Sx0dH8SZf6kO2M4DCfwa2loUbocCR2TChyrvJPdLCIyFRGTpVTVeJeWratSJ0LPtM6WE7oAJBbCy3deP2/9Gp/5bnmzjF99ge3ul4Hw5rQyQgDQ4iRWbrjNBp1nf+mHXwylfTPf/xDrzjmSBUp6df/+zMduNdOesr2m+kK76Cb9ZryCHbdhVtZegRYVM6iLo/KiNDY1LzufHhKcqcI19uwHHVNTU57VnHt5snMlgp3Fif5Dj+T6z3iqBfrrPMu0mabbanC77AcMhz3xlfqL16TGWlhHvjIu3GW6txWgOr8Eye3S9lnJlLcTTopJDlP+0u3R0bCoI5heBtIKUwhp3xFhBJRHhkZ9jTZr9GxUZ/YzOVRO2yafI26R7D+wgfwC/sx9ya+boCTgk+612e+kREVRSF6HMD6RW/iNYteyVeVYX+NYURcc+3VetkLDlVEZW69SArXyWPRi/Fgb8PrbwHFpFDYwTRwcrbUh47Z2kGW7rr5n3re/jvptBOOUzk7Ltbpl/qM+anbrZPlaK4lNTzQ0Gdeu52EEyBSamfd9fCMDz0eUVsh7hftuypvtj7wrrfoTz7LZhM55K9E2D1m/9BO2s3JEr5hRO77tAN1+ZU/0Ste+0ZxnIl6jklvvvE6DfT3aXR0Tf5iNeIZi9Hc46NFfriw4A/0Q54VhodHxIHMqPUzMofsH+iTE5N5NqVO8F4fGOFT+OhIyMkXfh3zLFn3JmtkZJn44jXmuGFfcnm+cRyZbkq+20PIZzqWg7if5MSBIS3tHsoDD0EwlO6VZZfP9Mi0Um331LCT//WPv+v1L3th3kjUGw31+/Oj93gOWk01lwPHPG0jbb5+n9oOhFXo4bF53f3whM688jZ94cd3arP1+vTyAzfSWa/bSWe+egd99CXbigCt9Htt2SoVQa3SyGBdpxy7nTh1Yx2lp9ucfGfd1p86vBBL49BrHpHQI0LhAmYBypxVBBR7yLwEp+mgvf3d79dLXvGaPEWWZnrzq17ic+4/Ogdf9dUrpcrlEZV8Luw8uro7qJPSHkSTqvosAsWJ8lUVmUeCFhFOO6M456XEGgm0PYXVaoUwABxADBoVtzyiFr1TppxR2fIOlp0gaa1WzztlKkcO/sLrCyMZG3h/S0WhWr3u0Z10jdeoY486zMFt+6CgVwc+6yC98JiX5rpX+ZvtJk/qEdc/b1+tsYk5EWyc+w3vhi/59f06+eXb6RTDh/xdd1+/2pSeXuUGDXsXfMCO62q7DQfdaFtj5zMtvuGgzfyeW9jL0rZ+r267k8kXtjmxaJC4vKI06oWKFLrJnzEZPbQppUI1d8TC7Vh0T6zaXVPN7QxLL/qNoWUfvum44/Wsg5/nd/KmFt3JXv+KY8QXrsJ88LDGts23thx0q/C6XycRbwPQkKnbt9T5uJxtsw25TscDAXQVjl3bfmBkw1/Rasp/fEYjWPj5DVDdQQAHZOmBgUEvTy3vSifEexrTCzQ2ZQCbkEHz9PlMu+WgI0eAmboB/moRWsPO4Z3vumuv0euOfZE1y05o6PAXvEinnfU57bzrHlrtYPY1pB19gsW+5eHxOR9ItLLja/Wa3nLo5vrAUdvYHgfPGoifE4X/43ZUzRuQnK2CJRcM+PVK+Qq96/lbyH3BfFU53NRVYRL4Nqv6tdyd5VOnnqQ7br/VbZ/Ko3JgYCCnk9488V4PDiSPStqIP4qipqNe/DJtsOFG7lvW6pvp+t677mciKCIAABAASURBVMj+w4d8pOj3yRMBRI5NGzrQxaCBxvkDy8OA+UjBc4zsa96nu7LyhdyA6Qv+ygZfFaOBvElMBBTn19wr2JHSu8ABy4qGhBsA3qg3cu+ilyDXBXhYTyIiB60rh76IUNPBRS/wofe+06c386KXHXLYETr+/R8xvpjx6+8Z1y/+4fXQIyzs6oN2e1KehtvW0fIrDXrpPIQ3jAAyn7jsSJlPFdFJleFfCaDY3vZd6o83j1VofnYeyAIdlAOPDVb0yoM4t6feqIs2085Fj9SG24P9jKoFn1QhBq1eb4g2Pnm7nXTIYUdqyGu3DXFx6LSPfTj7AR6CgyxtaVhXs17Pti04QCkVnToboi74FlxnvdEQoxIbFlxnV1a+oAGpKDqnaIs5buyqE2eWACc2nJgwCsEBy/pcdyY7v9evR9A42mTU0qvAe3p7fKo0JbbwGActuUOwqYIvFUX+I3F0/eC739Ls7KRHj5Tc09/yzvcanxUnUmFPFCnp3sfmdOsD09rao2iD5X0W85rSduKbRkXAKUWEJINvEuXLUWJYd8pyYlLFEooIr+FTOsDvuiP+AIGIiz3anQtD5zabQCMiB6zXJ0iMHtrDGTyncASGEcuJGkGl3b32BdPrjM+cX/fmt+lVr3+zlyDaUOqf1/5dP/n+d9Xn1ysGBrr4kQJy6KNt6Co81YJDX6rT34bBm/5Midy0Tw27ccLkTPNpFx0Avjl/fZoxD5Bg6AKVAOCRm+hY2GFdGnTgCTgegpjd5LFlftDM08mD/8gf5M/+5Me9m5yQ/abXvfk4Ne24oNCPjTfdXE9/5kG66b4J7yhLb5Y20Cbr9Lhnw2A7SBA0L0kXJQUyrXTO5ZWQbTFa5oKorLM9L/cO+6X7b6gX7rNS+3d22oxUCUFVl2UiLGP+r3/1S5ryMWPWabxisD1r5bu0booZtP81b3iL3vS2d7ozFx6NC/rUKR/Vld/6ny6bbYLTKAmQKba7oxsdQLZsqfzf6oa3C1ZV3eho2+RSiSgDDHFGaeERBz7tXghzr3scPQ0aQM+FRu8CZxoAb/pwu+01GBpGQQPo3Uw13/nG1/MRIDrfevz78isFMj3Wz5oBz7S/tGy74aBevN+G2mrlgGQn+3Yqt0p6vKHO+ZYLfSv8Xy4Fka8AwtRwxqJVoggy/ijhA439t19HL/Q35wN3epIZfHvXHwop8zi4giZ994rL8wEGMxwjq+lzbtrINNn9lm7WPNPxW+lUeMZym5hame1e8orXqpanYIm1lbNu2opviiJ15KYV7mXQ1vY1fiEm+GnG35jRBw+QPNthB/bCAzCqoREjvuRlPgIEYBCKChsIDri5gsbuDBxgGoBGh5jz1NGVqzcaucdAJ8BMJ/AxHV32pQt15x234YcMzz/qJcoOsiMwBp333n2nVt/xNx297wZed/uVR54NoHNasdtBFwbkvANAASDnM6hzhbHI+cydeaSIihYRnXyIafrwPdbT/tuvMC1pbf6OmOmhcz99mrARW2kP7W75raLbRpwNbX5+TuRpN50dX+CzD530iayn7U50z9136SsXnidkQ0mUE7iIEHIEKdN8EtaoNzIt12kcX/d4IMFHPfDJFzjQla155930axu0FFE1OCLMWt0RkQ3yo0tQOGeyn2vdEFxAQDPVeEQoIiTf0Bf8iZEDg9WPPSqZyDdcjGt3PBgRuu2Wm/WFz52tdYebfu/tV74ozx6XIoIYG6zUYUCvqb4rXN1rbRloyJul4ofgUUkC3Sl0fie99apBmc2UTnnOdR+lfvLD7+XNZcnmL4XCoydzUp/ZIiqaE2O+nclVuBynH3bEC9XvXa5cy+TkuP74u1+r7WAbVdbjJzf2kAIRQaKIKgVJa+XJZqBgLYio+LMu55c+FzIdMIUwfbA1H/ArAUyTExN5k9VvfKB/0JuiubyOss2Hh6lgampKLPQEDjqGsF1f8HfeL13wOV3796uzCR/04Twf5TkJQpb6OAm69ZYbNP/YbTp8r1XqmJf5u3nskI3Nzigran5mLzrn74F+ZpnMQ86ErkiEEWiGUCjfmeY8iLhQVi5hRQrB0nJQ8QlTH8sWNuMfRsik2w3e9vvnwEC/gzigRb+bTvo1quEZDZ8NDQ15DZ/WKZ/+rJIV2lTddOMNOvO0k0XwBxz4AfuWpQyf1f06CE4d1Ddu/+NbaNQ54RPDSQP/GM1A/4C7u8QpG1Cv130iOZBnBXiAxJTMK1Jyr2QHyNTCNh46zV70uhoReYoqvMOjMS2/qFNetzHI4QAMhL/mF/rSGbb2ExNjuu3mmzThw/OI0JO339FO6+gqCtEBHn3kYZ192sc02JTWH6otxccqbLw1BTk/LF/rG9LWz3ub4V3WU8pUj+pSPkirUli7YLIsA+DULjmnFiw7HUWuBcidqFMYTnH+Gw7aXCu9k6fs1S8+Qt121mh38BFjMdNK11X4rYCTL9Th/HA5vgCQ22nnXfO+o21mOsCtt9zkWiRkADdAi+4cXbnCfsSG1uJC7gjowdfECL9hEzwogY86IkJFKjI/NvBOncbHx/N5J71k0L2t4a34hL/2QJcveiBKwYFez+2D/shOjxnzmTRy8PT5zJUgcyZKJ4H2tS9frF/5I4AUOuPcC7TNk7fP/zYVepAf8bn1/PysGNEfPeVkNQdXmLXU0uUglAbZWVs8+3Xa5vB3qWedTdW7YqW2Puw9CjsVx1i9FI5aF/CyHDZ3RCcZQytO8f7SBVKYagnJOVmulLFS+YLv9c/eVHtuOaz3v2Azjfgr1l133uZXnl4xQ436Sxija8hnxoM+YmVk0m7aVdimIZ8vz83NZr9CHxgY0rDb+tznv9DmUknor3/6o8449aPiLy/GPQBSUQh9BA89nC9TFzRGL3qYRYYcI74eEXBoGAxt2HWy5qOPzdWQ38GhJ0ZkyXpgzsKV0M6WpxyCZZIyzRmCBi1SUpEKlXZel0bPyjTrKcuqAewGJ9x5+B1zkULLl6+Tj+IK14Ec8qNrVusdb36dmo26NtziyVqxzZ6uCddbh/0dlstYe1H13hE1elkrKagpLNNanM/8ftjsUvnLDIgBOyLCNInDDsoiQhLgGCdJGbccwYZsQM6oBnpr8oSl5YM9qnnX3fZU/ZWLPq9kGXgiQimFeQpJttLthsdkhemuQW37CN5aLSkilIpCtUYz5+fnZjyzjWd98FFnkexX62FEMtIjQoVlIqwfXbYBPKUkKxE81LNEkzHzRYTgyRBhZhlKKVckKSKWAJqLFFaKgHy1HUgnmUZKIwALKUwIN/DC887W1y/5kjHp42d8VjvuspvgQR+6FJGn6InRR7XH7ttrfmpUU4/cIzO5yPZYslvPVs89Tr3LVsrt8zHlgm75wSd04xWnmUPmxTqLyTVbp/IVYDlHpuRBWUgkfir8X75NsE9dbSmZELIu5nQyxik7Yu/1ldymC7wRlPlzkQtye/CFCRFBkaV9o0phmaod8AHrr79Sl37jSlWXg2YdLHeVP+T2tRURSoZQdeEvcpGsy0TwtuXoEPBJIWjol68I8zkFBxLDmOHcP9CX3/eYIhjuAAxMA0wHTKfwctrCFDLkKQGe7vQx6c0Aa8mwp6K6F3t6oWyFbcrnt7w3j46OatSAHvTZDnnjrH1WzWp+4jGN3X2DZAORkZLCeUVYTekAtNWandC/vn6CJh9+UKNTcxqfXnBZVa4nXKbhkEwLdR1hc8SFSiu0bJlJIf9nom/Jj5DrZmlQde237QrVGYVe7Cf9nXh4eCSfzuEH/NP2jIcvANZC6GxaaSO0cU/BbHhYAnt8Ijjg6RPNV/3wSl3w2U97ah7KQUIXvhu2D4f92Q+fQkN22FMzp1TohsZ6jW70gAMNb+yGrZtlE3zMS4mn6HZW3vbwSKlQWKLtYQ44m6cIUtZhptaaHZfseMoJImnhaSQVBWxZ13333iXeeyNC6623vgPcr4jwVOdpr1azb8s8epF9cHxBX//TuB64716l5Np900HNlPU5CgqHYX7yMd38/TN178Pjuu2BSX34inv1oa9dr/vWzIkf6CXrlzktLmQswp3zJTlGJZhHHB03g+mZnGWzlCLC4HyYuXNHCrcLmxf1/e98w1Kl8baKlETbpcgbG/wREUqG0v4k2PitSEnJQPnGG2+qs8+9SBGWgceAH0Lh6b7yDXytxYUsgxz62rYbPnDqjLBNfheXL2gA5QD84EWRlOglbHhYwNk81Tz6Jrx20lMsm79IYOi4Ryh89MzBoQGRB6b9qoAcvQs+fvP861/8r376w+8jrje87V3axrtnXrrhA9BNr4SBH66/6BVv0imn82vFNqQMJU9HmobPjD2i2396gW667QF98Kv/0knfuFlvecd7tXzVVvrgpTfosj+s0b2rZ7WQGxwOgNw/rMG3GIkGq6podiSqww5HN2gpM9phGSdvhjDItFym0DYbDKrlz4Rf/Pw5uXPyRWjAm03ak6wLX9Cmwh2dkTrngwlovNYMeCPW79cocHg42KCDWb0efvABf7G6TZFCA4MDWTd8yPX5SxKzHem4N76zPlga7NRJPeN+HcNMeKDjf2Q5Hcy0oSElNw2eTuNzNj8ichNz/gkPBIC1ifYe7BjpLN4VOCyle56Vk830nDFTROTeTwf565//lEdERChUXVWYpLZ57/vjNzU3/qhO/9aNWvDsUiuS1llnXR35wheJxg9tsL1+cWeP/nDjY3p4dDbrsCpVOyxCVCrCmg15xEo2qZRM8lPVBR85EylwNm/MYDC8+4itHHrzOJ8cUBdXt+3LGaeloZt3Db7NbKlM40G51TOIlq9YYUrolz/7sX743StcowtMsWGymYYKRyc5gDwsADhAHoiwx6z/iTyhxLwNsM6yzWaI1xsNsRbIF7SIUMMjG9qC39X4DEg+y5kOPu9PXbTlgfvv1b/+cY0bJ23rkbvhRhtnXUw78/7MBTSajayP/P3336evfuFMbb/xEG1zjb6z5fmRG5qNdg9PRco8fC057o2v0qkfO0FrVq/WrPXuc/CL9cOr79f9q6fNY8e6sSH/Z9v97NDshMimuRLfZlMur/Iucoabgi4f1FKp0zMWfDL3z2v+plQUWnC9tAH7Gj5CxB/4D38wwpi1mt41w7Ng/zScb9i3fCs++HnPp6JsV3KHQQd8hZewhvnw74IPijLwudB+7sZowfXS8eFBCXIAeuqNhhjJ4HMcnfb29onpFWNYnCkEBxCenp7JI62vv18AgtP+NEU572lM2eBMSVRw/T//If6UU/YLfxWwx15P9ftjnxbsmGk+YVm2t6c3b1JaPkQpUhJ/5fecXdanOvoIorLfDVaSqdJvr3u0MwVriV5Eyvn7771b91z/R3882FB77bqNVmz1FK3z5P207nZP0zrb7qfhjbYVnycdJXWvUFRZdwTCWWHkAIJbpbCFH2UG+RRvXJzO4Vw2nLSJ4HCi1+sNFAGecRvrjUZuIzSWP6bXvv6AzwCPAAAQAElEQVS+7Iv1V67SLrvvKdqIEXQGXk3xI/ne3t4cE2SgId/n6bobI+ptOejEgLqZBeHDJmJCLDJtapo/AJ/18aPXL/cWFNTcM1EMUDm/Y8JocAAlBBUlVEzA+aFZww2KCEQU/o+KMZYgsi7T+9DPcRunXPTCr331ixrxd1m+z6awKOCkNHRvSMC/7p3Us/zl57CnrFStSJLrgo+/1t9t/TkNrrla+++9i1bu/lxtsOcR2mCvF2iVU2Dl7odp5a6HaJ2t9qhmbcvmEJbKF/ql6qnu1SkD9cTspNSG6/SK9vDjeAYC7cEXYVl8wweH5A5LGynnCxD0pn2Df8jz3ZwTJnzjvmW90m0+i7//3nuELvRnPq+3WX9nZoCGTniAlArHbc41K8tB68oy24L3+Pt0mvVmAGECRc8pOgGem0U4sjC7Z4I550q7wsgAyKGs6WklgqZKEU5DSm4sPY06arW6e2+vMBpDz/zESfr+5RfrZU/fyF9z1pHy2HXSuSundhAnh+6+nl6w9yodtc8GevkBG+lYy73iwI31kqdtpOfvub7222vnHNzhjXZQqvfJRnRUhprD62vdHQ7Q+rscpFV7HOaiJC6b6XxkAK8gqqTzJM5AeKP2In/pouPS4UkZtbQ93DtnfXI1a5/RZmi0cc44ASXgtJuRTWeng9c95VI/zeYntjf86x+Vr/3KNZd1zYpOgS5gzr7v+rqKU3KAZ22lY+QRD89SgJvNPHtAy/9Gh7nyWkDaBRwMZNyW0GwaCmSaHzQye5FC4zQcgB7yf5ar+DtPd9lr//5XnfrRD6j3gZ/rNc/cRPtss8yS/3Zn9jDRGRLnNlrRVN3voozeZ+60rp6zy3o6eNf1tfc2y9W7bFUerYPrb2HOzm1Ruf4Ols2s+TRsne0PMG+1/nXLYYWhSslZKsuGgqyBzA4bD5Ozr6SI8Aawre5Fm5EMRZdkvq5GSBUdn8LLQCIAsI+NjfqtZNxM8MQT5CKgWbN9h5yZcnmlOWuD9ERwoe9MS3y1YN6mV/BVaMFTNTgABzSM6fcXD2hzHvHQyA+Y1pVjOpqZmdZjjz0ibNph59202RZb5XdffqFP4E858YP6xIkf0uaL12rfJ6/QrpsTXI8mBKjMVtGcZZtb9hmv1abPeL02O/BVDuBKL58p65UZInggIPX5hGvDfY7WwHqbm5AMnRsemEEDxciEGGErttxLG+59lJTLXSYulz8BN82kCDvcdPs3O9ZURUTWw7qHL3A8vmCdbHkTyvrH6IPGq8+M9x7T01N+DRoUNMo22WxLHfmil6p7MTrRVavV1N/Xn/nwKa9L1IP/ezwyp/wlaWpyKi8V0ELhr1VTGbKs1+pZj/apzDeppT8+I4gEt7s7YwqhcmgRIXCg5Y0Rawh5DC2KmjdQC/lPOG+6/jpdcflldoREgLfadjsVqdBqB/2Uj/y3Voz/UUc+eU67bjpkuoMRUgSPJD40rNztYG15yFs91T5Pwxvv4M3RdhraaEdtvP/LtIXpWxz8Nm158Js1sMG22uLZr9eWh75Vmx5wrPrX3Vi5UvnK+pxyO3aeWcm53De4IxW1upZt+ZS8ThOczBA8zaCo/gs5tYwkzrJlPGNmiQhFpLxbxRfoyP7wtIv/2EXTkaDhdHzIlA1erzdUeBkcGBpS/iNz5mhJbU/NC96IRkSempFDhr0Ky1zdgV+i+RCEAQOu0JL/U1Hkt5OWOxlyyKdpjzp6CCOTUYkQPQmQL2gtB5UeAR/TCj2VPC/t9BZ4oPOSfd89d3u0yQckAxoaHNZnPn2aXvuyo7TRwj+1x+aD2mpVvyI8tbkhspPcwzSy8fba4jlv8q53f/V7JDb6R0TA7EtbEOodWaW+J22aR+nA+ltpk32P0ZCDzKjt8QiOThRzUglZzpko5fY7z7PMduVdlqnJQV7uIG+499EuT67PSb47MlZWZtwP563KGevxzXp4x+235j0Fu+SIyN/D8RmBZXfLiMQ/fDMGB/AhPHQAZk5mP6vLdddsDzwEBZkpj3jeNhjxPV5j2TmzzuP7/v7+PDMSAxslcOygsyFLLPo9u8KbFvx+tuD3qtxL3AMxEEa+JyJMr6OHLjrIC56+i5TyaCZPI0hr7l31RsNuU75aHiUydt45Z+iSL12g2267TV/44Q16+xf+ruMu/Kf+6/PXqIxC9b4BbfvCE7TRU1+s+tA6SvVe5csOs7hyMEI+AXZWSSX/2ev1vmHJuFEB9r+yiMtcoPADEAWAcZmhLRgoIS1V1BpavtVeS2tyLjFfFgFBrgtr4VOTE/rz739tP9Q82uqiiJMtfIH/Go26+2c7z2plPpipiRHIhwV42LQWHm0lh0DWX9qusD8aHt3wZ/87JviV92tS5Fo+SavX6zm4odCCY2dxQWvY/8we8KWiqGjm9UmWG+tGUWir4K8gqqR6msdBK4GKkJ/hSshEeJ1yWdsG0xGOeekrteiGXXjeOd7pzSgiNDGzmH/YvnpyXmsML//U73X8xf9UvadPRbO3G8scsM7DqiNDsnyXlrNQyWSQ4Crz0znfbdtSiosnQF7mcGGOnqzOeSeRCtUavc5xh3mUwT5fsolqwNEUEZq3Y1c/+pj54A/JOfki58R35Y9UpDyN4zcTRfBk28iTki079qQ8ibgGKyldR9nR2ZXNMqaTmkW5mEzp7mGQr6zfafeGnJaNLNPIyEhe1PlYTE8cNs5Zpr2gMX/9qdXqggYf08KoacNDw6YNeyoe1Oia0fyLQYyhznqjpuTMotcC2RJnxRVRNZyKCcLCoqmm+SmziSsismPJpzKcuAH2buS8lsrQEVHq8cv5Dh5hOaNZp7PwREacY3lwAooN4Xz/eptqZIvd7HPXZTl0myx4Sj8ymBG1yDR7mtp088017vN5fNH2+jmybER8YZv36VHeaFru8q9erOcd+FQ9/6D9ddfdd1pfiBFZpKQJzwIsfa7UnMo/sxn3N4B6vaFhr8/8KSzfCdhhM9Xjf6bwNavXaHRsPHcc4iEbNTY2lmPQbDQFjWUAu0ZH1yhprYsAIQApIpw4IHauM/kORZWSGJINrQjuCvZKskyjXtOUd3nOutP0i5TYmN2spSCQD4UGhwZUXcbMRP12sVwkrnYnYOTLTt4aQEWkcfaSeZY3Uf/nVUlkvS50TTbWGd+Jimxgo3+F+lZspKxCcDKZW85l2GSSnHUsTPM96L3Fbns+1XhbCt/2AzvnO70uf+hdb9Uz995F++66jb568Re8PjY0PTmqw565r56+x3baf7dtvSd5oR555BERhPA+RFZeesYD5Au/lv7KlOn2qytyc0ujVCYFBpV64uUiJR5ShDmszxklelHLx140JHm6iggx8qDLV1HUrL/M23LoESH4KGdDwG6uKAoBKMSuK77xde8KSx151EsU/LdkDJgwT/VGXed/7tNSJGWKA8grwaOe+nCxiZbkWUEl6WcYdyRIUuZwY0yq7qWKRFHwyLzO5SJrzqlrtOOqTmOC63Yj4ZZ4WgYj8UmEKS7vdibwer3wx451FLa95v0Hv0z59Gkn64iDD9D1/7pWm22+qTbffBOd8emP6fwLP6uPnfx+cVmVfds2zz909CEH6jOfPMXVuH7f4U5S85qJHazBLc8K+BT9qSgEztpdcx5eWRkxQC98QOmgQosIoQtaYqpg98vUy7Tc8GI9OTEpaAjzGYoOAD7pdyt2fgPeoTF9jPsTFnLwsJNj+unp7VPNPQkZ/qpw1aqVGhj0SLWTqlCUigjtusvOWrneCs34rPvmm2+lKl37jxv045/8Iuerh1vhTMiSDoi94TtkNKd0JvtYDpegdR7qXg6nKrpzFgMJCNkWWazk4TQkFIGiOaN+yEWm5eA6HxGKCDu7LWj9Pntes/pRfe6s0/Wrn/9YO+64vU444T369hVf1beu+IqesttOOuuMz+qz535Re+y2s3bbfSftuNN2WrXBKtdSKjmokaSwv9j54lf+N3oT9j8x6PXueWBgUEzN0Hif5lMkUziBJybyhf8BNlh86s1y/qxIPBOM9UYjj0BGJD2AHR87M8sKIXoMOLyUEzzyjUZdpMjBt9nmW+jg5x4mu0HXXP1XrzNTevYhB+vZzzowryuK0D5776EDnv5UXXzRZ6w+eZoa0/e/f5U7blv77bunXnLMkd59to272G4IJw6Pwv+t8ZpSMrpCorfOTY45Y4al29HwbbEOxYzOldCcRkdW1iXbEmHvKlzfjBamrcvsvpUvZAzuWuaIDNAJLFjdS9EjjzysL19wvv72p9/prW95vS666Bw9bb+9zVYawpB0zlmn6LKvnq8vXvxZXXThObrgC2frfe99u3bZZUf19DSEreyuF71D5s2lsE11j+Sa9S96ZuVYE58TE0YkfobG7AKfK8kxYtRHRN49ww/OfiAN9A94neh3ZT1eOydF8Po9QhmRCLNgoxgc4H2Zd60uDz2PkU3vetJ6K7XrHntis/5+9Z+00047a/XqCT3zGfvr2GNfpEHrPfnkD+tzn/2kHdYWm6RVK9fTq155jP7y12upLn8xms8f7jNqXZEza0ZX65LL/kfX33SbSu/WS2/g1jxwh8tz8eOPit087hZLkZUgMyWXmUYA8G2VTj96l8buutY8cAHKV4TzBuykojsemjSP8mAYXbNGF3/+XP3+Nz/XG9/8Gh1+2EFqOihZsPuwLDWEg2ZrTA31NBs6YP+n6sSPvFdHvfBwbb/9dkrm+8e1V+uWm28Uge0f6M8xwadT3siR4u9mT6+IB/4miMTDSsX6D52Aw8fZxNTUpNgL0YVl/eKBMYDWumKtPNnKQeQeB+SBx8tKMf3QMfbZ7+m6+fZ7dcTzD9PWW2+p737vZ16HFrJwKcaHxEv8nfc8lGlNO6DXu1T0ZYID8tOf/kLnf+HL+uKXLtdDDz1gqfAUySgvM8vjD6wFlHnQUWEEE5pTCIxkcxA0qK2ZqfyDAlel6oKpyvGs6KW+9pt7jUYWu8e74q95l7zLzjvosOcepIgnyphx6a780im3yQR7s0030bvffZze+c43a4cdnqyf/ej7+spF54t/u3pJkIz1wt/JqqMFNOfBrTLblIl+WEQQIkKJaPNHUwt+se5pNnPvhAYg3OzpERspcIA1uscBoFeBz1uu2exRw1t0goriXKG9QnrQoYfp7nsf0kUXX6oNVq2rz5//eZ33uYvUjqayFX5uuNFGeuGRz3OutNGGsoUatTySf/DDn+gTp5+jydkFj/QXa39PgThs4lGcTdOxEigt373BnTfJZnSrMUHejUquRJlotvnJ1Zq4/xYp6OsWyDWrc5VmNVMYTLn1wRk/S/GvxH/7f76uTR2kZ3h2ktqm//+8K1WdWkrt4XU5T+umX/Wj7+mWm2702UH1CbfpeGSwb5d87Xgwa+LrGZ85l64WHGATBl+j3hCnX8QuB5hpl7kdIqMOJmiWFUFfO8D1Rl09nirm5+ezIQS4x5ViCI5f/koqjwAAEABJREFU9NQZERYNPfLwQ1qzZrUOO+KF2mr73XX/g6vVdtAuuOhSfezjn9ZnzrlAcwsttcvCPppXq0x2VaHf/P7POvUTZ+vU087SD370Mz3/+QfrHW97vY57y2tVK5LW3H+nxh95wHX49nTt+dgZbpprqKqHUAE4uY5dZDMYnxt7WKOengfW31JDGz45k3nQdawpB6IkY16m0nDIV69+TFd+63IHeEM965kHmD0M/+edqci6KCyXlZFal7C7Q993370c6F3Emnu9Pxs+9tij4ji04b1RnzdaTafgOUb2Nf5O3qARJ6twjHock54sD1+90VCv+YD8B+DsulDGjphK2LVBw7ZpfwkpUso7OegEftrn15SDUxlTbLeynXfbQ885pBqNP//JD3TLjddr96fspcOOfJFe8so36aRPnKFIhbbcYhNdcuk39N8f+Jg+8MGT9N8fOln//f6T9L73f1RnnPk5rfEL/Y6eul557Iv1+te8XOssH5EFtfqeWzTx6H24yXi+Ow+tdWG50bBbDcpTslQFymW+Xar5sUf12M1/8rn21lq1+yHq56OFNRNcyisoxRocRujA3bJNNtlYL3vpi6yT0xoX/oe7hIZgJ42okDl3qrt/e5nr/oPg2WGH7fTMZ+6v5W7jj678ltY8+qh6/TaCT6empjTrL3icNecYGSdOrMH4H9XEA1qtXhd8XTnisvSbLBZoRiOjFUUAwvM+f05F4Sm4YWiq1dntNawMGXbRTO8LPr6Tr80331I7+lOhs7rnrjs1unq1arW6R25L++5/gJ7xnEP1HE/bV//lL/rUJz+qww99hg456EAd8pwDdajfIw95ztN13Fs9Wj1in3/4Idprz93cuXodnbZW33eLJtc8pOA/61y+anN1Ykd1/wZR4SSBG0G7qdWpVOEj0nW22Tv/CID8zJr7HTDz+EbMLAgZMqYj9nyS5CBFCi1bvkzbbPtkffObV+od73i/jnv7+/V2p8A//n61ynbLrJWcfJXuXVXnKE2XFuem9OC1P3WQ/0ipDjxw/7zhuufuuzQ3P5vPCRbte0Yt0PU18Vjwsoi+pRgZh8aohsYg5ZebyCVrr24bIKDCHn+ahrKKUOak7RdqMhGdBnR5jEckFWkttV0WC9DrMOSd7/mAfvOb3+vy//munn7A0w37uYH76sADnqZnHLifnvH0fbXRhitFNfc8+Kjuu/0GPXjrPzW1+hHh9LYfEaGe/hGF/3P11h6mOsl35GdmrkzOWRjC/NUdDnCfBlZurcbAOpp+6C5NPOD38VDncsZ1ZMQ6fOsZO60nx9bioTtvv0Nvf9u7dN75X9Ivfvk7/fJXv9Ovf/X7nH74pDP0q8s+rbmJR7N4hHXlnB82ttG/XCOb7qaFqTV68JofafWtf9F6T3qSRkaGJPOyjGGrfPFa5uTx2/L/B+3x0pyjtgj7w7yd30WPa9pT8cDQUH6PmvDWHIB7yC/M9Ihxn5N2X6KhTfjQAx6mBl6y2bKzyHNwMu9D5uRpmB77mU+dqt/86hd5jRgcHPD59YhhmS6+7Nt65RveoaNf9EodfdQr9IKjXq0jXnCsDj/iFT4Be6UOPfzlevN/HafbrvmDFu2IWb+ntj0qSskdqNB6m+8ghXyVTnLGKWiVdy4HtcRTpTGTI0Jtr32gkAOJkOYnH9H4AzerNccmSjKbH9ylwv/JhJDU11PzMxDVuA8jmn2D+twXv67Lr/ypLrviB/r4p87WdtvvqDvuvE8nX3iVfv/1M3XL985QyffbxXnd8dNzPYZaUqq5cw06L79/j+uBq7+v0Tv+atzWOiirvW/Bt33+LMhhBVMxBx1M1YP+BgCtKArbMGF7JPBBx44RjxzL56DjBqRFfwZs+0iIUVqzUEopT6eMNqRTUZCo7eHUduURocwDjqwhFYWKWpENRO7wFxytl7ziNXZw6FFvtObceZDhT1tqPtpr+QV+o002Fb+4PP/L39RZn7/EwX67Hn50taa8W15sJ915513acctV2mg992rXK1+4G2f3LVtXjWafKWHw7SnYrnHGt/Ou2HcpdYqrrTOk0qTIILfDFHFNeUc+dtc/yCr8LA1EMQJMplXaI0It+8oN1fY77qxPepO4zZO312ZbbKmNNtlMe+93gD7j17l99ttfj4zP6oMX/U4PPXCvD1KmFR76Q1vspjt+doFkjSoXeIp6FmcntDg7lZeiRr2hH333CvHBIhWF8Fcq8G3by+OiiiJlWkQ4Tu0snxwzgBji/0iFwAvL5X/KcHh42Mr7xFcJNlF8FYEmX9BqXu+Gh0dyT2HEjnk002vgo+fAwwhnnRgZMZ/1sdjbBuzX5z97Zv5XZpCDb3BwSOgnX2/0aMhftA474ij95Fd/1uXf/pGeddChbnyo17t1Ol3pURdQrLDmV4YVG2wh1t6wfTK9VOknuYpCLhPUvSq6xRVBvnRBJTV+zw26+zeX2Vl2OEUuqRKXm61053JiqlRL0sv236DK1+sqag0f5KxxvEsNjwx7XV6uvv4BtVqWdUeYnGlpYb6l6y4/MQdizW3XauL+m3XbT86xHaUIhDNy83TfX67UXluv0BZbbuoDikkxajkOHh0d1YS/Hg3bp8yS+HqND1kWvOcZHnbnt7HQ4Ks3Gtmv096IjfsL05hl3a/kOkJcNIY0IpQMonEGrEspKr7SmGnGci9ZkpEv0/1Ua7Gl57/gRTrouYfDrFtuul7z3gk6Du7NC2YpFTxpWSn3yiLrajh49UYjjxKqL1wnKiOSlJLW2+zJ2mCbPRQybjnlqzQenVyZ0yc+XEZvMJf7u014nGfqwVt11/9eZBspMR+CuZg80BZ2MCmEwiYk7bn18pxe643UB/3lqOaZywrEhS/gP/v8i7Trbk+x+0q958vXaGGx7XX2D5q670bPhKUmH7xdd/7yEouV3cmFFqnho8uUajrm5a/S8nXWyeXoTPZDRLiK0vItp1IqkiKlnGd2zRk/IkI2VaVn2NKtTUy7DOtK0eMCLTPIzMngmgQPiiKFUngad3CgIQdLuDJ0wSPXsXyddTWybIXglflvuuF6b/dn3Os95Uc4iG3VPF1jqHxlOad0BIAPF4VnjpQK8aP1VVvvpp6B5eao7hyzsspHRqp89ewUZKSUq1O4seFnh6SpR+/WPb+7TIimWlM1pvzSpSHhGJ7q8MOTae5tKSX1ey1mI7SwMOuPJVN2puyftrgiklpegrL/TPAK5mfont9fodJlESF8Vvq8oLQPOT6V62z7BODqv/xNDz74oIaGR1TkdhdOQxHhGaYlsysVhcIxkG3p+qwoUuYpO7SIUMK3qVBiUWaqnPE6ybTb9AhiMwVNvpiGFz0iGfLQ8gI+NCh4mBqYDoZtEL8xokL42GwxxazacENPvyP2ValPnXKibr/5Jg0MDAgepp+hzoaBOsfHx0SH+ckPviv+xfbXvfR5eub+T1H/yLpaufUufm3otYPkhsiucCpfQURkeqlY6z+VLlvrJjily0kpm3rYI+hnF2jebW4Orad1t9tf6+98kGTH2EdW6LubCZMV+T9yI301ve/ILWVW/eF3v9W5Z56uZAdPTIx7iRt3QAoNecPD0pIciIhwLDzqfIhDALKgJAZDzpdGfIeSbrzxFq1+bHU+sJjwRhcfDtlH/fjMOL+pHjYOMDjwo3zBM+wpnNci5IgROHwpIpRScl0Ykl2Q8y4QF0ZFhFJRCD756tIK06SOXHaIMeuS+eE59tVv0IHPPtgj1b3OtLNO/7j49UekUCoK0SHgQ5SRvsYnRPffd49WrVpfKzfYUCs23lbrbLx1Di465av0cLIq5+RYhR8G2QZjWA8YzeVLD8uYUfxCpGwv6qFrf6bGwLpavtWe2ubw47Xezs+yLdXSsSRLJZEsZt10JMAKiUeznrThCne4stSjjz6se/3uim+Kwvzma3v2C7fR7Plm5KEXS63QAW+DklWVcdZMdS/y6F/0sE9FodLrOL9vY8DIFzrRnX1mPOU6Stvu8U+dpmE25fC1fOSbOInq7enJr0f8M31MLz0+HgMwCFpKKb/mwMthCCcllPc0m2r2NEXPmpufU8Bn2YjQ7Nys2LDtsPOuepK/MtlNuunG6/TLn/9UrLXIMmvwerbo6Qp9/ML/si9frCN9Lv2CY45Ro29wrbCVXq9skW+3wzcaSUo/ACf/dtv/ljfRTvdT3elwM35y+7y3a8O9jpBSLf/x+fQjd9nLcIVk++ULR0EMOghAkUL87wXeeNCm2shB/v2vf6Vvfv2rwjec0ePY++69R/jNKjTkEU9gZLmOWsl57gyY3oHFVls777Kr7rj1Js37nHnBr1fo4dCCv6KoeWM3Z7/i75Y7QY83oeia9f4GKGo129Hrjd2CiNHs7JxSo94Q6x1DHkWsHY2GaQbqJaARoUyrN/L0Aa1er2tJzormvatL5mO6jQjNz83nALM7ftkrX6vlK9YRDjvpg+/WgsuQn++cwGAseERoo4038EeJ9XT11dfovns5b7ZX7QmejrBz6lyl82WVx/nOhSlOHr9DS5QcJPmKmlyNcvfI4qWm82vSvyQXWEQE1Q+Rh6WUn2HoEl2wcnmvDt59PVNKB+QW3X7rzWrUm26j9H2/5tx/370ukw7adT1P2xawjqzHVFfjZ+emyHD7w9N6dHxeO+2yh77zja95qn5U+Afg/bbhePCaOWffzTmgdCRoaJk3DhQe9dAYMPBAS4w8kEVvDJoekTCBU+h6cxBRBg1eOgJ8VAxtwcdp4CgmgNBIoQEYcMyxrxbviR0X6bKvXJT/5JNygDrvvP02/eG3v9S666zQvfc9oJ//72+8Vo9avCNF4kCWdpSJvrEOIEshYalSU3wH/QFiBuQiU/3ospkwN/GYX11uMvHx22QjuQs4VRVo113llK9aEdrsSX3aYeMh/ekPv9HPf/ojHzHO5bLr/nGNxkbX5Pze27DrrjSWWUc2J3cEmhJoD+n3Nz6mm++b1CVfukB333l73o/Q6fFPvdHIuhc9opvNhprEKaU8gKgEHCCG+J8fBzQzX0MpT5PT07m39Hp6xdnQAISZvgkwnxShNRp1wTfrKQQchUyvTVfKSIRGgOEBkIXnsCOP1rJl1S74vM+coYvPP0e9nmIAGnLjDdfpB1d+R3/727W6wIcFG3gd3m77bW1CGDp3dxRllCgBGfkPj6qsxIudUuzCn8pDKHxUOKaHrvmJ1tx2dcVFVRkis/iZJUtFTnNUyirLcwNP0U/ddrllI/8/Gv721z/pV16C7r7zjsy6fKAm9wNYM2QtyBty3g/su/HeSd3x4JQwKyL0nOcdkT8asIzhQ3zL+cO8Z8lef4QAunFCMTxA1//1RkPw4NsEQ4RrcoZnF6raIEJRRuUrFH76Lm2lE/pjRCgiMtZ9dDGcSsX8w9/Hv+8E9Q8MmrfUFx3gc8/+lPMh1qj11l+plx77Wj3j2Yf4EH8rbbb5xlZNHV1Ac/AwrE0zuikgEngAABAASURBVPa9dpHZI0J57V2bx/nSm5rZsfs1evvfjElm1X+6wiUsPZELrbzKZIzHpuv3a7cthnXt3/6if137d/38Jz/SnR6BlB2y+/rqrRc52G6MrCrD2irI33jPeB69bW+q8MXznn+Uhn34I9tOuf7DZUsq6lKmQrvPLGf5xFY8f3P0COTz0qIX796+PvcAdokSPYfeQg+Bl3V6mj+rMA94jzdo8DCik6cNaBGR5aBDQ5bp5ZkHPze/wNM3+F3RVy7+vM765CladM/cepsn6zVveot22nV37bb7Ltppxx1UqrC9NjU3gof7uxPkS5nu0v+vO8wHZD7blVNPlYs+2374n7+w88tMqh7hpAPmsagi3EFsiWv202VUbi4jOWYrR5raZtWA9Ug/+/EPxP+LwlzabuNB7b7FMtW9MwYHECW1SjQYQv+6e8J1SMcesKE2WbdP63lDOjIykk+y2GDhQ2ZATrGaHpkznm2hMWj6HAMFMZqyv6fE8glt3hteYsn/nCPVPeU2HFyCOO9NT8s7WtZTwBZ4RzaviBA4wIK/4IAwrYLXfBgx73V4YWFBBLNRr2d+OsKC9dH7G/WG15S2oaX3f/hkUR+65/xd+Rtf+4q+dOF54sjzvnvvFu/BvFM3ewd06WVX6PrrblBeTG2DfJFkWDsupj/hdqPLHAFiYEaCBYNTF/krz0O6y8eTUw/cJkFQ9yqF7i5GWjoqABGsWP00jTIAftoYEbrZhzn8ExZUfcAO63gHXYdFQsQPs6AmA3n5Wm9ZU3ttNZI3YuOzi/kUa1N/ciWY/Cv6bKrwOf4uat7x26fzDiA2NRxwq/DyupAB/yPHWrywMOfYzSlNTU6JQ4dZ74Q5hEDRlL8U8cMuhPsHBnJgwIEer9PQ+BANzppLQBj1LY9+fpBH5eiCj1355NSkg9rIPyTjfw137kWX5nc3/ERdV3z9El10/mfyvzZz843X57JLL71cF174JT3yyGOYsQTIZMROy2l+gBhKI05kZyYlyam4oGUodduPP6e7fvkVTT3o4LosHPTMRrnxJf1ECTA90GumbqdRNzrmlxjhss2UlooIvehpG2qnTYZVK6SsvlTn6mTMU9VTap3Bhm5+YFpX/uUhHXb0q/TsQw4TXPiW0TgwOKAej1TwWe97+h2PAS9zNe+YoaF4INMGxIYXWo/3Nv39g+ofHFRa9CnVokdt25/iau4hKRU+O13Mr0NuWx72BIzgAcnTcL1ey0Ff9M677Rds5GqFHWqrocGfadZHftGBT5aDVtiwbbbdTl/5xvdyrw03h3+QlJ+fXnDOmXZUWzfffIu/F/9OHKoLI2gxLXFq35BbC8xgul0prVWIuzONMttVOuC3fP8sTTiwM2secK3KV+aDJ2M8TMn8JhKdtmmuIv+qw6SsU6HHq4pM8jMz8ur0tO1WqLdRKPxfMuQ75MQP+bJ+I85It9w3od9c96hWT85rSy9TvE62HI8FxyUVSfV63X5KOR5LvrZfw/7E1/KFXwF8veCYFKnIctAS1lGf+fINU874kdvjlBs6UOXzUzSy9GYlY2b2TfZx6BJyBZXjKIS82RZb6dJv/TA7mlHOUeVDDz3o6avUH/7wF117zT+tP2CXM5lPS1eI/0rrpYMskY3nfDcFCemOq87XDd84Mb/vWpAmdxNzYE2ZV4GqEudNZdSinw1aaby0BPF2lpwTK/b951se03f+dL9M9F1qw2U9GuxxcF2GDDrdcuVKjeCzqjJpem5R/7xrXHc+Mqvj3vVef5w5zDq6rPQsS63dFhd1b2zr5km7OCn1kULPnwv510uZDsZHR/MwH/a5Jgs9DJw30xPgGRkeEVMzNM4/gQFPF6Njo2KqrRc1jQwPeS0Ov8OOiT9mQxZ9c14CxkbH/H446vV2UNA22HhTXXTpFWINc1NycEt7kakGSCkUBrnZKZw3lKV85YciCG9IvuUrwhmKSI1boW7/6fketbf6w/qYKRQazCZ4SOWH867W5b7JmIUkF5kUzlRgJN/hZ6l/3DmmL/z4TgeqlTmO8dS8j1+bXOhQSh49fpSKCJO6IIX/u+neCX340hv0g6sf0rGv+y+9+NjXaH5hQTWP2GFvsoaXLRPTLb4mJR7ECBxoeYTjQyoaddw4l+Z1amTZiDdc04IHyDYoGyCRlu22Qr7syZw6y136Qc/A6c4Sj5zwCEuU1lEGZD/AKXCaEz+qw3VnzJfC1Vp/y1M309IXvvI/6m4YXIwSGD1du8Zsj1PzmyjKQ+EPDrbIN0EMWul87rVhcS839/3hm/rnJe/T+H035eWEskhhSdeNIsuAVfoywRQrIevhG06BDsWY9eZn9bju7nGd8Z1btOhXm2QlL9hnpQ7e9UlKCFUsos2YHa6VW34s+lvxDQ7uqVfcrDXTLb34la/TW97xHtVr9e7AdpNcK4J6/Mr2u56KYn/YA1YnICKc2gu2JRwEeAEsTkQZYOvNlyN2uIy8MX9kdjV5pDHXw1N9TeoTI3fcX0/GzcPIpSex0erysVZAG/Zo7tJ4VeLrxrBnB3SN+oP08uXLrWtIu++5t04/50INu/flDlTZK65xr03zC63s/MpozC7drhDt6jxglUJqe4d57x++oUdv+oPaDrTMFBF2PA5Q5wrxX/aoywS4JNNck7N+BonBcsZkNPxo2YnX3TOmT37nVh9NFhr2WfPhe66nw/ZaKVlPREgyECDAsgR6bGpR9zwyqZO+dr1O+9Ytfg3q15Evepne+NbjvcmdVPK6iV8X/IaCn/HtgDdP+IwUn035Q/6Qv1QND4+oXm9ozDOifA3bp9DnFubzrMkrFSMevoTTKpDNsmGSe5DBhjlLJicRYXqZ8zkILi+9/lYUKSIymEn/tyvW7t5ufGmIqPTutsee+sQZn80/seXflu6WfeTDJ+lHP/qZbr/tTm/+2lYdGejDkvPWkW1wtjU3owf+9gPxU1jKXaTuBU5ASc2ayaV7O/ZSVyas9bBVQn3eXNlG+bpv9awPJMb1iStuUc1t2dfT8Wmv2lFH7r3Bkp8EbwfWTC/ogdVzQu7tF/xDJ1x2ox6YaGv7nXbR29/zfr33Qx91J2zjSWsvFUwuGFeizg9T3TN52swKjzADWSCXVI8I053997akundkNe/niyLswAWV7qGsm9DNr0Xv6CJCRVEIettfPHgvA887PNMZpawJEaGa1xD5qmiLub1ZzlMt6yr0wvXVGw2Rh9byVG1R7bL7njr34sv05ne8W+s+aT23shQj5iMnnqpjjnmtfvGbv+rv1/xDBAZfmEEK+aK14SPHv+rRG39nvLrDrksoBggmZFhNrwLtZ2lCF0xXVmilyDhP0Z0PTevm+yf0ga/+S6d9+7b8/0Hcd9tleuWBG6qnFmKEyteYRylHjrea9ybvji++6i596JLrdMKl12uzLbfSrk/ZU8886FCxJL3wmGPdjlL4BkAH770RocL+qdmv+AVfMyPi65RS9hl0AomcfOFHgLYiBz84kAb8rjQ4OJQ/M01OTuQgMyXwvmXZvHkqXBk0YNafqyY9VfT3D+SP90y9U8anfWhR8fW700WWY3NQpCLzcYgy5fdreAcsyzRCOTTKBrxZK9zZOKnh33F83Vveoacd+GytWLEuZmjBneA973qPXvOa4/S/v/qj/vDHvzocYSdRHN5EjWpm9AHHvJR9JIeIAvNI4Frrwjmg3ZR8Bhg7gpTdcv+Urr1jTGddeatOvvxmUbTLpgN6xo7LdfR+G3oHPKFr7hjNPNfcPpp305/67i36uNdX1tjmyu21n9uw3/4H6qOf+LQuvOQKnfLpc/N+Y8pnA3znHfA0DLQ9sCZ9JkHQwAccF3wxhW99egWtx6eG4JOWZeBBw+5J+xWgEyDH+zL/jgi0hHOBlt+fGo2m6CWMKoD2NpoNO7HUvNcGoObNAIoon/Ouj14CXnNwGP0L84vZqfVGwx/qLWsL5n36gt6GaQ2PcHaL8/7Exa6v3mjk2QEenFpvNFSr1cVvuk7/zPl61evfpOXLVzC75o5jY/Su49+r977vRH3v+z/19H2V+BH96B1/1+qb/6gcBfnCeEOUyrKZznC0dZER9wWtdZkXbIYfyfls+Hf+unPhVXfqrO/dplFPtfVaUrNeaLfNh7RqeZ9+du2j+uwP79TZP7hD5111r666a1DNjffV/s8+XIcdcZQOfd4R+sgpZ+j0sz+vTxi28jsuPluwL9qezRr2tVwn7Z63b1MKB74uyjKffVtv1L3WVjBvOUZuw/4D4IeGzQ37DOjK1mq17PuG5RMnUfzshvNOtuEUTvusedq9RgqfSfflXeiMRyjQbDa8QejTzOyMZsxDb+nv7zNfT+ZDjkChC8AoaBjAaRcAjhzlAB0EGrzgAMbCc/RLXqlXv/Gteqm/Kff29Tu+jpjv8fEJnXDCx3XCh0/V6aefpW9e+TNddc0jeTRN+f1SXObzbRkH08H1hAzVIYYq2b8uK3X/6hld9feH9dO/P6Qf/vVBXfKLu3XBT+7Ug2tmc7kFVC+SFjzK+Lep16yzv4rNnqmjX/5qvfQVr9VLX/k6ve349+mDJ31CJ556hk467Sx94KOn+XVwWNMzM3l2ZPTRRoDA9Pb15o49PT2jafs7IrJf8cGUcWg9PpHCF00fJc9YDzHq9akWkDwzQpMveABkkcPXffYVUG2yzFQ12RnfBKgLbqEpcmL34CQDhLXLOyT7wVqC0v938MRq3krnf+JEd1cNMwROfI83JK9xoF/z5rdp0NNXJec12lP3zbfdq89/47e65Fd362u/vVff+sMD+vYf79e3fQDBIcQS/LFL76TwGL7xu/uz7KW/vEdX/ukBB3zWxrmG3LBQeHS95NVv1Ov+6536r7e/W2971/v1jvd8UO/54Ef17g+cqDe97V168g47q+1Np6XybW/lNELynf0XQc6qs145Y7AnMtWuAwPAYcEP4MDaeXDg32ngyFHWhcQaChD1GfcmekFvr0ek53uY+BPFlJJHaG+GeW/FZzxy+dbIz0ia5uMf3Jz1QUbhtbrXeESI3gVkms+vmXbAAWT4F2rJA5QhRz3gM54tcCp2Mbrn/Ooz63PYY1/zBr35uHfp3R88Uce9+wM69rVvEjL2np1VeegB73SvuuZhfcfB/I6DlwPt9DvGyT+e3p95vvvnB/U3r584hlMrohERCgf1hS9+ud79gY/k3e6r3vBfeuXr3qyjXvKK7AeWLmwCcGyP293jEdedebAb+wH2LXn02Q/glM14RMIL3mM6HQIa/urpsf9NQwYaaa9jUsVoOvu25VfAXtdJ26cdD/iQRR8zBDPHjP2YGP49ngKoFEcSYGgEgQDDjBMzzXz8MwN8KaKyZk8zrxE0gLUlwuuIeSLCa/Zc/sVBRORfIKB3zkHCWIKLPHn0U9Zs9ijZqdDm5uYVkUSdtXot7xyhYyPw/BceY0cfq5e96nWeDs/UR089U69541u0aoONHGh5rZasgJmqAAAQAElEQVSYJUJPvCKgli6r6JQDYMllT9nzqR6VJ+pDJ5+mD370VNGh+AuNF/uUqe3pecGde2FhQQ23EWfOecM5785HgLG16eWr7fV11vsLlrqm+QD2G3OmkQcoA2fEN70WQ0PHnPVVvm4IH+GbOctRZ9O6ebPB99BKH5g0CbDtBgfQ23Sd7Lypc9aDrpqi6b6SUB5hJxj3bUooAnAWQunUOIEIZzHKSSWXEll3KJjIRpYlB0QY7/CAK6SI/JDk1FMVaURU+kzr6pcvbLNy57ipo/TufFD8z6YOe8FRXgdfr/c7KJ869wKdef4XdeZ5F+s0b24+9smzdeTRL9Emm22uddZdV1tsvbVe7LXzk+d8Xp/+3EU649wLdcoZ5+rUsz6nd77vBDFq+Z87P+e5z9cyfnzu6rAjgvaFIuwfBzGbq5AyXbljVXzhDhaKCHHhtnC7O6ibYNuNRITCDIxc5GQsrIt8BldAmyPgsnorsqQiIoOioskXnQ3eLGe+qr5QKpI/F3obPmmY9ejq7+/3DrYmtuJT3opbV/7Et+hzT3gmTWO0sz2ftAyfGZkekGPhp/dOmU4KDVj07pztOiMWuYHBAfFqBIDD0/QuEH3s5MH7vJFAB3L0zB73VGgsF9AmJ6a8IRnII5z6+Ljd79cN/iZov6c/Q/zN0x5776sDnnWQ+FfnX+Gp9UTvaD9+xmd1+pnn6fVvebv29+vLU8yz935P13MOfZ6effBztcU223q2aGUfYAevgnMeBdTR741kv/3DFAg+69EGDiQHcNK+gY6zs5xnIdo46VdPbIeWbfcrzRy+tr3wwoNc9rVpzGbg8PZ4mh7wKyXy0IgROHV2ZeULHGCkw8coxrfw+nPhohu1kHfARSoUEcYXhbPpEUVR5F7X8tQEjcakKIQhQNubHHiY4uAnoK5TNX94YMogD19ECL56Ua/0exRUeE2RqHNBXMgA9GzkCDR1Qmv50IVfhpDWaoWgUx9A3TXbig7wlu1K1oschyabbbm1tt1ux/xJbsWKdbItLR/aZDm/VtRsrzxqWq4DHcihj7Vu0bqyrfXaUp3IQYMHfuoEyBdFUuk1kk93Lcuiq0hJTJ3wlG77E+Ts24gQNPTCAxQpqei0k+C1LQfOMpXMD488Ygu3G6AcWkLONOpNnGEODQ17RPRpzOfLzPtDPu8EaPDE+LhgHPR5J7+6mPHmgHNodrLgjJxx89BzqAQ5KoAHepb1rpdeyxcPzrkHjCM/5rNUcEbpkG1IRSFkAHQM2Q5Gb67TdTAKoFEvPNDBAeqBhoPB0U+dE24TOsAB6hufmPD+YN6vMYOqN+quc0zjE/7aVCrv0Pk98tjoqNDHiM1/LmsZzoOZsdDP/mMC2viYcCw0gEGAzxhF4MCEeaiTs37OjVk7x90eOg40gBPCcZ/tEzxkAHwKHyly2AIO36Jn1WF/dfKIzHZCZyZEDr+AY2+iJ+DMiBA9CweBp6JwNnxU2HYq99xqxJR+FaBBEZFHQURHzj0poqLJFzyAs5Z1j3am5R5Ymg/9EcmU0s5pSaZFhCIi/w1O273f2SX96AEiQikVFd9augpstQ5Gi3yllDKP4+WZpp3zdADozDgtj9LS7UhFkjldPa9bbUuq0i/bYX3UmawLKME94qFRH5LQSm++EIQHIN+Ghq1Fym1o/5utEdZvGrypo99V2tctRYRSUQh6aRtbrrN03eDECl2L2O/ZJiIUUsdnbYV1FYV9bf7S+uFNgsWegDGSn75RSKF8RYQiwrkyO0IKRYS4SjckwnmDVeTy0oopi4jMFxGgzsuNdXVgNkAYaIMibBC0LmT+sC5zZD4ppAzyhW1dPJkXPNvqfLI+s1gWa1TJwCy5I7XlKpVSoRRJEa7D9re7dRg3W5ZFJ/kI87i8i6cUWY767A1YMgTPDl+uORNcHfrxR6c+Kxf+yfrM4xtJM1qb5SOoDzuzFtND1KnOBTWi6jQR8FrOSlJRKKKDm8lZhW1NKSmNjo1qzMBGhU9TjXpDTKVARAjago/Sxvx5j2HPgg8NHFmmKaYPpr+W15tRT0c4ABrAa9Wop7umX4PAAf4VAKYxppMRT/28z6Fv0RuyEU87ADqQY/pmGRgeHskfwLFr3NPu8Miw2IQgN2b9rFHDntLd3sp+T4FMhfxIgWkV20fH1mjYSwFTIlMoNNbJIdOwCz9Ca3jThw3QkKWNQ9aNHJsZeNjwUA5f2JHYAZ0pdsS2Yfc4S5D9Nuyz/iGftY86D/AKMzK8zB2+ptE1awStcJDQxQcHdNH2gcEBUcegN1+0EVuyHbaFGYnlBpuhwcfyimyv35lzO82XiuQoF4WINk5FgHxKhXtb6Z7fmTbMV6RkvG1oqfDiXyDnTkBgmfoiQkUqJIWnxpbBvdEeL8xHr130ugFvSmmpPqYbRhEbDLNaBrmWuIqUrEmur52nryIZN6RUeFrCjnbWk4pCEZFlSw9THB4RWY4Rk5xn1BbeSFE/9dHWZF2cVWMbeERkfW1PjeBA5jGdNRIcKFwfdPKAfKWiqGQ9Yhc9rUaEuj5iowZfkZIK89lY2+Y2usGFN3iZJmX7nVhPZD5kAJa2VCTRrtLLV9t1lJ4dilSTm2tftDLQzoiw7rYWPdhahsSGhdHHRmTCI4NekGlDg5INmPBGouZgwjPgzRG/1eXf5xh0j4TGvyMBDzNAcgOgpRSCxitCYadCo0eDIztg2X73Sno8//YEZeimsVnOdRZF8iZoKB8q0HN5beBVjN6aR5F5sAXd0OjR6MZocIBRPW6+Hr9uDLo98E64jRMeSbmdbk+1yRrPGxUCDU/LHZEZBvvwCzReg8a9CcKWAdvODDBh3fDhcHjwyaJnIV4fmQVoE3Rsn/BrVBdHFt3wUg6gA33MAIMe8dDYXDEiqRMaMx1ywKLXYezwzC7aiGytXs8/oGB2AQeSfAWRdAqzO4BzT7zLJ6LGKgoOMVLdFanKd55V+eMFWX+nLCcQcuY/PCz2RFtMgK0jExFginDaKZKc11rXEl2KCOX/nKp7RZWpklBEVASezkd08Y6iLkp5hpIBlHP54fKIUNXuTMk6s7QfEZHxquTfnm5XVy4oMj94sgwp4KxKHrncDGZcQqEtgcusDzR/LuSIkt5Er2Mqo3cDMNDDS08J4ECtVvfxZMNHkfP5B3qVXF21Ri03DB6MQRdAz4RWFIXA6aGs6fNe1znyg1aklPV15eqNhto2cM6HBUwzyADUNe93RkYmeM3T27w/o837CBEbG42auDLN9ORZoN5oCDlmCdpJe+qNhhJ1Wj9LC7oajXq2fwE5l0EDqH/etpLH1lqnTkZ5o97IbYqIbP88spZtWH8lN+/XsbnMQ72UYwdl8EQ8Lsf0y8jGXxxH0qZ6o2Ff1zPQ5kXPLM16XQ0D9mMr7UUXgCx1YGPXt4nhD7Dw857FNAnOBwWE+/r6vf61Ne2Da96vGs1GfmcmP+2PE0wH8HB22vb6MGM+AtXn0yiASqd9GI6DwIEZv0tXcn1ZV73REDw0nHIAHdAWPeXR8D7bgcyM9c9Yvs/6oc9kfDrb2OvNBTZjO/SaHcG/6YxT0QX0WQ9TPPbAh/4+6wI8IDRt3UVK+QQPGn6ZMQ3f8HGFKRs5HM6Sgf6IELrhoyMjRzk0oCtLHlmCAA+80ICIyL5g6oUHGlNyn+1FHpx29NlW7M9xsl20FxpAW/j02/T5Njh8+Q/AMbreaOS/6cXJ4OxAEcap9BYCiEMxHBp5/uCZngOO0RFJTe+WI6LzB8izyrI+aqRy+AA6SdMdhTxAGXXCCw5EhKDhBOqkcdSF8U0fqMPDDpj6AGThwWZsh9Zy54APOexHH/icjx/ZNDX9sQRHzfpAH7onNqGbTQ3Bglar1TMN3bM+nqSd8BTel1DO8SmdEd3Yhv/grXmkQ+NoFxzAX9RZt05ku3LwkYdWpEIN2wWNuuZc55ztA69bJ/nZjv3oli9oQFEU6vF+Y96z3KyPQ2nDUoBxAkQMRBlg2RyookgW7BE0poVZV0C+147uyi14GkvJFTiYEaE5VwCkZFnzEcRZ0/gzVByEcWyS4Ml1mgdeeICIKsDsrmkoxlJX0w2gbnhoVNblOruy2Ew5gF74kGMU9PpzHvjafyFf2CnYMOc2RVR1MutUfLP5pCvbattnzUNnw4kEkPoBgkMHajowTPmz5qUcG+CFh+Whx/UDtXot+4dOhhyAjjnLFalQb7NXPW4T7Z51cJGHp+6RiW5+bMHOHB7ai29oU+G2QMtyszO5jrzJEl3XnKVfD7wQOfdvN+WAyVXSedohJgmZvN2IjOVH6TW04jLa4YPmLYgJFuFpOjRAzkPNecq6YHpFq7QtVWH9sEQsUUAroAx2UlOQxz4AW00SQYROHtb/WDeFQKeOUm2LV9yQga4OdcygdIkGQwegAR0060FflluStTR5oMOYZagfmsEcnZInJp2mrkWsPJ2mpqbFT0ToGby61BsNsT1nLo8I5d87+30KGkAPYX4nD09XDjq9FzpGoYs1gFEEH6OIbT10ehxrysBAv8AbjXqus+1vnIN+BUEOHXxpySPGvZlzaOpCP7LIUWfGO1+w0E8LKadNNa/B0JbkzIccr3Y1jyL4+ABAfdCyrHkYCdAARg+vgOQH+gfyx37qXPDGDj9Aj/AabDnWTkYuuhY8TdJuoLevV/19/XmdRpYRhh0pFbnd0CJCtJGZjvom/VrV09uT/cOf96KHEU59xITXzynHzjG3nP3oL13I8krGbEW7B2xvmrehNJJCNh5sy8ExkAbX7CScDQ2ewtMAwSI/70aQIkfD2PmyLsIPDSAPX0qp2k1aHzwt7whrXovQlVKRv7S0PYNQX1cOPjZuNa89AHUB2AYP0zd2gTMi4cFmcPiS64SGjgXvcNFHfcgWbgd8bXd9cKArGxF55wqN9Zg60IMscujGfsqhsQOmjegn33Ab6djQAGQB6gOyreZJhdvtfQK0iKrO0m8s2EodfOFi3aWd6G6ZFz34yOx+O6i+wGEHQJ3I0W7k6o260qBHDNHu9SiZdK9BETjgecQ9bFJUAE6PyD3avbXf30eh0VumJqc6a3WRRzwV0CsnTcch8NGISX8Lhd7vnWCf5cEByujR8IIDvK4hV6/Vs27kuiOGFHzG6xNy8GEjcgQp09yj0Qut6Y3fgA81+k3j5R8aZVnOnQcckNeqgcGBfKIEDrD+wkd94MwG6GEj16URFHigtx2EKfuRwEMDpv22wYxCHqBsyj5s+bACGWgMBGg1Bx4cX7Ojh4Y8fD3ef4ADLc+q0JiywQH0IkuMsBVI9IjC01UqCrU8qkoLFm40gDBnyREhcHaO9D46AXiWtRyf11puWEiC5sS9a1EtN4AZgZ7Ysl5GAj2ssAxAHhplyEVEloPO2gQtFbbLstRJx4EGEKC2X8vIY4ssiw3UDc0Nc/8src/HqtYBDYAHYOSCpyIJHEC2SIXl2pbD/lZ+C4APG7GLtOYd5986WQAAAOtJREFUdETX1gXzlyqKIgP+WbQfU0p5Fsiy9k0lV8v+oWzRNILalcPXtDEiMg8jsu0jz6qdbdUdk65clnVnRLd8gQMRlSxtQRe+TS6XeXNiS4WjtPZlIVDObElhDk9rSzImEthSoYgKTDJbaXUGkJBMIJdp5sr5/LBMTjsPGt3JLiXQootRt/MZ93mss0t32c05k8uNV1sNZzp3Fl+7TvP6zs0hdSNsakc6Mxv1tNkRz/Zn5g4hs/hBR46wnAF7KW57yZFME1fWTiZD14fRLbeOTHMp8oCz+caLSEcXwx4IGefxBCSbl3kj9P8AAAD//z+vUNUAAAAGSURBVAMApcdNdEqIhvEAAAAASUVORK5CYII=', NULL, '2026-06-09 08:42:10');
INSERT INTO `system_settings` VALUES (6, 'file_delete_protect_days', '3', NULL, '2026-06-05 12:01:17');
INSERT INTO `system_settings` VALUES (7, 'kb_default_visible', 'true', NULL, '2026-06-05 12:01:17');
INSERT INTO `system_settings` VALUES (8, 'system_name', '大黄知识库', NULL, '2026-06-15 11:24:23');
INSERT INTO `system_settings` VALUES (9, 'scan_directories', '[\"/home/shjc/updir\",\"/home/shjc/scandir\"]', NULL, '2026-06-10 06:11:25');

-- ----------------------------
-- Table structure for user_departments
-- ----------------------------
DROP TABLE IF EXISTS `user_departments`;
CREATE TABLE `user_departments`  (
  `user_id` int NOT NULL,
  `dept_id` int NOT NULL,
  `is_primary` tinyint(1) NOT NULL,
  PRIMARY KEY (`user_id`, `dept_id`) USING BTREE,
  INDEX `fk_ud_dept`(`dept_id` ASC) USING BTREE,
  CONSTRAINT `fk_ud_dept` FOREIGN KEY (`dept_id`) REFERENCES `departments` (`id`) ON DELETE RESTRICT ON UPDATE RESTRICT,
  CONSTRAINT `fk_ud_user` FOREIGN KEY (`user_id`) REFERENCES `users` (`id`) ON DELETE RESTRICT ON UPDATE RESTRICT
) ENGINE = InnoDB CHARACTER SET = utf8mb4 COLLATE = utf8mb4_unicode_ci ROW_FORMAT = Dynamic;

-- ----------------------------
-- Records of user_departments
-- ----------------------------
INSERT INTO `user_departments` VALUES (1, 1, 1);
INSERT INTO `user_departments` VALUES (2, 4, 1);
INSERT INTO `user_departments` VALUES (3, 8, 1);
INSERT INTO `user_departments` VALUES (4, 8, 1);
INSERT INTO `user_departments` VALUES (5, 8, 1);
INSERT INTO `user_departments` VALUES (6, 8, 1);
INSERT INTO `user_departments` VALUES (7, 11, 1);
INSERT INTO `user_departments` VALUES (8, 11, 1);
INSERT INTO `user_departments` VALUES (9, 11, 1);
INSERT INTO `user_departments` VALUES (10, 11, 1);
INSERT INTO `user_departments` VALUES (11, 3, 1);
INSERT INTO `user_departments` VALUES (12, 8, 1);
INSERT INTO `user_departments` VALUES (13, 9, 1);
INSERT INTO `user_departments` VALUES (14, 10, 1);
INSERT INTO `user_departments` VALUES (15, 12, 1);

-- ----------------------------
-- Table structure for user_roles
-- ----------------------------
DROP TABLE IF EXISTS `user_roles`;
CREATE TABLE `user_roles`  (
  `user_id` int NOT NULL,
  `role_id` int NOT NULL,
  PRIMARY KEY (`user_id`, `role_id`) USING BTREE,
  INDEX `fk_ur_role`(`role_id` ASC) USING BTREE,
  CONSTRAINT `fk_ur_role` FOREIGN KEY (`role_id`) REFERENCES `roles` (`id`) ON DELETE RESTRICT ON UPDATE RESTRICT,
  CONSTRAINT `fk_ur_user` FOREIGN KEY (`user_id`) REFERENCES `users` (`id`) ON DELETE RESTRICT ON UPDATE RESTRICT
) ENGINE = InnoDB CHARACTER SET = utf8mb4 COLLATE = utf8mb4_unicode_ci ROW_FORMAT = Dynamic;

-- ----------------------------
-- Records of user_roles
-- ----------------------------
INSERT INTO `user_roles` VALUES (1, 1);
INSERT INTO `user_roles` VALUES (1, 12);
INSERT INTO `user_roles` VALUES (2, 12);
INSERT INTO `user_roles` VALUES (3, 12);
INSERT INTO `user_roles` VALUES (4, 12);
INSERT INTO `user_roles` VALUES (5, 12);
INSERT INTO `user_roles` VALUES (6, 12);
INSERT INTO `user_roles` VALUES (9, 12);
INSERT INTO `user_roles` VALUES (10, 12);
INSERT INTO `user_roles` VALUES (11, 12);

-- ----------------------------
-- Table structure for users
-- ----------------------------
DROP TABLE IF EXISTS `users`;
CREATE TABLE `users`  (
  `id` int NOT NULL AUTO_INCREMENT,
  `username` varchar(50) CHARACTER SET utf8mb4 COLLATE utf8mb4_unicode_ci NOT NULL,
  `real_name` varchar(100) CHARACTER SET utf8mb4 COLLATE utf8mb4_unicode_ci NOT NULL,
  `email` varchar(255) CHARACTER SET utf8mb4 COLLATE utf8mb4_unicode_ci NOT NULL,
  `password_hash` varchar(255) CHARACTER SET utf8mb4 COLLATE utf8mb4_unicode_ci NOT NULL,
  `avatar` mediumtext CHARACTER SET utf8mb4 COLLATE utf8mb4_unicode_ci NULL,
  `status` tinyint(1) NOT NULL,
  `auth_source` enum('local','ldap') CHARACTER SET utf8mb4 COLLATE utf8mb4_unicode_ci NOT NULL,
  `last_login_at` datetime NULL DEFAULT NULL,
  `created_at` datetime NOT NULL,
  `gender` varchar(10) CHARACTER SET utf8mb4 COLLATE utf8mb4_unicode_ci NULL DEFAULT NULL,
  `phone` varchar(20) CHARACTER SET utf8mb4 COLLATE utf8mb4_unicode_ci NULL DEFAULT NULL,
  `is_frozen` tinyint(1) NOT NULL DEFAULT 0,
  PRIMARY KEY (`id`) USING BTREE,
  UNIQUE INDEX `uq_users_username`(`username` ASC) USING BTREE,
  UNIQUE INDEX `uq_users_email`(`email` ASC) USING BTREE
) ENGINE = InnoDB AUTO_INCREMENT = 16 CHARACTER SET = utf8mb4 COLLATE = utf8mb4_unicode_ci ROW_FORMAT = Dynamic;

-- ----------------------------
-- Records of users
-- ----------------------------
INSERT INTO `users` VALUES (1, 'admin', '系统管理员', 'admin@company.com', '$2b$12$uOv6j4eRcxnA9tPP5Ur78.2zhc3bkQFlsaorQHoNCBcMf8aZEqqyu', 'data:image/jpeg;base64,/9j/4AAQSkZJRgABAQAAAQABAAD/4gHYSUNDX1BST0ZJTEUAAQEAAAHIAAAAAAQwAABtbnRyUkdCIFhZWiAH4AABAAEAAAAAAABhY3NwAAAAAAAAAAAAAAAAAAAAAAAAAAAAAAAAAAAAAQAA9tYAAQAAAADTLQAAAAAAAAAAAAAAAAAAAAAAAAAAAAAAAAAAAAAAAAAAAAAAAAAAAAAAAAAAAAAAAAAAAAlkZXNjAAAA8AAAACRyWFlaAAABFAAAABRnWFlaAAABKAAAABRiWFlaAAABPAAAABR3dHB0AAABUAAAABRyVFJDAAABZAAAAChnVFJDAAABZAAAAChiVFJDAAABZAAAAChjcHJ0AAABjAAAADxtbHVjAAAAAAAAAAEAAAAMZW5VUwAAAAgAAAAcAHMAUgBHAEJYWVogAAAAAAAAb6IAADj1AAADkFhZWiAAAAAAAABimQAAt4UAABjaWFlaIAAAAAAAACSgAAAPhAAAts9YWVogAAAAAAAA9tYAAQAAAADTLXBhcmEAAAAAAAQAAAACZmYAAPKnAAANWQAAE9AAAApbAAAAAAAAAABtbHVjAAAAAAAAAAEAAAAMZW5VUwAAACAAAAAcAEcAbwBvAGcAbABlACAASQBuAGMALgAgADIAMAAxADb/2wBDAAgGBgcGBQgHBwcJCQgKDBQNDAsLDBkSEw8UHRofHh0aHBwgJC4nICIsIxwcKDcpLDAxNDQ0Hyc5PTgyPC4zNDL/2wBDAQkJCQwLDBgNDRgyIRwhMjIyMjIyMjIyMjIyMjIyMjIyMjIyMjIyMjIyMjIyMjIyMjIyMjIyMjIyMjIyMjIyMjL/wAARCADIAI8DASIAAhEBAxEB/8QAGwAAAQUBAQAAAAAAAAAAAAAAAwACBAUGAQf/xAA1EAACAgEDAgUCBQQBBAMAAAABAgADEQQSIQUxEyJBUWEGcRQygZGhI0JS0WIVM7HBNHLw/8QAGgEAAgMBAQAAAAAAAAAAAAAAAQIAAwUEBv/EACURAAICAgMAAgICAwAAAAAAAAABAhEDEgQhMQVRIkETMkJhcf/aAAwDAQACEQMRAD8AyFp5METx8w1o80Ce83kjGbOZnMxGcPaPQtjWM5uM6wwIzMNBsIGwI4OfeCzO7oaFsJvPvEbOIItETxJQLC+J8xpc5g88ThaTUawm8xeIYLdOboNQ2F8QxeIR6wWYswahsN4h+Y4WN7yPHgwOIdidaeTI5aFtPJgDJErbO7pzfGfrGk/MsSEs67ExmZwtGZMgyYXM7BlwikscASK+tX+04HvFlOMfR445T8JxbHeM8Vc4yJV2613HHAkU2tg8nM5ZcyKfR0w4ba7ZfBt3YxHvKjT6tkI3EkSxXUI9YfIAPuZdjzxmivJglBhhFGK6nswIj8y5dlLVCinDOiEggeY8HmMjgMxWEm2/mPtIzZ/SSLe5kdosSqQMmcJMRjcywRs4YIuE5PaEdgASfSVNuqFly1qcLu5MTLkUFbLsON5HSHa3X76/CQHk8n4kNHDNg5A95YtpUut3IMV9lHqRJ1HSEcAhPvMTPyNpdm5h4+qpFX+HKgFjlT2MSVIW5mjHQ0KAvvHxGDp2nQhUTc3vngTleVHQsDKE6ZT+U/zGPTYp7HE0TaKqvH9LJ9YHVUFawdoAA7d40cpJYClos8OzzHiWaWK6ggj5Eh6ipHOVG1vb3kamzZd5jges0ePynH8WZ+fj7douO/M7iMVhtBByI8HM1LMxqjuI5ZydHeRkRLs7yM0kWdzI7ExYlUgRzG84hDiA1FgSv7x26QsVboha+1ghVTyRxIOnoLWqDD6mwPaoHvkyw6TpRfrkTGRnmY3LzXJm7xMOsUi46R0W3WEEnag9cek2Wi+na0Typub3Jhum6RErRVUge00ulqGwcdpkuTka0Y0jNt9P2OcWuFX/ABT1/WdHQtNSvlQg+5M1L1ZHaBNQJ5isdIxuo6QWb+lUNo7kyo1vTDXWWsHmbnM9JNKlcEcSj6poN1bsR2BAkTC6PKdbRsYgDGOZVXLht01HWNM9VxcrjfyB7CZ7UAAlTOvHI4ssKYXRW5qCn0Mm5lPpm2XbSeDLZTkTc409oGJyYaysIDHCDHBjwZ0M50S7e8jnkw9h5gGOYIlUhhldrrAG/wDqMywOZU9TyHI98CDK6iyzjxuZAV9zZPcmbT6U0wtvLsPYCYkYF+B8DvPR/o+omoN8zz3Ifp6Ljo3ejrCqvHpLrTgbe0gaWslBLPTjgTjR2yHlOIBlGeJMOMcQLJ7QsiZHIkXV1bqiD6yey8SNcByCZCGG+oem+KFdRwOJ5z1Oo13Mp4wZ7Vrakehl9fieV/U+kZNYzBccZlmJ06KsqtGarP8AVB+Zb1tlRKRjts4lvpjurBmzwpdtGPy49WHz7wqHjiBha5oszyXb+aAOPWSLfzQDDmCJVI5mVfVE/I49JZGMs0p1hWkd2IAzFyq4MbA6yIz1NPiatVAzkz1z6b0H4Tp6uV5xmYOror9P65RU5Dq4DK47GesaCpV01a4BGJ5vPJSfR6nBFxXYq36jcM1KqL6ZPMko/Uafz2kH22iC1nWE6YoVantcnAVB2+59JQ6n67Kal6NRpNuxthw4JlcU2uix0n2za6PVWucWjJ9xJjvgZlB0jqK6ypLVUhW5GRLx/wAmYoSv1l1rcVuV98StGk1d5/8AkOOe5YyR1DV/hdPbftLBB2XuT7TGJ9YdQ1WuFFKVVVlsZKkkD3jRTfgJNL00l2m1VByX347n3mY+qtEbaVtVOQDmaLp+u1upJGpowewdQQG+cR/VNKLKWRuCRFT7C10eI3LttI+ZZaMEV4MmnpNd/U7hYStVZJYiNtqrq1DLWTtxkZ7zW4U1vRmczG1j2/QyESMj0+ZrMyCZaeTAtDWdzAEwRKpIbHodrgg4IOY3MQPMdqxV07NFb06ptFp9eredW3fpxkf+ZtelkMnaZPorjVdEvoYZao5H2mk6JYTWoPccHM8vyMemRx+j13Gn/LjUvs0H4KpwS1QbPuJUaz6W0Gov3/gqixPfbNBQcrjuIYqAM4lHhe4/ZU0aCvQ6cKoA/wDUmNYToyfiA1tubFqU8kyaNOfwWCOcRb7DSoq6Kk1NbI4B5zyMztPTKqbMihBz3CgQems8DWGuwEA9jLocjI5hJRGtoQJkKM/aUPVckHmaLUeWsnMzXU3zSx9QIyA40jD6ZALtVvT/ALhYhj7ShsZXvscdmYkTTdYrbQ6G21mA8vhp85mWGRNb42NtyMn5KVJRRwx6xhMcpE1mZKJlhOYFoWzvBGLEraGmdAnJ3mNYurLj6e6guh6iosIFVvlb49jNrSy06ttvZ/MJ5g5K8j3wJpejdY1d+tqp1OANmEOMZmP8hit7o3/jJtR0Z6XotQSkk3XkLx3Mp9C7EDmWD8LuPpMmzZkkQbk1yF7Ka0ewnjce0e2q6ktIQ1oxPc5x/Eiar6j02mY17t9n+K8yvs+pbd2RQSCOBmRRYIwlIlFeoWnbaynDZDYxge0vdLYwpXe2SBzMW31HarFnosCDkkKeJo+jasdR03ipnaexMLVE1on6zUf0yD2mY19oZSGbAJ5lz1NdtfJmF+qNUatEKVG57W2hR6xoq3RJ+FZ9V64ajXU6Ot9y1jc2Pf0lR/bgDmEq6VZWqu5AZu+fSPGluNvhhMt8Ta4bhjhTZjc7j5pTuiKy/EcoIhrtNbQcWIV+8GDO/ZNWjLljlB1JUSHPMGTzHucExgUswCjJPYRExFG2OqosufFaMx9cCX+l6DW1Aex8sR2Blr0np34TSLlMswyxMnHR153KCp919JwZuTJuonp+F8VjhFTydsyb6FKGZXTDDJVsZkbUak6XX6dNyrYh3M3tNL1DTv4ZCulvrgjB/SZbrHT7G1tN+CK7ABu9pzSk5enfkxRwwuCPRej9Qr1WnS1GBDCXoxbUVz3EwFeqTpWoppQnb+Rh29ODNZ0/qNdlY80z5x1ZW/yjZX6noR0XUTrNIoyw8wPOYRus65CinwwUzjKCaRQl9fv8yPZ06prMnmFSYIyj/kjMXU6nqZ23FfDJ5AXGeczTaSqvRaVEQADEJXoa6xu44lR1LqiU7huxjiBuwN26igXVdaNzEsAo7kzE1M3V+pPqwP6FeUqz6+5gvqTq1mrVdNQxHiNtJ95M02nspoqooACqMFj/AGy/DCuy/FHaX/DmpVLWCDsnmfA7fE7VTubeVAP+PcyQtdRKoGBXOWJJ8xllRTRXzncf+KzoTOtYvsq7dCb6SrrwR6iZzVaK3S2YccHsRN8dp7Uv+pxIWt0VV6YavjPbOZfizuD/ANGdzfj45la9MW/Jlr9Paeu3XbreAgyPaF6d0G3VEWWgqh7D3mo0+hp0tYVFAx7CW5s6pxRmfH/HS3WWfhJXGBg5EeFzA7FPpj5EY1l1WMbXB7AnmcR6RIktokuGCit8Sv1HSzSCq1hqW/Mjc5/1JFevUna9diOPbBhze7Lzux7HEgakvTN9Q0tepsq3bk8PB3FeRjt68wlniaFFsR91Z7OB2PyJaaqgWkuq+mCMxlNK21CixRzwc9iJVLGmNLDBx6JPSvqFANlx2n5lx/1aojPiL+8w79L1ia2yhK9yLyCTjHwTBto9TyO3v55z6ST8OOWOKfqNZrvqGqmtvOC2OAJibdTf1XqAqBO0nLEdlH+4SzpWsYcDBPAzk5/XtLJNIvS9CtKefUPy7Y7n+f8A8JZCDvsMMSk6iysfp2j0+rFzFrCOERuTmTqdLqtYfMfDrzwi+g+ZJ0XS7LbPEtB595e1aenT1jcwUfedCVHZrDH1EgafpiVqPUyWESocDEdbrKl4qUsfTaO8isl955Oxf5jEVv0ZdqVX159pHYXXAFAR95Mq0iVntk+5htu0ZwIAto6qBBgRHmPaNwTx6wI5kNwPSLaDjPaFFDHA94QafBwWAhG2RDehW7iD8GxDwxI/8S0FVSjzODBlqQeASPmEZTZA3EDbYpBPqI81V7SVYq2OMyUbaAuNmTBM1J4ztz2ElD7B7bNtCapDll4s/wCQhq9ZVbUHG0jGcyHp2VGatsFH7SgfRdU0Wr1NemsT8GWGxWJJGe+O/aLqcWaDUukXrN4u+89uyf7gl0rr/XdN7nsD6R9e1K0XIIA/f9hOvqLGsOFGPTntCkdOKLjEG19o4CsvyB2nK67LxvKlU/yJyx/1HklgMkn/AI+kMuobAXbwP5hLW/o4Kgg4Uj1jghPOMCdOosKkYXmMa588oMfcwi9ixiIjPvGeKCxBQj7R621nAzg/MUgVlXgscDMYb0T8iZPuY0ruxuPyftOFQFz+0VFCr9jX1FrEjOI0tYe7fxCrST64nRWC21PN7n0jWMmkCCnOSxP6xAD1z+8kGpUXLsPtAMRnywjJ2dUVg89viJmoA7RhRm9I11rXuct8CEYRes8KRwfaMtRrKbXVsAYJH2yeP3grH25IyBHVtelKYU4JJYAA5/1Awy6Q6rxPDBBXGB6fE6C2eTB6IulJrfCnPGeeJJSpHBwcNIGxAfPMcRBkFW2kRxY18kSEO7v2E4tiuMqQw9xI/VLk/wClajy4JTbx88f+5T6imzRam1kor8KqwMLBWAcFlwM49ATIU5Mur8NC3K8d4ByOx4kvali76jz7QNioyc+Vh3gLEx+4k8nGeI4uMqD2EUUUpE1m7+mCAW7n2Ec9i1KFrZcffmKKEKQzKHzPYT8RGzynaMD0HrFFCMhu57FGMKvvF4YHYZiikDZEu/u5bt6yVS27Tr9gP4iikJl/qBXIub9x8yRUFsBwPMP4iikC/B5QEYYbvYicBK8Eb1Hp6xRSAQDW1JZpLNtorDKcsQCB98zL6IWWaiykqrKQTSSpHigewBx9oopDnypSkkzVjbVShXhgoB+YC+0OuSMxRQHTFdH/2Q==', 1, 'local', '2026-07-13 00:43:33', '2026-05-22 08:41:58', NULL, NULL, 0);
INSERT INTO `users` VALUES (2, 'yezi', '叶子', 'yezi@qq.com', '$2b$12$eQhkx6X7bWUDtzm2CreiuOWyqPfKl2o8/OnmJTOtJp/N153lhkc6a', 'data:image/png;base64,iVBORw0KGgoAAAANSUhEUgAAAMgAAADICAYAAACtWK6eAAAOIUlEQVR4AeycCZAVxRnHv11W5L5EbgjHgoiQxDLgQQ6NSIgJhZUQg6lEMIfEGI0ikkRMiFhYCkgZRZFUykSkCEFMpRJFRE0RgcWIlGBSHLKEY5VDFlgON8iZ+T958Jb33lzbc3T3n2L2zXR/8/XXv2/+O93T87b0cytvOsWNDHgNFL4GSoX/SIAEihKgQIqiYQUJiFAgvApIwIUABeICh1UkEKFACJcE9CdAgeifQ/YgQgIUSIRw6Vp/AhSI/jlkDyIkQIFECJeu9Segp0D0584eaEKAAtEkUQwzGQIUSDLc2aomBCgQTRLFMJMhQIEkw52takKAAjknUTwkgVwCFEguDe6TwDkEKJBzgPCQBHIJUCC5NLhPAucQoEDOAcJDEsglQIHk0oh2n941JECBaJg0hhwfAQokPtZsSUMCFIiGSWPI8RGgQOJjzZY0JECBaJi0/JBZEhUBCiQqsvRrBAEKxIg0shNREaBAoiJLv0YQoECMSCM7ERUBCiQqsqb4tbwfFIjlFwC7706AAnHnw1rLCVAgll8A7L47AQrEnQ9rLSdAgVh+ASTZfR3apkB0yBJjTIwABZIYejasAwEKRIcsMcbECFAgiaFnwzoQoEB0yBJjDEpAmT0FogwlHZlIgAIxMavskzICFIgylHRkIgEKxMSssk/KCFAgylDSkYkE8gViYi/ZJxIISYACCQmOp9lBgAKxI8/sZUgCFEhIcDzNDgIUiB15Zi9DEohVICFj5GkkkBgBCiQx9GxYBwIUiA5ZYoyJEaBAEkPPhnUgQIHokCXGmBgBUwSSGEA2bDYBCsTs/LJ39SRAgdQTIE83mwAFYnZ+2bt6EqBA6gmQp5tNgALxzC8NbCZAgSSU/bFdvyUVl8+RVVfMc91gA9uEwrS+WQrE+kuAANwIUCBudFhnPQEKxPpLgADcCFAgbnSirqP/1BOgQFKfIgaYJAEKJEn6bDv1BCiQ1KeIASZJgAJJkj7bTj0BCiT1KQoXIM9SQ4ACUcORXgwlQIEYmlh2Sw0BCkQNR3oxlAAFYmhi2S01BCgQNRxt8mJVXykQq9LNzgYlQIEEJUZ7qwhQIFalm50NSsB6gfRo3FmGtR0s17f9Qqxbq7LmvnMF27jjQ3v9mvXyHaOphtYLZGjbq+TXvcbKA+W3xbqNbD9Ezisp87yuYAPbuONDe99od61nfGoN0ufNeoGkLyWMKE0EKJA0ZYOxpI4ABZK6lDCgNBGgQNKUDcaSOgIUSOpSwoAiIRDSKQUSEhxPs4MABWJHntnLkAQokJDgeJodBKwXyJLqCpm8ebZMqpwV6fbmgXeVXFEfnzwqc3e+GGmsWRZ/+fB1JTHr7MR6gWz53weyuHqFLKpeFtl2/NRx6de0p5Lr5PzShnJZi36ydP+qyOLNslh3eLOSmHV24kcgOvcvFbHf0O4aaVHWTFks5U26yS2dRijzR0fFCVAgxdkoqRnVYZj0b95bia+sE7yfhXfIBjQrzxbxMyICFEhEYOG2W6OOMsK5ezQuPR+HSreO57eV73S8XqlPOssnQIHkM1FWMqrDV6Rn487K/OU6KpESGdz6UsEdKrec+2oJUCBqeZ7xdnWbgXLtBVdIaUl0iHFnurHDUMF3Ws40zB2lBKLLnq8wzTRq0qCRfLfj16TNeS0i72CXRu3ljm43Rd6OrQ1QIBFk/tYuI+WSmL6Nh6HW5S0HyE+6fjuCntAlBaL4Ghh6wZUy/MIvSllJA8Wei7trWHqefN1p86pWny1uxJpQBCiQUNgKn4S5wJjOI5SueRRuKb/0woat5afdRnE+ko+mXiUUSL3w1T35+51vkF5NutYtLHJ09OQxOSmnitSeLT7mrMLv+HjP2QKXvXKn7fHdRwvmQC5mrApAwFyBBICgwhRzgC+3GSSlzuNXL38QB97NOnHqhJdppr6iZo3sO3Yws+/2A/ORS1v05Sq7G6SAdaUB7WlegMA32w+Rke2vE8wFClTnFa09/J5sqt2eV16soOb4YXl975ty8tTJYiZnyrHKPrLDdXJzp+FnyrgTngAFEp5d5kxMjDG0al7WJHPs9QN3ggW7lvgYXNX1NLNqvmys3Vq3sMhRswZNZEynEQLhFjFhsU8CFIhPUIXMMCnHxLhdwzaFqvPKjjtDqperl8vSfavy6rwKak8ckbk7XpKDzt3Eyxb1ECyECwHjmFs4AhRIOG6ZiTAmxJgY+3XxzqEN8rv3F/o1z7NbsnelvFJd4WuohZMh3PHdbxaKBDTCbRRICG54SvRIn7tkYMtLnCl5iS8PHx7dl7kD4E7g64QiRhhqrT60vkhtfnHXRh34+Dcfi+8SCsQ3qk8MIY5f9viBDGrR37c48NTqpT3LBE+jPvES/icEhqEWBOfXS+8m3WRK7zu4RuIXWI4dBZIDw8/uhO63CFbL/b6EeMqZjr+xf7U8VfVnP+592UBozzsTfXz91tcJjhFE8lDvO4XfIXFgBPhPgfiEhTvHg+W3y1fbDha/4oDrytoqZ97xAnaVbn/c8Td5be+/fM9H0Hi5s5D4q15jM1/ZxTE3bwIUiDejzIR8Uq8fB7pzwO2eo/tl5vb5gu+941j1NnXrH+Ttg+uce5T3iny2bTx5m9jzh5y4Z4F4fFIgHoDwJGhan3FyTZuBge4cmHe8uOeNoPMOj2jqVmM+Mn3rs4K7VN0a9yNM3O/v+SPnbvh5d0PWCgXichHgt+3UPncHeloFd1jxftVZ+VY574DfQhvuTrhLBZm0ww9ebhzffTRX3AHDZaNAisDB2sGjF92T+V5HifO8qohZXjEm5Rj2YPiTVxlRQUXNGnnmg7/KoeO1gVpoUdZUxnYZKRO6jwl0nk3GFEiBbI9sP0Qw58BQpEB10SKIo7J2u2DYg+FPUcMIKl7Y/Zos3P2qYGgXxD3eH8MrKb/tO0EwnAxyrg22FEhOlvGkaqIzNr/7U98L9XXZSueJ1cRNMyOblOeEWnAXQzoM7TDEK2hQpBBP5a5s9Rl5ut/98qXWlxWxsrOYAjmdd6wPPHnxfTKi3dW+38o9fWrmA3MAzAUwJ8gUJPTjN5tnycvVKwo8/nUPCMNI3DEnO4+yxzm/INyt7amlQJxcj+40XGb0vVf6Nyt3ZhslTkmw/xDHlP/+PtInVkEiwvxn6f63A4sEbeAuOqrjMHluwBSulzhArBZI9q5xW9cbpVVZcwdH8P/ZtQ5MlIOfHc0ZmP88sPlpqTiwNpRISpxfE32b9pDpF40TPOmCaKKJNP1eS9MfovoIkXAk/vGLfyGDWvaXBiH/wALE8cT2PzlDmuXqg6ynR4hk4qYnQosEzeN7Jfi7W/M+/XDmzxihzLbNSoFMcxb+kHhcAGETjmHVI1ueSaU4sn3KiiTscAt+cDdpWdZMMJHHsW2blQLBY1g8cQqb7KojuwRzjn/uXx3WRWznQSQ/f+8xWVS9XPx+Bz43OKytzK5aKHN2/D23uO6+wUdWCgRPmjD8CPK9cFwDWOfYVLtNJlU+JRU1a1CkzYY5yUJnrSTIG8AQx5NV82X+rsXa9FN1oFYKBBAhkpnb5wvuBjj22rC2sLJmrdy1YZr8+3Cll3kq66dvfTbzZvHB4x95xocFRyw8YgHS09hgA2sFgpziLjB96xzBfALHxTb81n3eWaX+2YapnrbFfKSlHEOlyc4Trqoju4uGhF8GWHDEwmNRI0sqrBYIcgyRuL3HtPdYjTy2bW7m9RHYm7Bh7nTPxuny1oH/5D0GxjAy7nfJ0szUeoEgORhGYDiBYQWOseFCeefgBrl34wzB2B1lJm0YYt6+/iHBF68Onzj7kuP7zp0FQzFM7tPQ36RjoEBOZwDDiX/seyvz50BxwczfuVhuXTdZ2/nG6W55fsyqWiD3bXpcNny0JfM28LydixJ7l8wz2AQMKJAc6BhqLdj1ity5/mGZse25nBqzd1fWvCtj1z0oGHaZeLesT/YokBx6GHY86kzadX1KldOVwLsYUuHvdgU+0fATKBDDE8zu1Y8ABVI/fjxbXwK+IqdAfGGika0EKBBbM89++yJAgfjCRCNbCVAgtmae/fZFgALxhUm90ZLqCpm8ebZMqpzlusEGtuojoEc/BMIJxI9n2rgSwJrL4uoVsqh6mesGG9i6OmNlZAQokMjQ0rEJBCgQE7LIPkRGgAKJDC0dm0CAAjEhi+xDZARSJ5DIekrHJBCCAAUSAhpPsYcABWJPrtnTEAQokBDQeIo9BCgQe3LNnoYgYJNAQuDhKbYToEBsvwLYf1cCFIgrHlbaToACsf0KYP9dCVAgrnhYaTsBCkTJFUAnphKgQEzNLPulhAAFogQjnZhKgAIxNbPslxICFIgSjHRiKgEKJO2ZZXyJEqBAEsXPxtNOgAJJe4YYX6IEKJBE8bPxtBOgQNKeIcaXKAEKJFH8yTbO1r0JUCDejGhhMQEKxOLks+veBCgQb0a0sJgABWJx8tl1bwIUiDcjWgQnYMwZFIgxqWRHoiBAgURBlT6NIUCBGJNKdiQKAhRIFFTp0xgCFIgxqbSlI/H2kwKJlzdb04wABaJZwhhuvAQokHh5szXNCFAgmiWM4cZLgAKJlzdbSzOBArFRIAWgsIgEsgQokCwJfpJAAQIUSAEoLCKBLAEKJEuCnyRQgAAFUgAKi0ggS0CVQLL++EkCRhGgQIxKJzujmgAFopoo/RlFgAIxKp3sjGoCFIhqovRnFAENBGIUb3ZGMwIUiGYJY7jxEqBA4uXN1jQjQIFoljCGGy8BCiRe3mxNMwJ2C0SzZDHc+AlQIPEzZ4saEaBANEoWQ42fAAUSP3O2qBEBCkSjZDHU+AlQIBExp1szCPwfAAD//2C7JBUAAAAGSURBVAMA85H2tFCKMU4AAAAASUVORK5CYII=', 1, 'local', '2026-06-18 07:24:25', '2026-05-22 05:26:40', NULL, NULL, 0);
INSERT INTO `users` VALUES (3, 'lizi', '李子', 'lizi@qq.com', '$2b$12$sI0W0i8hv.1h6CBThBCNK./.ef.SFzqFQzqPQCPkKfhQ8q9ERQ8MS', NULL, 1, 'local', NULL, '2026-05-22 05:27:09', '女', '15233333333', 0);
INSERT INTO `users` VALUES (4, 'zhangsj', '张绍君', '1036259645@qq.com', '$2b$12$1X6b8ysgqiXREwJQtBcNKuSi67bMiTT78BCTHPyJ6kO9eyjOF.Q9a', NULL, 1, 'local', '2026-06-18 07:55:24', '2026-06-08 11:35:45', '男', NULL, 0);
INSERT INTO `users` VALUES (5, 'jiangxiaolong', '蒋晓龙', 'jxl@qq.com', '$2b$12$Ih/BxBQ5yq1zE/.6nTNJKOSxxM1R55O7JRBnMWAexX/llqjEpEpJ.', 'data:image/jpeg;base64,/9j/4AAQSkZJRgABAQAAAQABAAD/4gHYSUNDX1BST0ZJTEUAAQEAAAHIAAAAAAQwAABtbnRyUkdCIFhZWiAH4AABAAEAAAAAAABhY3NwAAAAAAAAAAAAAAAAAAAAAAAAAAAAAAAAAAAAAQAA9tYAAQAAAADTLQAAAAAAAAAAAAAAAAAAAAAAAAAAAAAAAAAAAAAAAAAAAAAAAAAAAAAAAAAAAAAAAAAAAAlkZXNjAAAA8AAAACRyWFlaAAABFAAAABRnWFlaAAABKAAAABRiWFlaAAABPAAAABR3dHB0AAABUAAAABRyVFJDAAABZAAAAChnVFJDAAABZAAAAChiVFJDAAABZAAAAChjcHJ0AAABjAAAADxtbHVjAAAAAAAAAAEAAAAMZW5VUwAAAAgAAAAcAHMAUgBHAEJYWVogAAAAAAAAb6IAADj1AAADkFhZWiAAAAAAAABimQAAt4UAABjaWFlaIAAAAAAAACSgAAAPhAAAts9YWVogAAAAAAAA9tYAAQAAAADTLXBhcmEAAAAAAAQAAAACZmYAAPKnAAANWQAAE9AAAApbAAAAAAAAAABtbHVjAAAAAAAAAAEAAAAMZW5VUwAAACAAAAAcAEcAbwBvAGcAbABlACAASQBuAGMALgAgADIAMAAxADb/2wBDAAgGBgcGBQgHBwcJCQgKDBQNDAsLDBkSEw8UHRofHh0aHBwgJC4nICIsIxwcKDcpLDAxNDQ0Hyc5PTgyPC4zNDL/2wBDAQkJCQwLDBgNDRgyIRwhMjIyMjIyMjIyMjIyMjIyMjIyMjIyMjIyMjIyMjIyMjIyMjIyMjIyMjIyMjIyMjIyMjL/wAARCADIAMgDASIAAhEBAxEB/8QAHAABAAEFAQEAAAAAAAAAAAAAAAYBAwQFBwII/8QASxAAAQMDAAUHBwgGBwkAAAAAAQACAwQFEQYSITFBByJRYXGB0RNSkZKhscEUFRYjMkLh8DM0Q2JyghckRFNUY7I1dIOis8LS4vH/xAAbAQEAAgMBAQAAAAAAAAAAAAAABQYBAwQCB//EAC8RAAICAQMDAQcDBQEAAAAAAAABAgMEBREhEjFBURMUIjJhcbEGQqEzcoGR0fD/2gAMAwEAAhEDEQA/AO/oiIAiIgCIiAIiplAVRWpZ44IzJLI1jBvc44AWirtNLNQktNT5Vw4RjPt3LzKUY92bK6p2fItyRIuf1XKbECRS0ZPQ57vh+K1snKZcSeZTQNHWD4rS8mteTthpWVL9ux1JFyr+ku6/3FP6CvcfKZcQ76ymgI6A0+Kx71We3pGSvC/2dSRc/pOU2IkNqqIjpcx3w/Fb+h00s1aQ35R5J54SD4jYtkboS7M5rMHIr5lBkhRW4p452B8UjXsO5zTkL3lbTk+hVFTKqgCIiAIiIAiIgCIiAIiIAmVQqPaRaV0lijLMiWqI5sQO7tWJSUVuz3XVO2SjBbs3VVWU9HAZqiZkbBxccKCXnlFYwuitcef8149wUKu99rrzUGSqlJbwYDgN7Atao+zLb4gWPE0eEF1Xcv08GfX3q4XKTXqamR/QM7AsBEXK233JmEIwW0VsERFjY9BERAE4oibAz6C9XC2ya9NUyM6s/nKnNm5RmPLYrnFqnd5VnxC5ui2wunDszkvwqL18a59T6CpaynrYWzU8rZIzuc0q/kLhNov1dZqgSU0xDc85h3OXVtHdKqO+whgIiqgOdEePWF305EbOPJW8zTLMf4lzH/3ckKIi6CNCIiAIiIAiIgCIVGtLtJGWKh1YiDWSjEbfNHnLzKSit2bKqpWzUILlmJpbpdHZ4jSUha+tcMEjdH+K5TPPLUzOlmeXvcclzjtKTTSVEz5ZXl73nLiTnJVtRVtrse7Ljh4cMaGy7+WERFqOwIiIAiIgCIiAIiIAiIgCuQTy00zZoXlj2nIIKtohhpNbM63ojpdHeIxS1ZDaxo2HhIPFS4bQvnqCaSnmZNE8skYchw3hdi0S0lZfaDVkIFXEAJG9PWpHHv6vhl3Kvqenql+1r+X8EkRMoushwiIgCIqFAY1xroLdb5qyodiKFpc7wXC7rd5rzc5qqoJDnHLW52NbwAUv5TL2XzxWaF3NjxLPg/eP2R6NveFzxwJbluxzdo6xxC5clOS2R503V4UaiqpfK+N/RmQi8RyCRvWvajT6GuQiIgCIiAItrbNHLpdsOpqZwiP7WTms9PHuUlpOTeZwBrLixnS2KPW9pI9y2xpsl2RyW5+PU9pS5IKi6R/RvQY/X6rPY3wWLPya4BNPcnH918YHtC9PGsS7HOtWxX5f+iAopVU6E1FIMzSSanntAIWMNGWEfrT/AFQuKy+Nb2nx/g3xzqZdmR5FI/ovH/in+qF6GisZ/tUnqha/fKvUz75URpFJhopGf7XJ6oXr6Jxf4uT1QnvtPqZ98qIus+z3Wez3KKsgcctPObn7Q4hboaIxndVy+qF7GhjDvrJB/KFhZ9Ke6Z5nlUTi4y7M6nb62G40UNXA7WjkbrDwWWonofTG0xSUDqh0rHHXZrDGDxH56FLMqfxsiGRWpxZUMitV2OK7eAiIug0hWKypjo6Sapl/RxML3dgGVfUQ5R691How6Fhw6qkbF143n3Y71h9jVfZ7KuU/Q5JX1klwuFRWS/pJpC89WTuVgEg5G8KiLnKY5Nvd9zy4aj8t2B20eH56VkMeHjrVnGu0szv2jtXhhIOdxXFbDpfB9X/Tup++4qUn8ceH/wBMtF5Y/WHWvS07liPcUUk8rYomOfI84a1oySepdI0e0Hgo2sqbm1s9RvER2sZ29J9i96FaOC30jbjVM/rcwywEfo2n4n8FTSnSv5C51DQOHyjdJJv1OodalsDAldJJLn8FW1bV+neFb2X5N3c79brO3VqJh5TGyJm13o4KLVfKDO5xFHRsa3gZTknuGMe1Q173yyOke4ue45c5xySV5Vso0umC3nyyn2Ztkvl4RKPp5ds51KbHRqHxWZScoMwcBWUTHN86I4I7jvULRdEsDGlx0GpZNye/Udetl/t13binmAkxtifscO7j3K1cLJHMDLTARyb9UfZd4LlDHvie18bnNe05DmnBC6DotpWa5zaGvcBUbo5T+06j1qC1LRouDaXVH+USWJnvq2fDMUxvY8scwhwOCCNoV5kEh+7jtUlr6QSsMjGjyg344hafivnGfiyxbOnw+xZabVZHfyY7abH2nehXRGwfdz2r2i4N2bgiIsA9RyGKVsjd7TlS2KQSxNkbucMhRAqQ2aXylFqE5LDjuU9oVzVkqn2fJw5sPhUjZIiK0EaFy3lUqy+5UFJwjidIR0lxx/2+1dRXGuUaYy6WyM/uoWN9mfivE+xG6rLbHa9WiJoiLSVcKjxt1+nY7tVVUY2g7jsK8Th1LYltG1F4GVG39r4f2KNOFItErY2732GOQAxRfWyAjeBw7zj2qOAEEtO8LpXJpSNbR1tYRznvEQONwAz8R6Fy0w6rEmfVMzJUMV2Qfdcf5JJpJdvme0STNP1z+ZF1OPHuXJnOc97nuJLnHJJOSSpZp9VukusFLrcyGPWx1u/ABRJX7TKFXQpPvLk+bZlnXZt4QREUkcgREQBVY9zHBzCWuacgjeCqIsdwdb0bu3zvaI5nH69nMl/iHHv2K1XwiGoOBzXbQovoDVujus9LnmSx6wHWP/pU0ujMwtd0FfPv1LhKMZ7eOUWbTL3LZvzwalERUEngiIgC2lieRPJH0tB9C1azrQ7VuDR5wI+PwXbp0+jKg/r+TTkLepklREV5IU8rienufppcM/5f/Tau2rjHKHEY9L6hx/aRsf8A8uPgvFnYitX/AKC+5FURFpK0EREAO0a3Fu/s/BdX5OsfRp/+8O9wXKQcHPsXTeTWcG01dNnJjmDwOpw2f6T6F5hHazqLnpWpO7BeLN8xaa+3p/g0OmJcdKavO4BgHqBaJSnTymMV8ZNjmzRA56xs8FFle8N748GvQiL01bL7hERdRpCIiAIiIZN9oaSNKKTHEPB9QrpFw/VT2+KgWgdMZL4+fGRDEdvQTs8VO7m4Npw3iSqb+pZrpn/aTmlRfH3NOiIvmJZwiIgCy7X/ALTh7T7isRZtpbrXKM+aCfZhdWEt8mH3Rqu/py+xJkRFfCEC5RypUxZeqSoxzZYNXPW0/wDsF1dQjlNofL6PxVbW5dTTAk9DXbPfqrzNbo4tRr68eX05OSIiLQVIIiIApToHdW0F+bBKcR1Q8nnodw8O9RZVa4scHNJDgcgjgsp7G2i502KcfB2PS60m52cvjbmenPlG4G0jiPz0Lly6lonpAy+2xuu4CrhGrM3O0/vd6j2leiz4JX3Cgj1oXHWkjaNrD0jqVi0rNjFeym/sWHIgroK+vkhyIisBHhERAERTHRTRZ88rLhXxlsLSHRROG156T1LRfkQoh1zNldcrJdMSQaI2p1ts4fK3E9QddwxtA4D0be9ZFymD5tQbmrYVVUynaW555GQOgdK0bnFzi4naV8w/UOc7H0eXyy2afR0rf0KIiKqkoEREAWzsjNare/g1nvP4LWLfWOLVpnyEbXu2dg/JUnpFXXlRfpyc2XLpqf1NqiIrmRAWFdaFtztlTRP2NmjLM43EjYVmqhQxJKS2Z85TwyU1RJBK3VkjcWOB4EHBVtTblHsporw25RMxDVfbxuEg8Rt9KhK52tmUzIpdNjgwiIsGkIiIDMtlzqrTXMq6STUkado4OHQRxC65o/pRRX6EBjhFVAc+Bx29o6QuLr0yR8T2vje5j2nIc04IK9Rk0duJmzx3suV6HXrvobQXFzpoD8lnPFg5rj1jwUTqtCrxTn6uJlQ3pjePccKzauUG6UTWx1jGVsY4uOq/1uPeFKaXlFs02BM2opyd+szWHsypOjVLq10p7r6kqrsO/lvpZDvo7eM4+bqj1NizqXQu8VBHlImU7emR49wypgNONHcZ+ccf8GT/AMVg1nKLZKcEQmoqT+5Hqg+thdEtZta4SR69niLvP+UZVo0NobcWzTn5VO3cXDmtPUPHKvaQ6VUdhi8kPr65+yOmZvJO7PQFArvyjXSua6KiY2iiOzWadZ/p4dw71a0Ntj66vku1UTI2F3MLzkvkPHuUNmZ0ul22PfY2U3xssVGMu/n8k1pm1DYdasfr1cvPmPAO80dAG5XkRUO62Vs3OXdluqrVcFFeAiItRsCIiABpcQ1oy4nAHSVLaaIQU0cQ26oxnpWjs9L5eqMrhlke3+bh+exSHCtOiY3RW7X3l2+xGZtm8uleCqIinTiCoqogNbfbRFe7RPQy4GuMsd5rhuK4NWUk1DWTUtQwtmicWuB6fztX0Udyg+nuihulN85UUeayFvPaN8jPiRwXicd0RWp4ntodcO6/lHJkRFpK0EREAREQBERAFakPO7FdVknJyh7h33LlJSy11XDSwNzLK4Nb1dfoXWaKjit9FDRwY8nE3GfOPE95Ua0KtPkYH3SVuHygshBG5vF3fuUtVb1bKU5exj2Xf7l40LB9lV7aa5l+AiIoYnwiIgCq1jpJGsYMuccAdJVCQNp3LeWmgMbflEo+scOa0/dHiuzBxJZNqiu3lmm61Vx38mfR0wpKdsQ2kbSek8SshUVVeIQUIqMeyIZvd7sIiL0YCIiAIiIDmum2hLnOku1qjyTzp4Gjf0ub8Qub5X0jgKC6W6Ax3F7661BsVWec+Lc2U9PUff7VrlDyiEz9N6n7Srv5RyhFdqKaekqHwVMT4pWHDmPGCFaWogWmnswiIhgIiICjvslZVmtb7tc4qUZDDzpHD7rBvKxH7l0PRW0/NtrE0jcVFSA93S1v3W/FcuZkrHqcvPgldJwnlXqL+Vcs3jGMijZHG0NjY0Na0cANwXpEVNk3J7s+iJJLZBERYMhO3cgBc4NaC5x3NAySt1QWgMImqcF42tZvDfErsxMK3JltFcepptujWue5atdsLyKiobho2sYfeVvQmFVXLFxoY0OiBE2WOyXUwiIug1hERAEREAREQBUwqogNRe9HLdfoNSshBkA5kzdj2dh+B2Lmd85PbrbC6WjHy6nB2eTGJGjrbx7vQuxleSMrDimcmRhVX/MufU+cHNcx7mPaWvacOa4YIPWFRd+udgtV3biuoopnYxr4w8fzDaFEa/ktpJATb6+aF3BsrRI3szsPvWt1shrdItj8j3Ry9FMKnk2v0AJj+SzjoZLgn0gLVTaHaRwEh1oqD/AWv/0krz0s4pYd8e8GeNGbV86XUPlbmmp8PkyNjjwb3+4Lo52kkrCstjqLVbY6f5LMZDz5Xah2uPwG7uW0bQ1r/s0kvfge8qsagr8i3aMHsu3H8l50nGrxMdKT+J8v/hYRZzbPWu3tjZ/E7wWVFYW4zNUOcehg1fFaKtKyrP27fckJZVUfJpsjIHE7h0rOprVU1OHOHkY+lw5x7B4rewUVNTbYoWtPnbz6VkAbFL42hwjzc9/p4OSzNk+IrYxqSghox9W3nHe87SVk4VUU3CEYLpitkcbbb3YREXswEREAREQBERAEREAREQBERAEREAREQBERAEREAREQBERAEREAREQBERAf/9k=', 1, 'local', '2026-06-18 05:53:32', '2026-06-08 11:49:25', '男', '15200000000', 0);
INSERT INTO `users` VALUES (6, 'abc', '阿波次', 'abc@qq.com', '$2b$12$2kuYVJhZC1ywFB/kklvMS.K9svG1ju/WTcg1N4JoJHvH1ad5HZntK', NULL, 1, 'local', NULL, '2026-06-09 00:01:49', '男', NULL, 0);
INSERT INTO `users` VALUES (7, 'a1', 'a1', 'a1@gmail.com', '$2b$12$3U4apW0VaIFJI3aabI8.Kep4E7rQ8W1sSnd0VTJXCqmiSZkenj2Ki', NULL, 1, 'local', '2026-06-16 01:23:44', '2026-06-10 00:47:11', NULL, NULL, 0);
INSERT INTO `users` VALUES (8, 'a2', 'a2', 'a2@gmail.com', '$2b$12$Ab7Ti7WCQI0kv4.XKeQ9zOQ1lQJIEb3Fl6yCvajyT1ibdxtygcD6S', NULL, 1, 'local', NULL, '2026-06-10 00:47:44', NULL, '13311111111', 0);
INSERT INTO `users` VALUES (9, 'a3', 'a3', 'a3@gmail.com', '$2b$12$ccM37V0Qnb7X2LZctdsxJeUErvydAQGrCUBZ2DhpO14IQc95mNlLq', NULL, 1, 'local', NULL, '2026-06-10 00:48:15', '男', NULL, 0);
INSERT INTO `users` VALUES (10, 'a4', 'a4', 'a4@gmail.com', '$2b$12$BQJNC6nQNXQwEWQcuHR5d.ChgOss9FLxF96H/bOFPBxV5y/chgXE6', NULL, 1, 'local', NULL, '2026-06-10 00:48:39', NULL, NULL, 0);
INSERT INTO `users` VALUES (11, 'a5', 'a5', 'a5@gmail.com', '$2b$12$KCrAv3DuLgHiiDcAWPq3u.absHy3WYLlVQLy8UO5BYT1ROerA4BDK', NULL, 1, 'local', '2026-06-16 01:31:28', '2026-06-10 00:49:11', NULL, NULL, 0);
INSERT INTO `users` VALUES (12, 'js1', 'js1', 'js1@qq.com', '$2b$12$JdQxms3WFFE2yiGft7IIO.15VSGxC/UZyg57gJZuexbZaFqrrfBXq', NULL, 1, 'local', '2026-06-18 05:45:51', '2026-06-18 05:30:01', NULL, NULL, 0);
INSERT INTO `users` VALUES (13, 'js2', 'js2', 'js2@qq.com', '$2b$12$.kNKYxTYypW0zpTs/KEyoOz5GJKktG1q4oofmJZSB2qEuYJu52vRe', NULL, 1, 'local', '2026-06-18 05:33:04', '2026-06-18 05:30:36', NULL, NULL, 0);
INSERT INTO `users` VALUES (14, 'js3', 'js3', 'js3@qq.com', '$2b$12$DxZzIVxwwsL.rcTkebaToOQOKt8Gv6uDhmjlhlj/b5mkVHbxyHC4K', NULL, 1, 'local', NULL, '2026-06-18 05:30:57', NULL, NULL, 0);
INSERT INTO `users` VALUES (15, 'js4', 'js4', 'js4@qq.com', '$2b$12$V.i1E/3DbbOzcL4Wl01NFuosr5pXy0d/twftnZVqOmVg.UJ.EpvzS', NULL, 1, 'local', NULL, '2026-06-18 05:31:19', NULL, NULL, 0);

-- ----------------------------
-- Table structure for watch_directories
-- ----------------------------
DROP TABLE IF EXISTS `watch_directories`;
CREATE TABLE `watch_directories`  (
  `id` int NOT NULL AUTO_INCREMENT,
  `name` varchar(100) CHARACTER SET utf8mb4 COLLATE utf8mb4_unicode_ci NOT NULL,
  `fs_path` varchar(500) CHARACTER SET utf8mb4 COLLATE utf8mb4_unicode_ci NOT NULL,
  `description` varchar(255) CHARACTER SET utf8mb4 COLLATE utf8mb4_unicode_ci NOT NULL DEFAULT '',
  `is_active` tinyint(1) NOT NULL DEFAULT 1,
  `last_scan_at` datetime NULL DEFAULT NULL,
  `created_by` int NULL DEFAULT NULL,
  `created_at` datetime NOT NULL,
  `require_approval` tinyint(1) NOT NULL DEFAULT 0,
  `kb_id` int NULL DEFAULT NULL,
  `scan_total` int NOT NULL DEFAULT 0,
  `scan_done` int NOT NULL DEFAULT 0,
  `scan_failed` int NOT NULL DEFAULT 0,
  PRIMARY KEY (`id`) USING BTREE,
  UNIQUE INDEX `uq_watch_directories_fs_path`(`fs_path` ASC) USING BTREE,
  INDEX `fk_wd_created_by`(`created_by` ASC) USING BTREE,
  INDEX `ix_watch_directories_kb_id`(`kb_id` ASC) USING BTREE,
  CONSTRAINT `fk_watch_directories_kb_id` FOREIGN KEY (`kb_id`) REFERENCES `knowledge_bases` (`id`) ON DELETE SET NULL ON UPDATE RESTRICT,
  CONSTRAINT `fk_wd_created_by` FOREIGN KEY (`created_by`) REFERENCES `users` (`id`) ON DELETE RESTRICT ON UPDATE RESTRICT
) ENGINE = InnoDB AUTO_INCREMENT = 3 CHARACTER SET = utf8mb4 COLLATE = utf8mb4_unicode_ci ROW_FORMAT = Dynamic;

-- ----------------------------
-- Records of watch_directories
-- ----------------------------
INSERT INTO `watch_directories` VALUES (1, 'scandir', '/home/shjc/scandir', '', 1, '2026-07-13 00:50:56', 1, '2026-06-17 10:43:30', 0, 5, 24, 24, 0);

SET FOREIGN_KEY_CHECKS = 1;
